Date,Open,High,Low,Close
2002-08-28,4.802141446210642,4.827752842832145,4.802141446210642,4.811745643615723
2002-08-29,4.802143096923828,4.805344598929999,4.802143096923828,4.802143096923828
2002-08-30,4.802143096923828,4.805344598929999,4.802143096923828,4.802143096923828
2002-09-03,4.802142603089905,4.808545606443787,4.802142603089905,4.805344104766846
2002-09-04,4.802143096923828,4.805344598929999,4.802143096923828,4.802143096923828
2002-09-05,4.805342947116313,4.827752842832145,4.802141446210642,4.811745643615723
2002-09-06,4.824553000342955,4.824553000342955,4.802143096923828,4.802143096923828
2002-09-09,4.802142586115773,4.818149789131892,4.802142586115773,4.8085455894470215
2002-09-10,4.805344087781397,4.811746785800643,4.802142586115773,4.8085455894470215
2002-09-11,4.8085455894470215,4.811746785800643,4.802142586115773,4.8085455894470215
2002-09-12,4.805344087781397,4.8085455894470215,4.802142586115773,4.8085455894470215
2002-09-13,4.818150301642648,4.818150301642648,4.802143096923828,4.802143096923828
2002-09-16,4.802142586115773,4.818149789131892,4.802142586115773,4.8085455894470215
2002-09-17,4.818152657420198,4.834159869965551,4.818152657420198,4.830958366394043
2002-09-18,4.821350146332734,4.824551341926474,4.808544448021983,4.811745643615723
2002-09-19,4.818150790335343,4.824553489685059,4.818150790335343,4.824553489685059
2002-09-20,4.811746802808724,4.818149806162605,4.805344104766846,4.805344104766846
2002-09-23,4.811746546810729,4.82455224752519,4.808545350616105,4.821351051330566
2002-09-24,4.811746785800643,4.866171092868249,4.8085455894470215,4.8085455894470215
2002-09-25,4.808546096134303,4.827754497528076,4.805344594131329,4.827754497528076
2002-09-26,4.808545350616105,4.827753749031803,4.808545350616105,4.821351051330566
2002-09-27,4.818148612976074,4.818148612976074,4.808544415635679,4.818148612976074
2002-09-30,4.80854610093617,4.8277545023491255,4.802143096923828,4.802143096923828
2002-10-01,4.827754497528076,4.827754497528076,4.802143092128355,4.827754497528076
2002-10-02,4.82775499201595,4.82775499201595,4.824553489685059,4.824553489685059
2002-10-03,4.805344087781397,4.850163889852129,4.805344087781397,4.8085455894470215
2002-10-04,4.802147136856006,4.83416157322663,4.802147136856006,4.814952850341797
2002-10-07,4.802143096923828,4.814948799636477,4.802143096923828,4.802143096923828
2002-10-08,4.802142586115773,4.814948287466268,4.802142586115773,4.8085455894470215
2002-10-09,4.80214379866757,4.808546803615592,4.792539596557617,4.792539596557617
2002-10-10,4.792540568675161,4.792540568675161,4.789339065551758,4.789339065551758
2002-10-11,4.7925388962173505,4.818150301642648,4.7925388962173505,4.802143096923828
2002-10-14,4.818150301642648,4.818150301642648,4.802143096923828,4.802143096923828
2002-10-15,4.802146457528191,4.802146457528191,4.7765350341796875,4.7765350341796875
2002-10-16,4.776531731024556,4.776531731024556,4.7701287269592285,4.7701287269592285
2002-10-17,4.738117714296277,4.7637291366455345,4.722110498999931,4.7349162101745605
2002-10-18,4.734914392517686,4.734914392517686,4.578044414520264,4.578044414520264
2002-10-21,4.546031265286267,4.546031265286267,4.369952526090601,4.53002405166626
2002-10-22,4.5541631854853515,4.5541631854853515,4.5219784699438,4.5316338539123535
2002-10-23,4.509104110736719,4.570255279541016,4.377146083101845,4.570255279541016
2002-10-24,4.5058848542501915,4.5058848542501915,4.393237610118319,4.489792346954346
2002-10-25,4.505882254997754,4.534848690032959,4.44151256988556,4.534848690032959
2002-10-28,4.60243693613548,4.60243693613548,4.505882254997754,4.534848690032959
2002-10-29,4.505884170532227,4.534850617881602,4.473699160824253,4.505884170532227
2002-10-30,4.534849959368449,4.534849959368449,4.457606315612793,4.457606315612793
2002-10-31,4.441512023551457,4.518755636184636,4.441512023551457,4.473696708679199
2002-11-01,4.473699160824253,4.521976675386213,4.473699160824253,4.505884170532227
2002-11-04,4.505885958703463,4.5316338539123535,4.49623057473491,4.5316338539123535
2002-11-05,4.505882344188221,4.570252030574563,4.499445222080149,4.53806734085083
2002-11-06,4.58634944076941,4.58634944076941,4.554164409637451,4.554164409637451
2002-11-07,4.586347789312387,4.6346250116874055,4.554162769769644,4.570255279541016
2002-11-08,4.602440299083758,4.602440299083758,4.5380705669373675,4.570255279541016
2002-11-11,4.586344528905868,4.618529525568477,4.489789845856916,4.53806734085083
2002-11-12,4.505882344188221,4.554159532243259,4.476915908579648,4.53806734085083
2002-11-13,4.505881791552982,4.505881791552982,4.47691535949707,4.47691535949707
2002-11-14,4.5058825414001555,4.528411855886711,4.460823605488153,4.521975040435791
2002-11-15,4.538068302790116,4.5445051193237305,4.505883299305216,4.5445051193237305
2002-11-18,4.512319663789965,4.576689352993618,4.5058825414001555,4.521975040435791
2002-11-19,4.570252230603808,4.570252230603808,4.521975040435791,4.521975040435791
2002-11-20,4.521979685444697,4.58634944076941,4.521979685444697,4.554164409637451
2002-11-21,4.507241580654432,4.578425358913098,4.478120803833008,4.478120803833008
2002-11-22,4.513712692962342,4.523419515711372,4.455471447893826,4.478120803833008
2002-11-25,4.465182781219482,4.523424085121393,4.432826261271476,4.465182781219482
2002-11-26,4.432826790725856,4.5234246253967285,4.432826790725856,4.5234246253967285
2002-11-27,4.497534999714129,4.529891490936279,4.455471993129452,4.529891490936279
2002-11-29,4.497538423886947,4.497538423886947,4.4878315925598145,4.4878315925598145
2002-12-02,4.513717252566848,4.513717252566848,4.403705455033199,4.465182781219482
2002-12-03,4.416645289015286,4.481358289170748,4.390760212382884,4.449001789093018
2002-12-04,4.481357114855988,4.529891543679952,4.400466194433132,4.442529201507568
2002-12-05,4.387527286776585,4.48136081969843,4.3842915732267835,4.432826042175293
2002-12-06,4.423118830881312,4.48136043548584,4.416647404336541,4.48136043548584
2002-12-09,4.4748893925988265,4.4748893925988265,4.419883496550715,4.432826042175293
2002-12-10,4.471652892432162,4.471652892432162,4.342227458953857,4.342227458953857
2002-12-11,4.364873743083497,4.377816277270223,4.290454248653413,4.335752964019775
2002-12-12,4.3357568705042855,4.384291648864746,4.261337309022732,4.384291648864746
2002-12-13,4.368111185563586,4.381053724881536,4.319576740264893,4.319576740264893
2002-12-16,4.2936934622013,4.319578551692184,4.241922974644924,4.27104377746582
2002-12-17,4.248391924810309,4.267805576324463,4.196621776006664,4.267805576324463
2002-12-18,4.267805576324463,4.332518570903447,4.20632860176374,4.267805576324463
2002-12-19,4.24665575355589,4.3735671043396,4.230384980026412,4.3735671043396
2002-12-20,4.386583821165389,4.386583821165389,4.282451363319556,4.344280242919922
2002-12-23,4.314991708156408,4.344279031342398,4.223875522613525,4.223875522613525
2002-12-24,4.230384084675794,4.295466854679904,4.230384084675794,4.262925624847412
2002-12-26,4.246653611542183,4.2791948318481445,4.230382846219685,4.2791948318481445
2002-12-27,4.246655106814873,4.328008651733398,4.246655106814873,4.328008651733398
2002-12-30,4.311738251727911,4.3898375870891275,4.269434367489125,4.347533702850342
2002-12-31,4.3865826437871664,4.389836859806204,4.301975199666042,4.311737537384033
2003-01-02,4.3247544354552625,4.37356643827072,4.3247544354552625,4.328008651733398
2003-01-03,4.344279796631337,4.393091803647304,4.328009024179623,4.347533702850342
2003-01-06,4.314988130240333,4.406103929892399,4.311733916953758,4.393087387084961
2003-01-07,4.406108987724358,4.438650537267267,4.344280415999891,4.360550880432129
2003-01-08,4.360548929994781,4.425631999969482,4.360548929994781,4.425631999969482
2003-01-09,4.425628899272986,4.4516619848878625,4.367054301470085,4.393087387084961
2003-01-10,4.406108651398557,4.409362868172291,4.347533990828111,4.3735671043396
2003-01-13,4.406108987724358,4.406108987724358,4.311738866456982,4.360550880432129
2003-01-14,4.360548873189933,4.360548873189933,4.295466114402142,4.337769985198975
2003-01-15,4.337769985198975,4.341024200723132,4.2726872264111835,4.337769985198975
2003-01-16,4.301973595246877,4.311735929324009,4.266177853065714,4.269432067871094
2003-01-17,4.311737174189455,4.321499511085126,4.266179084777832,4.266179084777832
2003-01-21,4.2661808064034314,4.3215012550354,4.2661808064034314,4.3215012550354
2003-01-22,4.346041612457551,4.3493143091238515,4.260953683844479,4.293679714202881
2003-01-23,4.319866011014583,4.319866011014583,4.270776748657227,4.270776748657227
2003-01-24,4.287136209009019,4.303499074152772,4.27077303176362,4.30022668838501
2003-01-27,4.300226721836801,4.300226721836801,4.254409887613599,4.283863544464111
2003-01-28,4.2904115596057455,4.296956959867671,4.257685494601703,4.260958194732666
2003-01-29,4.290412567865412,4.296957969665527,4.267504285768882,4.296957969665527
2003-01-30,4.2969539905156005,4.310044469891591,4.2969539905156005,4.30022668838501
2003-01-31,4.326406056662816,4.326406056662816,4.267498765075546,4.293679714202881
2003-02-03,4.28059032263022,4.319861756256911,4.274045239743244,4.306771278381348
2003-02-04,4.329683593545191,4.39513635635376,4.329683593545191,4.39513635635376
2003-02-05,4.362403786027479,4.418038368225098,4.362403786027479,4.418038368225098
2003-02-06,4.388584729167364,4.480218030156956,4.385312033249512,4.418038368225098
2003-02-07,4.4671331990454615,4.47367859914576,4.352591506206928,4.411498546600342
2003-02-10,4.411496861276136,4.411496861276136,4.329681263889546,4.385315895080566
2003-02-11,4.411492976389396,4.418038368225098,4.388584729167364,4.418038368225098
2003-02-12,4.368950902046364,4.467129321515787,4.368950902046364,4.4213128089904785
2003-02-13,4.421311064142948,4.463855174770624,4.391857425085214,4.418038368225098
2003-02-14,4.418041411412473,4.4474950707581575,4.385315053894673,4.408223628997803
2003-02-18,4.483494771975324,4.483494771975324,4.290409908003027,4.346044540405273
2003-02-19,4.362410355112248,4.368955756804266,4.29695789870172,4.319866180419922
2003-02-20,4.344549753071951,4.374171733856201,4.295179994355048,4.374171733856201
2003-02-21,4.3280919107123195,4.374170570104698,4.314926624298096,4.314926624298096
2003-02-24,4.344546511897062,4.370877072087314,4.31821595170681,4.3577117919921875
2003-02-25,4.357716757189693,4.4070868492126465,4.3445514620939845,4.4070868492126465
2003-02-26,4.407085115590984,4.407085115590984,4.370880332905669,4.374171733856201
2003-02-27,4.367589699038573,4.410376660294153,4.367589699038573,4.3840460777282715
2003-02-28,4.39062781988053,4.410375595092773,4.374171131280175,4.410375595092773
2003-03-03,4.410375490549255,4.436706066131592,4.377462428013944,4.436706066131592
2003-03-04,4.426832283693128,4.49265872420932,4.410375595092773,4.410375595092773
2003-03-05,4.492658617715362,4.505823905506531,4.377462428013944,4.436706066131592
2003-03-06,4.436706066131592,4.439997466550689,4.393919116224209,4.436706066131592
2003-03-07,4.403791142485819,4.443286989167766,4.403791142485819,4.416956424713135
2003-03-10,4.4334140359305465,4.492657661437988,4.416957351223142,4.492657661437988
2003-03-11,4.492658345742529,4.555193694378781,4.443288597985658,4.5519022941589355
2003-03-12,4.542027473449707,4.551901358193766,4.476201052014087,4.542027473449707
2003-03-13,4.542029304605988,4.558485995070827,4.502533435821533,4.502533435821533
2003-03-14,4.551901600830583,4.551901600830583,4.453161806471309,4.492657661437988
2003-03-17,4.476201290615737,4.492657661437988,4.459744605908332,4.492657661437988
2003-03-18,4.49595174310221,4.53544762162915,4.4926603414202955,4.52557373046875
2003-03-19,4.518987194772919,4.5387352746686815,4.4762002637880824,4.509113311767578
2003-03-20,4.5471731739469,4.55048269165158,4.5008411885333,4.504150390625
2003-03-21,4.5008449357311395,4.5008449357311395,4.454512596130371,4.454512596130371
2003-03-24,4.451198027517405,4.55048131942749,4.451198027517405,4.55048131942749
2003-03-25,4.5769580219761234,4.5769580219761234,4.47105598449707,4.47105598449707
2003-03-26,4.5008410922867155,4.5008410922867155,4.441271037328249,4.444580554962158
2003-03-27,4.4677510261535645,4.4842983152990135,4.434656447862666,4.4677510261535645
2003-03-28,4.477676599341336,4.504152119917642,4.477676599341336,4.48098611831665
2003-03-31,4.530629673031731,4.530629673031731,4.428037063676572,4.454512596130371
2003-04-01,4.434651704735533,4.480984001664949,4.434651704735533,4.47767448425293
2003-04-02,4.4445825087131245,4.471058030196566,4.434653951446999,4.447891712188721
2003-04-03,4.4677510261535645,4.4677510261535645,4.424728200620713,4.4677510261535645
2003-04-04,4.4677510261535645,4.497536083492714,4.441275489766162,4.4677510261535645
2003-04-07,4.457820014479673,4.4876050533482,4.434653697796878,4.441272735595703
2003-04-08,4.454509624574875,4.457819142827167,4.401558594990341,4.414796352386475
2003-04-09,4.41479513125321,4.4346516040485895,4.401557377518642,4.418104648590088
2003-04-10,4.4512037370081154,4.471060547105312,4.428037721572461,4.4677510261535645
2003-04-11,4.467747957093845,4.487604753550681,4.424725161114928,4.464438438415527
2003-04-14,4.464440841897234,4.46775036235727,4.434655788983401,4.454512596130371
2003-04-15,4.464435722793259,4.487602023836839,4.441269737362559,4.484292507171631
2003-04-16,4.484292507171631,4.490911224889167,4.464435722793259,4.484292507171631
2003-04-17,4.461127342229348,4.543863386252411,4.461127342229348,4.50745964050293
2003-04-21,4.543863386252411,4.543863386252411,4.500840921099824,4.50745964050293
2003-04-22,4.525764137147451,4.53907519507127,4.505797391581396,4.512453079223633
2003-04-23,4.542399078322585,4.542399078322585,4.475843842083798,4.535743713378906
2003-04-24,4.535750384443688,4.54240575917592,4.492489337921143,4.492489337921143
2003-04-25,4.52576002005414,4.539071065868872,4.505793292651858,4.529087543487549
2003-04-28,4.542398798021239,4.592315460140383,4.535743433488247,4.559037685394287
2003-04-29,4.588987619193698,4.588987619193698,4.535743433488247,4.559037685394287
2003-04-30,4.605627334047378,4.605627334047378,4.542399614141918,4.575677394866943
2003-05-01,4.598971843719482,4.608955368771702,4.572349744967799,4.598971843719482
2003-05-02,4.605628159930224,4.605628159930224,4.569022531096475,4.595644950866699
2003-05-05,4.608960304753435,4.608960304753435,4.562371423363241,4.592321395874023
2003-05-06,4.602304461397344,4.608960151672363,4.569026644743803,4.608960151672363
2003-05-07,4.608958892836221,4.628925323486328,4.595647833282586,4.628925323486328
2003-05-08,4.628921444378005,4.6921491622924805,4.598971506140666,4.6921491622924805
2003-05-09,4.7187734660652225,4.758706629938313,4.662201404571533,4.662201404571533
2003-05-12,4.702137777862933,4.722104214747172,4.662204586733662,4.672187805175781
2003-05-13,4.7087883949279785,4.7220994451929155,4.665527719587287,4.7087883949279785
2003-05-14,4.725429863498116,4.738740921020508,4.705463435894851,4.738740921020508
2003-05-15,4.742066520933588,4.7587054143037,4.725427627563477,4.725427627563477
2003-05-16,4.725427349799434,4.755377292633057,4.712116299357877,4.755377292633057
2003-05-19,4.755378539331563,4.762034224977473,4.71877322036073,4.732084274291992
2003-05-20,4.765361941794745,4.841900742993369,4.712117723931653,4.7620344161987305
2003-05-21,4.807200127496437,4.847343723164721,4.730258315557127,4.817235946655273
2003-05-22,4.830613178759513,4.867411683847955,4.803850803622105,4.850685119628906
2003-05-23,4.89417111146113,4.89417111146113,4.820574464640647,4.867408752441406
2003-05-27,4.803850400215272,4.847339335919713,4.757016407174066,4.810541152954102
2003-05-28,4.827272084847049,4.833962524608627,4.783783109781506,4.817235946655273
2003-05-29,4.817231587181947,4.817231587181947,4.783778780582128,4.787124156951904
2003-05-30,4.840647405308118,4.840647405308118,4.760359992433223,4.767050743103027
2003-06-02,4.817232021761099,4.833958586086296,4.77374340116134,4.790469646453857
2003-06-03,4.8306127731052895,4.833958149474705,4.777088027325254,4.810541152954102
2003-06-04,4.8306127731052895,4.833958149474705,4.777088027325254,4.810541152954102
2003-06-05,4.8272660946766095,4.833956526136009,4.787122548822584,4.800503730773926
2003-06-06,4.833958555409858,4.86406630719761,4.787124558435733,4.850685119628906
2003-06-09,4.864066420282541,4.8975195494983925,4.833958667794811,4.854030609130859
2003-06-10,4.894172484478062,4.897517860052164,4.854028934686558,4.88413667678833
2003-06-11,4.897520682983208,4.897520682983208,4.867412923527323,4.887484550476074
2003-06-12,4.900865005839366,4.917591571807861,4.867412192935085,4.917591571807861
2003-06-13,4.930973538442854,4.930973538442854,4.870758338105489,4.907556533813477
2003-06-16,4.927627383775875,4.951044703744853,4.887483816871112,4.917591571807861
2003-06-17,4.9175930795808815,4.951046221774872,4.870759063348665,4.900866508483887
2003-06-18,4.867410235873266,4.9108991622924805,4.857374427940396,4.9108991622924805
2003-06-19,4.909219570253989,4.942844168549925,4.848694844381915,4.855419635772705
2003-06-20,4.821791579939738,4.89912838916878,4.821791579939738,4.892403602600098
2003-06-23,4.902490942788503,4.902490942788503,4.845328813936271,4.892403602600098
2003-06-24,4.899131355234963,4.902493910890468,4.774719682019914,4.794894695281982
2003-06-25,4.835244940929342,4.8621447478344875,4.808345134024196,4.855419635772705
2003-06-26,4.875594292184016,4.926031346248566,4.845331931476898,4.912581443786621
2003-06-27,4.915945768351619,4.926033118659814,4.875596046447754,4.875596046447754
2003-06-30,4.919308325344712,4.919308325344712,4.841971117858991,4.875596046447754
2003-07-01,4.892406707001925,4.909219165097863,4.841969332714111,4.905856609344482
2003-07-02,4.905857662183433,4.909220218658447,4.882320408200403,4.909220218658447
2003-07-03,4.919309426318099,4.919309426318099,4.885684490203857,4.885684490203857
2003-07-07,4.902498012722183,4.91931048439544,4.858785714640204,4.889048099517822
2003-07-08,4.915947800756536,4.915947800756536,4.848698236447043,4.852060794830322
2003-07-09,4.852055841424017,4.882318194636615,4.841968176572558,4.872230529785156
2003-07-10,4.875596046447754,4.875596046447754,4.845333674852084,4.875596046447754
2003-07-11,4.87895370879197,4.89912838916878,4.86214126136412,4.892403602600098
2003-07-14,4.902493115315959,4.902493115315959,4.858780860900879,4.858780860900879
2003-07-15,4.899131376864828,4.899131376864828,4.7982572721219885,4.848694324493408
2003-07-16,4.841963326121318,4.841963326121318,4.710827021127432,4.741089344024658
2003-07-17,4.764630146977206,4.764630146977206,4.640218530913616,4.680568218231201
2003-07-18,4.680570145735669,4.7074699483583275,4.589783071380992,4.633495330810547
2003-07-21,4.67048120910827,4.690655893868097,4.623406410217285,4.623406410217285
2003-07-22,4.598052988650691,4.665671348571777,4.587909992840198,4.665671348571777
2003-07-23,4.679190913110675,4.69947624206543,4.648762597249054,4.69947624206543
2003-07-24,4.696096641244121,4.696096641244121,4.648763658825078,4.692715644836426
2003-07-25,4.696095014954147,4.699475687761528,4.631857395172119,4.631857395172119
2003-07-28,4.675813516905804,4.675813516905804,4.540576811670897,4.547338485717773
2003-07-29,4.614959030244395,4.614959030244395,4.550721645355225,4.550721645355225
2003-07-30,4.5507158787643025,4.598048849313017,4.503382908215587,4.5710015296936035
2003-07-31,4.706240835972735,4.706240835972735,4.479719161987305,4.479719161987305
2003-08-01,4.523672156848866,4.523672156848866,4.466196476339484,4.4864821434021
2003-08-04,4.449292880659267,4.53043492362106,4.445911881595071,4.496625900268555
2003-08-05,4.52029224885829,4.52029224885829,4.48310222644159,4.496625900268555
2003-08-06,4.489858804553586,4.527049107175884,4.48309713653191,4.506763458251953
2003-08-07,4.5101493544464,4.516911029815674,4.472959011411092,4.516911029815674
2003-08-08,4.550715543113697,4.608191173673047,4.479716253742116,4.581143856048584
2003-08-11,4.608195164288351,4.608195164288351,4.530433816955976,4.547338485717773
2003-08-12,4.6149561874054585,4.64200352463747,4.479719501245399,4.530433177947998
2003-08-13,4.58114782324137,4.6284805088587175,4.496624801862119,4.547338485717773
2003-08-14,4.577765039634254,4.577765039634254,4.361386073218373,4.408719062805176
2003-08-15,4.513530254364014,4.513530254364014,4.513530254364014,4.513530254364014
2003-08-18,4.429005445235732,4.513528447454508,4.429005445235732,4.456052780151367
2003-08-19,4.4560539256565885,4.523672280328136,4.445910930633545,4.445910930633545
2003-08-20,4.422245533005336,4.503387575967129,4.422245533005336,4.496625900268555
2003-08-21,4.471123923751023,4.501724824667393,4.406522274017334,4.406522274017334
2003-08-22,4.399721622467041,4.430322521246556,4.386121259038172,4.399721622467041
2003-08-25,4.362320384111321,4.403121471405029,4.335119659248848,4.403121471405029
2003-08-26,4.403121471405029,4.437122539612229,4.352120193352448,4.403121471405029
2003-08-27,4.471123724063327,4.47452389607068,4.430322632749831,4.443922996520996
2003-08-28,4.515324787739131,4.518724959596146,4.471123526372639,4.47792387008667
2003-08-29,4.505122653711813,4.518723011016846,4.477921939101748,4.518723011016846
2003-09-02,4.522124767303467,4.535725129378107,4.488123699987764,4.522124767303467
2003-09-03,4.522127736509864,4.573129046712414,4.515327388878365,4.55612850189209
2003-09-04,4.5391258773967245,4.583326816558838,4.5221253415799305,4.583326816558838
2003-09-05,4.559525681944173,4.58332623451024,4.522124767303467,4.522124767303467
2003-09-08,4.573129046712414,4.586729417716989,4.508527365505289,4.55612850189209
2003-09-09,4.583325605395382,4.586725776511882,4.4949234261735596,4.505123615264893
2003-09-10,4.471120635105314,4.573123455047607,4.4609204503884925,4.573123455047607
2003-09-11,4.573124913417048,4.583325101386709,4.532323837280273,4.532323837280273
2003-09-12,4.579923175588721,4.60372371146505,4.501720905303955,4.501720905303955
2003-09-15,4.539124011993408,4.6037256324385725,4.505122954332932,4.539124011993408
2003-09-16,4.573127115533244,4.603728018435732,4.542526212630755,4.566327095031738
2003-09-17,4.607127710898823,4.610527882924528,4.56292644733941,4.569726467132568
2003-09-18,4.5255255699157715,4.617327945655752,4.505124861830079,4.5255255699157715
2003-09-19,4.607126162153804,4.607126162153804,4.4983229637146,4.4983229637146
2003-09-22,4.565006112614229,4.582103252410889,4.52055283170743,4.582103252410889
2003-09-23,4.599198927239644,4.650491304975846,4.537648530505876,4.547906875610352
2003-09-24,4.582100184757757,4.582100184757757,4.51371069303583,4.544486045837402
2003-09-25,4.5479058423401915,4.616295337677002,4.513710931618368,4.616295337677002
2003-09-26,4.63339217740665,4.63681173324585,4.6162947243174495,4.63681173324585
2003-09-29,4.650488301796615,4.657327085414298,4.582098508979579,4.599195957183838
2003-09-30,4.671009166390244,4.671009166390244,4.582102616907325,4.585522174835205
2003-10-01,4.602617929945108,4.664168645372275,4.599198373286516,4.633393287658691
2003-10-02,4.647074205982354,4.681268816453536,4.582103891705066,4.6060404777526855
2003-10-03,4.626551997170398,4.667585679443182,4.609454548030058,4.664166450500488
2003-10-06,4.653909478585539,4.657329034879089,4.582100426955178,4.616295337677002
2003-10-07,4.629973236744364,4.660748591172638,4.588939539542278,4.616295337677002
2003-10-08,4.633391536414716,4.64023032104023,4.606035745699161,4.629971981048584
2003-10-09,4.640234781828268,4.643654340481717,4.58552314780133,4.626556873321533
2003-10-10,4.643652305023822,4.708622586532603,4.643652305023822,4.671008110046387
2003-10-13,4.684688572251947,4.701786041259766,4.650493960343407,4.701786041259766
2003-10-14,4.698366482236782,4.701786041259766,4.5992015533199515,4.701786041259766
2003-10-15,4.667588370531317,4.667588370531317,4.599198860646851,4.650491237640381
2003-10-16,4.650489630495851,4.650489630495851,4.582099818139047,4.63681173324585
2003-10-17,4.66074664027649,4.66074664027649,4.599195957183838,4.599195957183838
2003-10-20,4.633393778642538,4.650491237640381,4.599198860646851,4.650491237640381
2003-10-21,4.664164852384397,4.664164852384397,4.616292076415781,4.657325744628906
2003-10-22,4.67280387878418,4.67280387878418,4.624665972973699,4.67280387878418
2003-10-23,4.676241874694824,4.676241874694824,4.64873459655413,4.676241874694824
2003-10-24,4.676239709055808,4.710623626851641,4.6624860763549805,4.6624860763549805
2003-10-27,4.6521725934518265,4.686556853850184,4.6452959381197205,4.679679870605469
2003-10-28,4.693433206576393,4.693433206576393,4.641857147216797,4.641857147216797
2003-10-29,4.659047101210583,4.662485591005972,4.6040325761341006,4.628101348876953
2003-10-30,4.710625335667121,4.710625335667121,4.628103509526732,4.641857147216797
2003-10-31,4.693432500513355,4.693432500513355,4.645294939796063,4.655610084533691
2003-11-03,4.693432785125244,4.762201295313024,4.686556130854002,4.731255531311035
2003-11-04,4.810339920612128,4.813778412462918,4.758763854500792,4.779394149780273
2003-11-05,4.813778412462918,4.813778412462918,4.762202346351582,4.779394149780273
2003-11-06,4.827531805936951,4.827531805936951,4.779393906216937,4.796586036682129
2003-11-07,4.7965843685861795,4.83096861755884,4.769077100573051,4.81377649307251
2003-11-10,4.813775715453269,4.827529347238065,4.762199678238391,4.772514820098877
2003-11-11,4.779394149780273,4.813778412462918,4.769079002140533,4.779394149780273
2003-11-12,4.8069014287613365,4.813778412462918,4.762202346351582,4.779394149780273
2003-11-13,4.806903065053521,4.806903065053521,4.693435418653562,4.710627555847168
2003-11-14,4.724379752084591,4.7450103759765625,4.714064604094927,4.7450103759765625
2003-11-17,4.717503096062362,4.800024935804964,4.717503096062362,4.7450103759765625
2003-11-18,4.77251768693198,4.8481628711443605,4.755325554895624,4.803463459014893
2003-11-19,4.772517313111603,4.882546424865723,4.762202165862809,4.882546424865723
2003-11-20,4.880814649634431,4.880814649634431,4.7874847951277655,4.853161334991455
2003-11-21,4.887734183634768,4.887734183634768,4.777120458707231,4.804773807525635
2003-11-24,4.804772149141756,4.804772149141756,4.714898961328948,4.759835720062256
2003-11-25,4.742547304073588,4.759830705324143,4.718350410461426,4.718350410461426
2003-11-26,4.711440314419321,4.7494635581970215,4.669960322210829,4.7494635581970215
2003-11-28,4.752922377565477,4.756379127502441,4.721812287440438,4.756379127502441
2003-12-01,4.770201400976828,4.770201400976828,4.704524531323123,4.714894771575928
2003-12-02,4.7356388009573624,4.76329214023112,4.711442211506276,4.759835720062256
2003-12-03,4.73563838063943,4.75637854808083,4.67687495748487,4.680331707000732
2003-12-04,4.680331707000732,4.707985043820081,4.673418537622784,4.680331707000732
2003-12-05,4.701071211764265,4.770204544067383,4.676874298217875,4.770204544067383
2003-12-08,4.728724595578486,4.742551262187919,4.6768743485528095,4.701071262359619
2003-12-09,4.7356385452466,4.7356385452466,4.6872453689575195,4.6872453689575195
2003-12-10,4.669961950431223,4.701072037847798,4.656135281540945,4.6872453689575195
2003-12-11,4.6872428236262165,4.7667460441589355,4.659589171208738,4.7667460441589355
2003-12-12,4.707981278074058,4.752917996875668,4.683784710124543,4.714894771575928
2003-12-15,4.704524531323123,4.7494612501247335,4.676871216622674,4.714894771575928
2003-12-16,4.704527092064382,4.732180421816934,4.683787259576814,4.728724002838135
2003-12-17,4.746004616574248,4.78402817243443,4.683784821840942,4.7632880210876465
2003-12-18,4.739097186495406,4.804773807525635,4.739097186495406,4.804773807525635
2003-12-19,4.81859919065317,4.835882611446566,4.787489428809659,4.794402599334717
2003-12-22,4.844790940626766,4.844790940626766,4.778757348555554,4.785708427429199
2003-12-23,4.782219674712649,4.852033035013551,4.747313161010378,4.834579944610596
2003-12-24,4.810143313652069,4.827596730764202,4.782217979431152,4.782217979431152
2003-12-26,4.782223053510155,4.810148417360701,4.775241878995816,4.7787322998046875
2003-12-29,4.782220556325,4.827599332110348,4.719388686919182,4.726369857788086
2003-12-30,4.7996777448673065,4.7996777448673065,4.729864316975846,4.73684549331665
2003-12-31,4.792695089668772,4.7996765972369415,4.72986318603827,4.768260478973389
2004-01-02,4.736839228098104,4.813634063653744,4.736839228098104,4.782217979431152
2004-01-05,4.7542973809370075,4.831092292987593,4.7542973809370075,4.817129611968994
2004-01-06,4.810149669647217,4.841565795382184,4.782224298526509,4.810149669647217
2004-01-07,4.813636648865572,4.848543501836914,4.792692470503482,4.820618152618408
2004-01-08,4.817129029689142,4.848545141407652,4.803166350358309,4.827600955963135
2004-01-09,4.827599804120061,4.886941260341641,4.827599804120061,4.883450508117676
2004-01-12,4.876466751098633,4.879957168575548,4.834578745309141,4.876466751098633
2004-01-13,4.841562480119465,4.890432012565605,4.841562480119465,4.883450508117676
2004-01-14,4.890433728055634,4.8939244815041025,4.803166889223363,4.841564178466797
2004-01-15,4.8415627194642346,4.921848360102103,4.8415627194642346,4.900904178619385
2004-01-16,4.904395475666978,4.956755435843831,4.886942044642525,4.914867401123047
2004-01-20,4.900901817246441,4.956752497094852,4.900901817246441,4.9358086585998535
2004-01-21,4.921849250793457,4.9497746092263295,4.904395818548779,4.921849250793457
2004-01-22,4.948171981199467,4.948171981199467,4.842891662193262,4.89553165435791
2004-01-23,4.920093652266587,4.93062157601423,4.881490707397461,4.881490707397461
2004-01-26,4.906052589416504,4.955183424135252,4.884996756448776,4.906052589416504
2004-01-27,4.881490395102155,4.930621260575757,4.881490395102155,4.8920183181762695
2004-01-28,4.9236027370646935,4.941149499761873,4.881490707397461,4.881490707397461
2004-01-29,4.909567657284628,4.920095920562744,4.877983536803912,4.920095920562744
2004-01-30,4.955187001257692,4.955187001257692,4.895528206987723,4.913074970245361
2004-02-02,4.930625205585614,4.948171981199467,4.89553165435791,4.89553165435791
2004-02-03,4.920095073528518,4.955188274383545,4.899038885274095,4.955188274383545
2004-02-04,4.9797529062598205,4.9797529062598205,4.8955288334572,4.94465970993042
2004-02-05,4.9657143399881045,4.9657143399881045,4.899037049080935,4.909564971923828
2004-02-06,4.930623531341553,4.9692261568425815,4.913076761685887,4.930623531341553
2004-02-09,4.969221285126929,4.9797492027282715,4.934128114896968,4.9797492027282715
2004-02-10,4.944661656655295,4.979754866800975,4.941152235237673,4.972736358642578
2004-02-11,4.972731317935072,4.972731317935072,4.951675145450191,4.958693981170654
2004-02-12,4.955190124521415,4.9727368988388125,4.948171615600586,4.948171615600586
2004-02-13,4.958697694872075,5.000809736704162,4.948169768083242,4.955188274383545
2004-02-17,4.9657145568088445,4.983261318764243,4.955186633506265,4.969223976135254
2004-02-18,4.958695162197349,4.997297763824463,4.958695162197349,4.997297763824463
2004-02-19,4.963785079609173,4.995536424617564,4.939089738579885,4.956729412078857
2004-02-20,4.967314788176031,4.967314788176031,4.942619438662376,4.946147441864014
2004-02-23,4.946142508133363,4.967309833331172,4.93555850908589,4.963781833648682
2004-02-24,4.960259279604127,4.981426626604827,4.946147602787357,4.974370956420898
2004-02-25,4.988478637837773,5.009645967885016,4.956727306318261,4.992006301879883
2004-02-26,5.002589943650432,5.006117607438893,4.974366614651022,4.9955339431762695
2004-02-27,4.9990656047193145,5.009649276733398,4.977897924242278,5.009649276733398
2004-03-01,5.013173607913056,5.048452937386629,4.988478279150727,4.9955339431762695
2004-03-02,5.02376043443183,5.027288436889648,4.999065090124771,5.027288436889648
2004-03-03,5.027288954389451,5.027288954389451,4.99553760189833,5.009649276733398
2004-03-04,5.027284026584476,5.041395687587122,5.006116366856237,5.02375602722168
2004-03-05,5.009644934453241,5.0731475843924,5.009644934453241,5.044924259185791
2004-03-08,5.069621445882453,5.073149446940689,5.044926111372207,5.066093444824219
2004-03-09,5.048448663998901,5.080199629910359,5.048448663998901,5.055504322052002
2004-03-10,5.06961597460654,5.087255624411796,5.037864672246745,5.055504322052002
2004-03-11,5.090787742455729,5.1048994064331055,5.051980414181485,5.1048994064331055
2004-03-12,5.101371406326609,5.171929726213494,5.087259742349232,5.1048994064331055
2004-03-15,5.140180587768555,5.14370858937791,5.097845577802538,5.140180587768555
2004-03-16,5.122535925756383,5.133119583129883,5.104896272501616,5.133119583129883
2004-03-17,5.147236590987267,5.147236590987267,5.10490158102125,5.140180587768555
2004-03-18,5.133123338548594,5.147235004186892,5.094316005706787,5.094316005706787
2004-03-19,5.129600457583403,5.129600457583403,5.101377098138709,5.108432769775391
2004-03-22,5.138577119692231,5.138577119692231,5.1031144019718315,5.135030746459961
2004-03-23,5.142117340485429,5.142117340485429,5.117293433962374,5.124385833740234
2004-03-24,5.131480062310883,5.1421188341682065,5.113748550415039,5.113748550415039
2004-03-25,5.124388411034253,5.135027185151961,5.088925717908382,5.110203266143799
2004-03-26,5.10665432699504,5.124385833740234,5.085376789461096,5.124385833740234
2004-03-29,5.120842040261507,5.120842040261507,5.099564492026091,5.110203266143799
2004-03-30,5.117293564915184,5.120839595794678,5.096015688636372,5.120839595794678
2004-03-31,5.127932893838596,5.131479263305664,5.1172941236378,5.131479263305664
2004-04-01,5.142117340485429,5.142117340485429,5.124385833740234,5.124385833740234
2004-04-02,5.127933979808611,5.127933979808611,5.053461896230874,5.057008266448975
2004-04-05,5.035730204132811,5.035730204132811,4.876147270202637,4.876147270202637
2004-04-06,4.872601416030758,4.890332930167215,4.82649961455617,4.844231128692627
2004-04-07,4.865508498127416,4.893878782461648,4.8442306157765085,4.876147270202637
2004-04-08,4.8903324123697525,4.904517554536869,4.840684245684613,4.876147270202637
2004-04-12,4.865509206592181,4.869055238999946,4.822953773894354,4.8300461769104
2004-04-13,4.830044060830504,4.830044060830504,4.748479601777154,4.773303508758545
2004-04-14,4.720113411614182,4.759122490381002,4.6988355170682246,4.716567039489746
2004-04-15,4.716560970222106,4.7342924698267455,4.705922205739412,4.713014602661133
2004-04-16,4.684644262984909,4.787486553192139,4.684644262984909,4.787486553192139
2004-04-19,4.791035259356685,4.791035259356685,4.74138710466995,4.748479843139648
2004-04-20,4.752029746132129,4.752029746132129,4.709474295240874,4.716567039489746
2004-04-21,4.698831105798427,4.698831105798427,4.645636926673299,4.666914463043213
2004-04-22,4.650867537055578,4.690100193023682,4.650867537055578,4.690100193023682
2004-04-23,4.654435157775879,4.686534764541224,4.643735402233796,4.654435157775879
2004-04-26,4.633034197001558,4.654434043099837,4.590234844944014,4.597368240356445
2004-04-27,4.600935421440068,4.618768573024068,4.572402514961299,4.586668968200684
2004-04-28,4.5973667185644835,4.600933074951172,4.56526713011198,4.600933074951172
2004-04-29,4.618765597546996,4.62946534554883,4.558133125305176,4.558133125305176
2004-04-30,4.58310221134386,4.615201473236084,4.561702363276664,4.615201473236084
2004-05-03,4.590233325513305,4.629465966878086,4.590233325513305,4.600933074951172
2004-05-04,4.600934513041273,4.647300561949628,4.579535007476807,4.579535007476807
2004-05-05,4.565269061311038,4.615201473236084,4.565269061311038,4.615201473236084
2004-05-06,4.608067473431681,4.6544335179642,4.583101272583008,4.583101272583008
2004-05-07,4.586666493354035,4.590233189774153,4.533167407607834,4.547433853149414
2004-05-10,4.561701525244814,4.561701525244814,4.476102828979492,4.476102828979492
2004-05-11,4.465402688747588,4.501068639021091,4.458269294609515,4.493935585021973
2004-05-12,4.526034266686404,4.529600963305043,4.458268731626797,4.486801624298096
2004-05-13,4.476102084879827,4.476102084879827,4.422602653503418,4.422602653503418
2004-05-14,4.436865598478361,4.497498035430908,4.436865598478361,4.497498035430908
2004-05-17,4.483234542799267,4.522467521958383,4.483234542799267,4.515334129333496
2004-05-18,4.465401741514813,4.529600574444388,4.465401741514813,4.515334129333496
2004-05-19,4.565266424104751,4.565266424104751,4.540299892425537,4.540299892425537
2004-05-20,4.567211991383947,4.577975502831257,4.524158972059654,4.560036659240723
2004-05-21,4.524154230964214,4.560031880547236,4.524154230964214,4.54926872253418
2004-05-24,4.531331440635723,4.570796594891013,4.531331440635723,4.556445598602295
2004-05-25,4.574384913755775,4.588735911563719,4.287364615442105,4.567209243774414
2004-05-26,4.588735468578337,4.61026213428951,4.570796637511483,4.592323303222656
2004-05-27,4.606671822494576,4.621022811200137,4.588733001073984,4.617434978485107
2004-05-28,4.628199100494385,4.6389626008860825,4.592321792319286,4.628199100494385
2004-06-01,4.635377186439154,4.664079184819505,4.6246140225852255,4.653316020965576
2004-06-02,4.642550237087736,4.66407689638834,4.628199244938881,4.638962745666504
2004-06-03,4.635376305664935,4.64613946747374,4.613849639892578,4.613849639892578
2004-06-04,4.628199100494385,4.635374767422183,4.603084950556352,4.628199100494385
2004-06-07,4.64254872232634,4.6640753746032715,4.628197734859896,4.6640753746032715
2004-06-08,4.696369018536102,4.696369018536102,4.649728185629329,4.653316020965576
2004-06-09,4.617438579563887,4.6820182501810175,4.617438579563887,4.6569037437438965
2004-06-10,4.660489653630944,4.660489653630944,4.621024505757186,4.635375499725342
2004-06-14,4.646136955896231,4.646136955896231,4.617434978485107,4.617434978485107
2004-06-15,4.628198134475639,4.6425491231812,4.613847145770077,4.617434978485107
2004-06-16,4.617437461423405,4.624613130712045,4.574384472155803,4.592323303222656
2004-06-17,4.549266736184055,4.581556538279127,4.531327919225184,4.574380874633789
2004-06-18,4.574383157634312,4.588734149932861,4.560032165335763,4.588734149932861
2004-06-21,4.556448593472783,4.5923262788536965,4.556448593472783,4.577975273132324
2004-06-22,4.565342212588823,4.583387112848345,4.532861805135099,4.5725603103637695
2004-06-23,4.536467465499112,4.583384037017822,4.536467465499112,4.583384037017822
2004-06-24,4.626691339901468,4.63390943248587,4.586992863220051,4.623082637786865
2004-06-25,4.626694631874013,4.651957629716878,4.572560275683868,4.605041027069092
2004-06-28,4.583386370474353,4.605040316114045,4.561732769012451,4.561732769012451
2004-06-29,4.583386980869697,4.590605078436799,4.554515278956963,4.56895112991333
2004-06-30,4.601431978208991,4.605041027069092,4.576169324543969,4.605041027069092
2004-07-01,4.615867842059785,4.673611247267507,4.615867842059785,4.659175395965576
2004-07-02,4.6880467191285105,4.706091617839867,4.677219917572822,4.69526481628418
2004-07-06,4.691655947551996,4.727745746358143,4.691655947551996,4.720527648925781
2004-07-07,4.724133077681015,4.742177963256836,4.702479146154517,4.742177963256836
2004-07-08,4.727744102478027,4.745788651429016,4.716916960094182,4.727744102478027
2004-07-09,4.7638349533081055,4.767444001836647,4.734963253435399,4.7638349533081055
2004-07-12,4.774660454160319,4.781878549251286,4.76744270324707,4.76744270324707
2004-07-13,4.734963562881011,4.7927069664001465,4.734963562881011,4.7927069664001465
2004-07-14,4.785489904846437,4.7963167085269545,4.781880855560303,4.781880855560303
2004-07-15,4.781879883807403,4.781879883807403,4.731354236602783,4.731354236602783
2004-07-16,4.7638349533081055,4.767444001836647,4.731354204906858,4.7638349533081055
2004-07-19,4.745789420910654,4.789097309112549,4.745789420910654,4.789097309112549
2004-07-20,4.771050453186035,4.778268202136236,4.760223313494296,4.771050453186035
2004-07-21,4.778270803244459,4.778270803244459,4.756617200428835,4.7638349533081055
2004-07-22,4.769275649544997,4.772904972110773,4.754757320849114,4.765645980834961
2004-07-23,4.776534541528871,4.78379387879804,4.772904872894287,4.772904872894287
2004-07-26,4.794684483422551,4.809202817705699,4.765647814856257,4.780166149139404
2004-07-27,4.780166149139404,4.791054813315666,4.754759150679995,4.780166149139404
2004-07-28,4.780167670785707,4.783797342048007,4.765649331881011,4.7692790031433105
2004-07-29,4.765648201960959,4.791055202484131,4.765648201960959,4.791055202484131
2004-07-30,4.801942798606139,4.82735013961792,4.801942798606139,4.82735013961792
2004-08-02,4.827349897901981,4.863645553588867,4.827349897901981,4.863645553588867
2004-08-03,4.86001735937972,4.863646683490529,4.834610013737614,4.841869354248047
2004-08-04,4.820096240543358,4.889058656080053,4.820096240543358,4.867280960083008
2004-08-05,4.845497898817587,4.863645553588867,4.834608890581628,4.863645553588867
2004-08-06,4.899942874908447,4.899942874908447,4.874535874471433,4.899942874908447
2004-08-09,4.903572545297855,4.918090880711066,4.892683534129632,4.899942874908447
2004-08-10,4.8999429495871185,4.8999429495871185,4.856387942683675,4.885424613952637
2004-08-11,4.870906278318156,4.885424613952637,4.860017613128401,4.885424613952637
2004-08-12,4.885426892067795,4.892685890197754,4.863649205388744,4.892685890197754
2004-08-13,4.8745364381459755,4.899943441520969,4.8745364381459755,4.889054775238037
2004-08-16,4.874536836474119,4.907203184136739,4.874536836474119,4.903573513031006
2004-08-17,4.863650104482751,4.921723830980862,4.863650104482751,4.918094158172607
2004-08-18,4.925348844935778,4.936237853825961,4.907201189074167,4.914460182189941
2004-08-19,4.914461061845486,4.936238737379564,4.910831391565738,4.928979396820068
2004-08-20,4.928978862101413,4.954385859014559,4.921719868473817,4.947126865386963
2004-08-23,4.945302444844637,4.95260160315287,4.927054026984622,4.9489521980285645
2004-08-24,4.945304914002808,4.945304914002808,4.908808060060139,4.941655158996582
2004-08-25,4.927055196198665,4.967201446569901,4.927055196198665,4.959902286529541
2004-08-26,4.9453040511880815,4.989100059442252,4.9453040511880815,4.963552474975586
2004-08-27,4.963550874103153,4.981798943945453,4.945302456201231,4.96720027923584
2004-08-30,4.981804279894863,4.9891037940979,4.95625667630422,4.9891037940979
2004-08-31,4.989101714574882,4.989101714574882,4.967203529153215,4.974503040313721
2004-09-01,4.974503040313721,4.996400877675538,4.974503040313721,4.974503040313721
2004-09-02,4.974502129942838,5.000049718209509,4.956253703441021,4.970852375030518
2004-09-03,4.970851980004756,4.970851980004756,4.927055968716668,4.9453043937683105
2004-09-07,4.963550874103153,4.981798943945453,4.956251367718536,4.96720027923584
2004-09-08,4.981801942913817,4.989101453692628,4.963553862086452,4.985451698303223
2004-09-09,4.985451958994629,4.985451958994629,4.963554121632812,4.974503040313721
2004-09-10,4.9745018716341844,5.000049458574258,4.9745018716341844,4.9818010330200195
2004-09-13,4.974501054645875,5.014647305823958,4.974501054645875,5.000048637390137
2004-09-14,5.032893432172772,5.032893432172772,4.989097446852796,5.021944522857666
2004-09-15,5.025597014899467,5.07304243048184,5.018297506003876,5.051144599914551
2004-09-16,5.065741973933247,5.073041132902121,5.0584424669047205,5.06939172744751
2004-09-17,5.069393024093786,5.07304243048184,5.047494845466756,5.051144599914551
2004-09-20,5.0693953243774805,5.091293164881111,5.0693953243774805,5.076694488525391
2004-09-21,5.0876381930974155,5.0876381930974155,5.065740375042709,5.073039531707764
2004-09-22,5.107903400201902,5.107903400201902,5.063869792435266,5.082217216491699
2004-09-23,5.11891150181078,5.11891150181078,5.067539136526452,5.111572742462158
2004-09-24,5.089555397336787,5.122580686892972,5.0858858429532185,5.104233264923096
2004-09-27,5.104236478205903,5.126253468419759,5.0895586013793945,5.0895586013793945
2004-09-28,5.0895586013793945,5.118914355032411,5.07855028124656,5.0895586013793945
2004-09-29,5.063865661621094,5.082213070710753,5.0565265580061425,5.063865661621094
2004-09-30,5.100568105457156,5.100568105457156,5.005162058913273,5.038187026977539
2004-10-01,5.03818504842519,5.052863272842695,5.01249885559082,5.01249885559082
2004-10-04,5.027173616962076,5.038181928510131,4.997817886201987,5.005156993865967
2004-10-05,5.023509146743998,5.045526142068444,4.994153386276915,5.038187026977539
2004-10-06,5.0418480806677515,5.063865038857198,5.030839776546868,5.049187183380127
2004-10-07,5.049191923179721,5.082217216491699,5.041852813577944,5.082217216491699
2004-10-08,5.100565671277757,5.107904782866166,5.078549036408736,5.093226909637451
2004-10-11,5.0858846908826125,5.133587837219238,5.08221548727817,5.133587837219238
2004-10-12,5.111575591593251,5.13359223185892,5.071211167859212,5.0895586013793945
2004-10-13,5.067540718974225,5.093226909637451,5.067540718974225,5.093226909637451
2004-10-14,5.082217216491699,5.089555976145469,5.0675393472361545,5.082217216491699
2004-10-15,5.071211167859212,5.096897714766742,5.063872404420051,5.0895586013793945
2004-10-18,5.089552834308665,5.100561141967773,5.074874974113924,5.100561141967773
2004-10-19,5.100563710539527,5.118911132509403,5.0785470841340485,5.104233264923096
2004-10-20,5.126250611107394,5.133589370456016,5.107903187813852,5.111572742462158
2004-10-21,5.131864624828899,5.131864624828899,5.1023499747239605,5.109728813171387
2004-10-22,5.1207966804504395,5.139243424587753,5.102349936313125,5.1207966804504395
2004-10-25,5.120796987832467,5.142932800652068,5.120796987832467,5.135554313659668
2004-10-26,5.142932931257522,5.142932931257522,5.102350372162719,5.13186502456665
2004-10-27,5.142932931257522,5.142932931257522,5.102350372162719,5.13186502456665
2004-10-28,5.13555302846128,5.165067672729492,5.124485124821279,5.165067672729492
2004-10-29,5.1650669034765535,5.183513641357422,5.15030958354031,5.183513641357422
2004-11-01,5.165067160628734,5.238853763983546,5.165067160628734,5.176135063171387
2004-11-02,5.165068941608473,5.2130303382873535,5.165068941608473,5.2130303382873535
2004-11-03,5.209339914822229,5.209339914822229,5.150310623161837,5.190893173217773
2004-11-04,5.146620932101281,5.1835144133577025,5.146620932101281,5.165067672729492
2004-11-05,5.109725604528764,5.2019589161495565,5.061764240264893,5.061764240264893
2004-11-08,5.061767998516473,5.061767998516473,4.9437090327329996,4.973223686218262
2004-11-09,4.999047224933685,4.999047224933685,4.951085844698333,4.9769110679626465
2004-11-10,4.987981580853591,4.999049488429355,4.96953483366569,4.980602741241455
2004-11-11,4.999045976967942,5.0359390935866095,4.984288659952037,4.995356559753418
2004-11-12,5.010115111387226,5.021183013916016,4.999047208858436,5.021183013916016
2004-11-15,5.058078111413824,5.058078111413824,5.0174955545827435,5.039631366729736
2004-11-16,5.021182904931783,5.05807638168335,5.021182904931783,5.05807638168335
2004-11-17,5.054384171857373,5.091277628230888,5.039626859676382,5.080209732055664
2004-11-18,5.0765208896530565,5.0912782035014965,5.054384742959338,5.087588787078857
2004-11-19,5.072833646636897,5.076523064640231,5.035940170288086,5.035940170288086
2004-11-22,5.0266652029413255,5.048923300609388,5.0266652029413255,5.030375003814697
2004-11-23,5.008117198944092,5.045214504895166,5.008117198944092,5.008117198944092
2004-11-24,5.019248962402344,5.026668569117727,5.000700299400207,5.019248962402344
2004-11-26,5.008113239880293,5.022952079772949,5.000693643041041,5.022952079772949
2004-11-29,5.022954937261697,5.022954937261697,4.963599543924622,4.9710187911987305
2004-11-30,5.019245136731617,5.022954937261697,4.933921847256084,4.9710187911987305
2004-12-01,4.974724769592285,4.98956360652571,4.963595730338661,4.974724769592285
2004-12-02,4.985856826995622,4.985856826995622,4.933921043182601,4.959888935089111
2004-12-03,4.967307286082058,5.011823812637928,4.967307286082058,4.989565372467041
2004-12-06,4.978438562717653,5.004406459745236,4.97101896140345,5.000696659088135
2004-12-07,5.0340839850658865,5.0340839850658865,4.933921847256084,4.9710187911987305
2004-12-08,4.996990507579804,5.015539169311523,4.967312790323571,5.015539169311523
2004-12-09,4.989567272500999,5.004406120336942,4.9710186242595595,4.993277072906494
2004-12-10,4.978439495697684,5.008117198944092,4.978439495697684,5.008117198944092
2004-12-13,4.993282302598799,5.04521850131277,4.993282302598799,5.034089088439941
2004-12-14,5.011827148570999,5.022956199171122,4.989568693584614,4.996988296508789
2004-12-15,5.011830970267104,5.048927951817304,5.008121165976161,5.034089088439941
2004-12-16,5.011829396290804,5.030378058133859,5.000699986913191,5.0044097900390625
2004-12-17,5.008116088927428,5.008116088927428,4.937631647786164,4.9710187911987305
2004-12-20,5.008117198944092,5.022956050567296,4.97472969434535,5.008117198944092
2004-12-21,4.9987958864075175,5.0137176513671875,4.9577611217091615,5.0137176513671875
2004-12-22,4.998793187488776,5.051019514531361,4.954027916779166,5.03236722946167
2004-12-23,4.9987899534077345,5.036094499412091,4.9987899534077345,5.017442226409912
2004-12-27,5.017445113336186,5.017445113336186,4.965219145795449,4.968949317932129
2004-12-28,4.991332236061398,4.991332236061398,4.927914683469372,4.961488723754883
2004-12-29,4.92791486525497,4.972680135366086,4.92791486525497,4.931645393371582
2004-12-30,4.965219145795449,4.968949317932129,4.935375278362957,4.968949317932129
2004-12-31,4.942835298442605,4.983870029449463,4.942835298442605,4.983870029449463
2005-01-03,4.9987886059594295,5.009980180201502,4.968945119505412,5.002519130706787
2005-01-04,4.983872276167688,5.024907381435724,4.965220343696188,4.972681045532227
2005-01-05,4.991330479760082,5.024904508231887,4.972678202191012,4.980139255523682
2005-01-06,5.002519676284069,5.051015436001425,4.998789151129859,5.028632640838623
2005-01-07,5.02863639500496,5.058480262756348,5.02863639500496,5.058480262756348
2005-01-10,5.095780130022126,5.106971348535173,5.0398236816944735,5.0510149002075195
2005-01-11,5.036093780131751,5.092050235383785,5.036093780131751,5.062206745147705
2005-01-12,5.077131904435807,5.1069754147404645,5.073401732469754,5.0957841873168945
2005-01-13,5.088323487622082,5.114436470197982,5.080862432164565,5.0957841873168945
2005-01-14,5.084594165568656,5.174124717712402,5.080863636955302,5.174124717712402
2005-01-18,5.114438167216759,5.215159958974744,5.114438167216759,5.181586265563965
2005-01-19,5.181581624418361,5.200233541019099,5.133085858578934,5.185311794281006
2005-01-20,5.160185539024843,5.227687721815663,5.160185539024843,5.197686672210693
2005-01-21,5.212688094125556,5.23893928527832,5.197687566741456,5.23893928527832
2005-01-24,5.238936319139055,5.238936319139055,5.216435361981926,5.2351861000061035
2005-01-25,5.242693621082149,5.246443845537434,5.21269254072205,5.2276930809021
2005-01-26,5.220186725188346,5.250187769545927,5.21268628527862,5.2464375495910645
2005-01-27,5.250191688537598,5.287693200797809,5.238941377915905,5.250191688537598
2005-01-28,5.250191688537598,5.27644253253519,5.250191688537598,5.250191688537598
2005-01-31,5.3026947062849175,5.3026947062849175,5.257693097907346,5.272693634033203
2005-02-01,5.2689432184720895,5.306444378598846,5.261442771862151,5.287693977355957
2005-02-02,5.280194859369548,5.298945622971558,5.257694229159992,5.283945083618164
2005-02-03,5.250192651023921,5.295194259401493,5.250192651023921,5.272693634033203
2005-02-04,5.250192459588221,5.306444378598846,5.250192459588221,5.287693977355957
2005-02-07,5.302693927362199,5.317694461284599,5.272692859517398,5.31019401550293
2005-02-08,5.298939556037161,5.298939556037161,5.21268628527862,5.2464375495910645
2005-02-09,5.246438399578557,5.261438924187617,5.227687654407053,5.242688179016113
2005-02-10,5.246441465783391,5.250191688537598,5.216440399031593,5.250191688537598
2005-02-11,5.250187769545927,5.250187769545927,5.227686807457411,5.2464375495910645
2005-02-14,5.242691900746268,5.250192347195641,5.212690830230713,5.212690830230713
2005-02-15,5.212685142848974,5.2351861000061035,5.208935281356603,5.2351861000061035
2005-02-16,5.242686180631426,5.246436399764378,5.212685142848974,5.2351861000061035
2005-02-17,5.213700653257247,5.228780033473723,5.191081762692925,5.1986212730407715
2005-02-18,5.1759993899276395,5.183539255960744,5.130761272290818,5.145840644836426
2005-02-22,5.126997550561363,5.14584651811644,5.096838771048026,5.1006083488464355
2005-02-23,5.1119159407640336,5.13453483581543,5.093066621873967,5.13453483581543
2005-02-24,5.15715409038768,5.15715409038768,5.126995323971916,5.13453483581543
2005-02-25,5.149615620716616,5.194853782653809,5.145845684008279,5.194853782653809
2005-02-28,5.258941933479593,5.270251385513464,5.183544987385458,5.191084861755371
2005-03-01,5.183542312253522,5.1986216936901535,5.176002441774799,5.17977237701416
2005-03-02,5.202393420136833,5.2061633566742005,5.176004223896199,5.187314033508301
2005-03-03,5.19862354574434,5.213702932553133,5.179774222353114,5.183544158935547
2005-03-04,5.20239500626181,5.2212443351745605,5.183545677349058,5.2212443351745605
2005-03-07,5.206164943948569,5.228783851027034,5.206164943948569,5.2212443351745605
2005-03-08,5.209932204396723,5.23632139694336,5.191083243390265,5.217472076416016
2005-03-09,5.217476571024097,5.217476571024097,5.149619102478027,5.149619102478027
2005-03-10,5.1345355016360195,5.14961488679932,5.108146667480469,5.108146667480469
2005-03-11,5.096838754176395,5.123227596282959,5.0817590049486325,5.123227596282959
2005-03-14,5.142078189918537,5.142078189918537,5.077990677998237,5.111919403076172
2005-03-15,5.123226000770821,5.123226000770821,5.089297294616699,5.089297294616699
2005-03-16,5.089297709586339,5.096837582466883,5.089297709586339,5.093067646026611
2005-03-17,5.089300133183849,5.134538313447396,5.081760256712709,5.111919403076172
2005-03-18,5.108149464840602,5.145847768633009,5.108149464840602,5.111919403076172
2005-03-21,5.111918143883147,5.123227596282959,5.0930688168694545,5.123227596282959
2005-03-22,5.097833840974704,5.135736096439093,5.0826730110814875,5.11299467086792
2005-03-23,5.048558958917886,5.097831725994306,4.987915664504616,5.059929847717285
2005-03-24,5.022023848109511,5.112988721626209,5.018233554680747,5.029604434967041
2005-03-28,4.972759645215104,5.048563836468114,4.972759645215104,5.003081321716309
2005-03-29,5.018237016901416,5.04097843170166,5.014446720857621,5.04097843170166
2005-03-30,5.0599277360971575,5.082668781280518,5.040976624136093,5.082668781280518
2005-03-31,5.078883061699129,5.120575617862977,5.078883061699129,5.101624488830566
2005-04-01,5.078878533630914,5.1698437995939654,5.078878533630914,5.116780757904053
2005-04-04,5.112991456564908,5.150893688201904,5.112991456564908,5.150893688201904
2005-04-05,5.139522946052817,5.177424814625266,5.135732650756836,5.135732650756836
2005-04-06,5.154683044381931,5.1887946128845215,5.154683044381931,5.1887946128845215
2005-04-07,5.173633350993851,5.20395498358941,5.173633350993851,5.185004234313965
2005-04-08,5.181219726091776,5.192590260647761,5.154688358306885,5.154688358306885
2005-04-11,5.173635515618043,5.192586634284918,5.154684758413692,5.1698455810546875
2005-04-12,5.154682689018858,5.173633438615256,5.154682689018858,5.162262916564941
2005-04-13,5.1736365182725175,5.203958169430866,5.1736365182725175,5.177426815032959
2005-04-14,5.169841736345961,5.18879247945702,5.169841736345961,5.17363166809082
2005-04-15,5.173635991801234,5.211538232623519,5.173635991801234,5.207747936248779
2005-04-18,5.211539686850038,5.241861343383789,5.211539686850038,5.241861343383789
2005-04-19,5.241860074578877,5.287342548370361,5.230489546496649,5.287342548370361
2005-04-20,5.265623895593685,5.277054600077997,5.212282061456205,5.246573448181152
2005-04-21,5.2465726083476465,5.2465726083476465,5.193230419384807,5.212281227111816
2005-04-22,5.216093572470823,5.227524280548096,5.185612410992977,5.227524280548096
2005-04-25,5.231336767439751,5.231336767439751,5.1970457161641574,5.2084760665893555
2005-04-26,5.219903945922852,5.235144527063018,5.200853128656613,5.219903945922852
2005-04-27,5.238954763189089,5.273246161595495,5.204663364782684,5.219903945922852
2005-04-28,5.2275253197043705,5.269436834226783,5.219904846138015,5.2427659034729
2005-04-29,5.277056354758459,5.277056354758459,5.250385065457223,5.269435882568359
2005-05-02,5.26562685205781,5.280867436563284,5.26181697845459,5.26181697845459
2005-05-03,5.261814651244661,5.296105678692499,5.246574073479833,5.265624523162842
2005-05-04,5.258005537647323,5.284676463584446,5.242764956631237,5.269435882568359
2005-05-05,5.273244132782725,5.280864238739014,5.258003557506173,5.280864238739014
2005-05-06,5.261813469289609,5.265623340351983,5.246572894948253,5.258003234863281
2005-05-09,5.250386013675076,5.269436834226783,5.219904846138015,5.2427659034729
2005-05-10,5.303724340638482,5.303724340638482,5.2313313484191895,5.2313313484191895
2005-05-11,5.231332051397734,5.284674244234524,5.231332051397734,5.2732439041137695
2005-05-12,5.280862226637779,5.3151535987854,5.261811787323623,5.3151535987854
2005-05-13,5.299915619897457,5.322776666958224,5.29610538482666,5.29610538482666
2005-05-16,5.3037231900943596,5.334204328617352,5.3037231900943596,5.3265838623046875
2005-05-17,5.318966431887427,5.330396773735802,5.277054936200707,5.29610538482666
2005-05-18,5.326587063897023,5.334207534790039,5.296105907053061,5.334207534790039
2005-05-19,5.307780366873472,5.365224097889999,5.300121421867543,5.3422465324401855
2005-05-20,5.330760563029848,5.365226745605469,5.319271957243373,5.365226745605469
2005-05-23,5.342249168816324,5.39203361417931,5.342249168816324,5.365226745605469
2005-05-24,5.357569818614055,5.403524627450845,5.357569818614055,5.372888088226318
2005-05-25,5.39203361417931,5.39203361417931,5.361397088604579,5.365226745605469
2005-05-26,5.353740159906899,5.380547405640628,5.353740159906899,5.372888088226318
2005-05-27,5.392032967370741,5.411180884862082,5.323100610488375,5.376714706420898
2005-05-31,5.4150136035723095,5.4150136035723095,5.330762938096682,5.372888088226318
2005-06-01,5.372884220168495,5.430327963771733,5.369054929434487,5.384373188018799
2005-06-02,5.38820395717842,5.39203361417931,5.349908482818104,5.365226745605469
2005-06-03,5.365232040854026,5.399698257446289,5.365232040854026,5.399698257446289
2005-06-06,5.388206123287756,5.403524392233209,5.380547171423199,5.395865440368652
2005-06-07,5.392035781828204,5.434160930124115,5.380547171423199,5.395865440368652
2005-06-08,5.392038935885096,5.403527553010332,5.365232040854026,5.399698257446289
2005-06-09,5.369054929434487,5.39969144660311,5.369054929434487,5.384373188018799
2005-06-10,5.36139947732121,5.399695333960047,5.36139947732121,5.372888088226318
2005-06-13,5.307780366873472,5.357564787668056,5.292462111645602,5.3422465324401855
2005-06-14,5.349906785607226,5.349906785607226,5.323099560321548,5.334588527679443
2005-06-15,5.334589546548256,5.403521537780762,5.326930233513451,5.403521537780762
2005-06-16,5.38437428389052,5.40735149383545,5.369056022188511,5.407351493835449
2005-06-17,5.38819960014679,5.434154351348737,5.38819960014679,5.411177158355713
2005-06-20,5.361397702939459,5.395863889464382,5.3575680454997485,5.388204574584961
2005-06-21,5.403985136425566,5.423230171203613,5.392438262386141,5.423230171203613
2005-06-22,5.42323202640724,5.438627986082695,5.388591025370307,5.427081108093262
2005-06-23,5.4078353792611935,5.450174171219222,5.4078353792611935,5.434778213500977
2005-06-24,5.419382101155054,5.465569972991943,5.419382101155054,5.465569972991943
2005-06-27,5.465567370877808,5.473265529386544,5.427077679539331,5.4540205001831055
2005-06-28,5.446324832041846,5.473268032073975,5.446324832041846,5.473268032073975
2005-06-29,5.484816498618911,5.500212460072638,5.469420537165184,5.488665580749512
2005-06-30,5.500207851636404,5.52715066983879,5.484811903082416,5.504056930541992
2005-07-01,5.465570128937468,5.469419210134176,5.400137216867777,5.434778213500977
2005-07-05,5.434776371115664,5.457870483398438,5.407833546009479,5.4578704833984375
2005-07-06,5.457868810460697,5.461717522104407,5.353945887645204,5.419378757476807
2005-07-07,5.4078365421921815,5.523306433444601,5.380893335089796,5.4001383781433105
2005-07-08,5.384737442680034,5.388586521148682,5.34624775919854,5.388586521148682
2005-07-11,5.40783188840898,5.423227836188866,5.357794966357263,5.419378757476807
2005-07-12,5.369341069187716,5.38858609293328,5.357794201767697,5.384737014770508
2005-07-13,5.373190574342418,5.392435599617329,5.357794627536155,5.388586521148682
2005-07-14,5.377040386199951,5.396285414099743,5.3577953583001605,5.377040386199951
2005-07-15,5.388589807733543,5.392438888549805,5.357797895340549,5.392438888549805
2005-07-18,5.38858609293328,5.415528905936092,5.365491991024944,5.384737014770508
2005-07-19,5.357799577080511,5.4001383781433105,5.357799577080511,5.4001383781433105
2005-07-20,5.386600339655674,5.40593457522154,5.355665120218001,5.382733345031738
2005-07-21,5.378869661389758,5.382736658394037,5.3247331784383825,5.367269039154053
2005-07-22,5.336334619966889,5.378870487213135,5.324733995950129,5.378870487213135
2005-07-25,5.367266364612215,5.386600971221924,5.351798753079838,5.386600971221924
2005-07-26,5.378866948815475,5.386600938923764,5.355665716044498,5.371133327484131
2005-07-27,5.359530987161838,5.405933809747763,5.359530987161838,5.402067184448242
2005-07-28,5.409800803824137,5.409800803824137,5.382732582843227,5.402067184448242
2005-07-29,5.413667989113148,5.4214019775390625,5.409800994900191,5.4214019775390625
2005-08-01,5.390466403988414,5.444603216753469,5.374998795880808,5.409801006317139
2005-08-02,5.402067386651769,5.413668000538257,5.382732784323045,5.409801006317139
2005-08-03,5.390465608868356,5.436868795123343,5.378864996693014,5.41366720199585
2005-08-04,5.402066665051609,5.4446024894714355,5.402066665051609,5.4446024894714355
2005-08-05,5.444603337282426,5.444603337282426,5.378865909175633,5.398200511932373
2005-08-08,5.378869661389758,5.421405890882561,5.363402042149774,5.367269039154053
2005-08-09,5.359533339357238,5.394335563764917,5.359533339357238,5.375000953674316
2005-08-10,5.37499998598993,5.390467597522307,5.347931758002506,5.386600971221924
2005-08-11,5.371132170436557,5.409801006317139,5.3556645623289505,5.409801006317139
2005-08-12,5.41366720199585,5.417534195646567,5.382731990343732,5.41366720199585
2005-08-15,5.417539315755693,5.429139938894767,5.402071695311207,5.4252729415893555
2005-08-16,5.433002723139131,5.4368697174458545,5.371132289339061,5.398200511932373
2005-08-17,5.402065918408064,5.417533522311683,5.378864328164251,5.394331932067871
2005-08-18,5.382731990343732,5.4291348078219075,5.382731990343732,5.41366720199585
2005-08-19,5.394333386825228,5.425268602975154,5.378865778750265,5.4214019775390625
2005-08-22,5.450539851173895,5.454424858093262,5.423345543727631,5.454424858093262
2005-08-23,5.431115708578721,5.466080033221066,5.427231071780995,5.46219539642334
2005-08-24,5.473850727081299,5.473850727081299,5.4388863981000695,5.473850727081299
2005-08-25,5.454425369365533,5.4777350425720215,5.438885710726103,5.4777350425720215
2005-08-26,5.4777345291148105,5.4777345291148105,5.4388852009104465,5.454424858093262
2005-08-29,5.458309107098147,5.481618404388428,5.458309107098147,5.481618404388428
2005-08-30,5.4971566756793395,5.4971566756793395,5.4699623788544445,5.489387035369873
2005-08-31,5.497160032738963,5.504930048288006,5.469965719306777,5.473850727081299
2005-09-01,5.473850652545474,5.504929973328983,5.466080637102232,5.497159957885742
2005-09-02,5.485505305215608,5.516584625999117,5.485505305215608,5.497159957885742
2005-09-06,5.504929973328983,5.504929973328983,5.469965644823853,5.497159957885742
2005-09-07,5.497160003870423,5.51658467214629,5.473850698335169,5.504930019378662
2005-09-08,5.493274713773271,5.516584016538375,5.438885723163548,5.46219539642334
2005-09-09,5.46219599987534,5.516584625999117,5.458310992153719,5.497159957885742
2005-09-12,5.504928803435296,5.508813810331285,5.466079475464706,5.501043796539307
2005-09-13,5.477734079140094,5.504928384352451,5.477734079140094,5.493273735046387
2005-09-14,5.497159338000293,5.504929352567352,5.473850035288492,5.4777350425720215
2005-09-15,5.466077373452457,5.4971566756793395,5.462192738544977,5.489387035369873
2005-09-16,5.497160032738963,5.5010450405134845,5.469965719306777,5.473850727081299
2005-09-19,5.477734983239569,5.516583944170005,5.477734983239569,5.485504627227783
2005-09-20,5.477734983239569,5.532123602641116,5.477734983239569,5.485504627227783
2005-09-21,5.503067203930887,5.542095824968088,5.503067203930887,5.51477575302124
2005-09-22,5.534289353805205,5.5381919547315634,5.475745873413774,5.510871887207031
2005-09-23,5.503069591868923,5.5147781460399505,5.366468428443436,5.428914546966553
2005-09-26,5.3742720802028074,5.436718172010945,5.362563158832732,5.425009250640869
2005-09-27,5.45623254776001,5.479650019370278,5.428912474388099,5.45623254776001
2005-09-28,5.479650851756397,5.479650851756397,5.378175746377467,5.464039325714111
2005-09-29,5.487454626850824,5.487454626850824,5.428911148230019,5.432814121246338
2005-09-30,5.432814121246338,5.4640371609609035,5.417202601389055,5.432814121246338
2005-10-03,5.4757422233023645,5.499159674290543,5.448422173989286,5.483548164367676
2005-10-04,5.464040692826341,5.495263752722976,5.444526187338886,5.4679436683654785
2005-10-05,5.491357166170903,5.491357166170903,5.421105513703754,5.4367170333862305
2005-10-06,5.413300950717281,5.460135521729735,5.413300950717281,5.45623254776001
2005-10-07,5.428914546966553,5.444526076597332,5.405497438624497,5.428914546966553
2005-10-10,5.425007690030899,5.428910662698158,5.401590598443267,5.409396171569824
2005-10-11,5.40549672289619,5.421108250459886,5.3859822203895265,5.397690773010254
2005-10-12,5.393790085559676,5.401596038756097,5.296217903854424,5.319635391235352
2005-10-13,5.304021830808389,5.323536334136175,5.214255264383847,5.241575717926025
2005-10-14,5.20645156274988,5.257189140804351,4.991792693198912,5.136199474334717
2005-10-17,5.147903540617626,5.151806513726461,5.093263405925934,5.124486446380615
2005-10-18,5.0971681086387965,5.1557112363045565,5.093265134205579,5.151808261871338
2005-10-19,5.140098785752725,5.249379444759472,5.13229283829107,5.2142534255981445
2005-10-20,5.247593810348415,5.392706597544426,5.208373976391415,5.306423187255859
2005-10-21,5.298577785491943,5.322109379274159,5.259357963817664,5.298577785491943
2005-10-24,5.306418310119715,5.349560162626292,5.27896467599932,5.333872318267822
2005-10-25,5.326028986810389,5.326028986810389,5.2279798517453555,5.259355545043945
2005-10-26,5.227980473689236,5.243668322204827,5.208370569537794,5.2358245849609375
2005-10-27,5.247591384314981,5.247591384314981,5.176995865440879,5.21229362487793
2005-10-28,5.2279826800904505,5.243670535226894,5.20445108439977,5.239748477935791
2005-10-31,5.278964841561349,5.278964841561349,5.2162134621594225,5.224057197570801
2005-11-01,5.216217662355674,5.255437119048258,5.200529804873035,5.208373546600342
2005-11-02,5.216211690138398,5.220133743525573,5.118162599624623,5.157382011413574
2005-11-03,5.165233143773429,5.1966088654918865,5.157389026329762,5.184843063354492
2005-11-04,5.161311303839683,5.200531144664337,5.161311303839683,5.17307710647583
2005-11-07,5.200530052185059,5.220139968477916,5.1887638779925185,5.200530052185059
2005-11-08,5.2005255485784385,5.231901237864738,5.2005255485784385,5.2279791831970215
2005-11-09,5.220141303266838,5.231907106439849,5.12601375579834,5.12601375579834
2005-11-10,5.145616225279649,5.188757690455775,5.110318492850274,5.157382011413574
2005-11-11,5.18091995440244,5.18091995440244,5.126012265511487,5.1495442390441895
2005-11-14,5.157387009499461,5.157387009499461,5.098557647789991,5.1299333572387695
2005-11-15,5.098553281908542,5.145616805781304,5.098553281908542,5.114241123199463
2005-11-16,5.137774370217863,5.157383896265167,5.118164470142824,5.122086524963379
2005-11-17,5.137772492532897,5.173069850934675,5.094630653329173,5.157382011413574
2005-11-18,5.161308056134234,5.1769959077870356,5.129932352828631,5.153464317321777
2005-11-21,5.139666866815494,5.167256982860564,5.127842585065769,5.15543270111084
2005-11-22,5.131785239484613,5.16331691484564,5.131785239484613,5.143609523773193
2005-11-23,5.1317809719476095,5.159371070973057,5.1317809719476095,5.1396636962890625
2005-11-25,5.13966481099085,5.171196466969132,5.1120747059816,5.123898983001709
2005-11-28,5.123897871719249,5.147546796517423,5.116014771490888,5.1396636962890625
2005-11-29,5.139667354840361,5.159374743552596,5.112077236175537,5.112077236175537
2005-11-30,5.147546796517423,5.155429520858876,5.123897871719249,5.1396636962890625
2005-12-01,5.16331691484564,5.190907036814734,5.12784368609268,5.143609523773193
2005-12-02,5.163318019674934,5.194849701783004,5.131786337566865,5.171200752258301
2005-12-05,5.135725801920479,5.163316296472479,5.104194130335773,5.112077236175537
2005-12-06,5.1041939455338525,5.139667168754102,5.1041939455338525,5.131784439086914
2005-12-07,5.108134597204989,5.135724710003824,5.08448566060092,5.119958877563477
2005-12-08,5.12390516211217,5.135729453391637,5.119963606389866,5.127846717834473
2005-12-09,5.127846717834473,5.163319967560317,5.127846717834473,5.127846717834473
2005-12-12,5.151487970744696,5.159371070973057,5.123897871719249,5.1396636962890625
2005-12-13,5.1120761492868505,5.151490542444173,5.108134597204989,5.119958877563477
2005-12-14,5.135722146174882,5.155429520858876,5.119956321605068,5.1396636962890625
2005-12-15,5.139671640799995,5.159379045946188,5.1239057918605395,5.151495933532715
2005-12-16,5.13966797038126,5.16331691484564,5.13966797038126,5.143609523773193
2005-12-19,5.139667354840361,5.163316296472479,5.112077236175537,5.112077236175537
2005-12-20,5.157634013264722,5.157634013264722,5.090291605820456,5.110097885131836
2005-12-21,5.125939587694918,5.1576304437777925,5.094249109392345,5.145746231079102
2005-12-22,5.129898841182572,5.173473513914855,5.129898841182572,5.165550708770752
2005-12-23,5.177439632051637,5.185362444989868,5.153671948797977,5.173478603363037
2005-12-27,5.169518423853808,5.193286112748614,5.15367317199707,5.15367317199707
2005-12-28,5.20120647215074,5.209128905448737,5.1497093334822654,5.181399822235107
2005-12-29,5.221012592315674,5.221012592315674,5.165554053735097,5.221012592315674
2005-12-30,5.221015986517014,5.280435591083371,5.221015986517014,5.224977016448975
2006-01-03,5.224973170038375,5.308160781860352,5.22101214302236,5.308160781860352
2006-01-04,5.308164190360586,5.395313262939453,5.308164190360586,5.395313262939453
2006-01-05,5.40323459116139,5.4309636793523675,5.3794665314402,5.423040866851807
2006-01-06,5.434932405691018,5.434932405691018,5.3913576338098395,5.427009582519531
2006-01-09,5.4190812449925385,5.486423657605152,5.407197023156955,5.478500843048096
2006-01-10,5.466615042793332,5.502266939981057,5.458692231071413,5.462653636932373
2006-01-11,5.462655818675694,5.46661722611881,5.438887751797607,5.442849159240723
2006-01-12,5.458695875495962,5.470580101013184,5.442850619253708,5.470580101013184
2006-01-13,5.454728603363037,5.470573841474858,5.430960557305169,5.454728603363037
2006-01-17,5.48246821137694,5.48246821137694,5.427009582519531,5.427009582519531
2006-01-18,5.419079838382019,5.4586927675433445,5.415118432131738,5.423040866851807
2006-01-19,5.466613234348521,5.466613234348521,5.426999944404559,5.450767993927002
2006-01-20,5.472663025524577,5.476643235186279,5.4527623567897505,5.464702606201172
2006-01-23,5.464700805266354,5.476641430316334,5.432859897613525,5.432859897613525
2006-01-24,5.46868230399118,5.46868230399118,5.428881349820604,5.4448018074035645
2006-01-25,5.448779582977295,5.448779582977295,5.436839339184853,5.448779582977295
2006-01-26,5.448781637119067,5.448781637119067,5.420920931242299,5.4448018074035645
2006-01-27,5.444804546512421,5.4527645895215215,5.416943447045965,5.424903869628906
2006-01-30,5.4527585981233395,5.468679046222266,5.393057012645723,5.436838150024414
2006-01-31,5.47265858751133,5.4766387939453125,5.408976802861121,5.4766387939453125
2006-02-01,5.476639317837677,5.49255976552317,5.440818215651962,5.472659111022949
2006-02-02,5.464700650374882,5.50052176536239,5.460720821711252,5.4686808586120605
2006-02-03,5.484598485434815,5.484598485434815,5.4368371499236865,5.440817356109619
2006-02-06,5.460722776113155,5.500523734009122,5.460722776113155,5.464702606201172
2006-02-07,5.440820671924195,5.496542453765869,5.440820671924195,5.496542453765869
2006-02-08,5.5005185577245745,5.53235944590683,5.484598113633447,5.4885783195495605
2006-02-09,5.512464393362282,5.5323646826330535,5.488583514834193,5.492563724517822
2006-02-10,5.476645187533431,5.564207553863525,5.476645187533431,5.564207553863525
2006-02-13,5.548284221780399,5.596045970916748,5.548284221780399,5.596045970916748
2006-02-14,5.496539165859267,5.588081631725953,5.484598547167072,5.516439437866211
2006-02-15,5.512460283793707,5.592062520253962,5.512460283793707,5.588082313537598
2006-02-16,5.606079111435922,5.618074893951416,5.578088443781037,5.618074893951416
2006-02-17,5.602079832794971,5.64606461853506,5.598081111907959,5.598081111907959
2006-02-21,5.598081261141647,5.658060550689697,5.5860854794998405,5.658060550689697
2006-02-22,5.654061414276058,5.6860504150390625,5.638066913894556,5.6860504150390625
2006-02-23,5.638067708399696,5.674055053325113,5.634068987406086,5.658060550689697
2006-02-24,5.59008435947827,5.674055601765411,5.59008435947827,5.666058540344238
2006-02-27,5.674055053325113,5.678053774318722,5.638067708399696,5.658060550689697
2006-02-28,5.674054181842237,5.67805290222168,5.65006262224351,5.67805290222168
2006-03-01,5.6460595956483965,5.678048571608209,5.6460595956483965,5.6740498542785645
2006-03-02,5.666052800957948,5.678048571608209,5.662054083628303,5.6740498542785645
2006-03-03,5.674052683788198,5.682050122435613,5.646062411199974,5.650061130523682
2006-03-06,5.646064281463623,5.670056224014355,5.646064281463623,5.646064281463623
2006-03-07,5.618074929050278,5.650063936850811,5.5980817038401804,5.622073650360107
2006-03-08,5.610076582165342,5.6420655848097,5.598080801508456,5.638067245483398
2006-03-09,5.618075344896255,5.642066911852968,5.618075344896255,5.626072406768799
2006-03-10,5.67005591465756,5.734033916183569,5.658059753367207,5.6860504150390625
2006-03-13,5.71404348888571,5.71404348888571,5.646066733696725,5.654064178466797
2006-03-14,5.654060149159764,5.654060149159764,5.610074996948242,5.610074996948242
2006-03-15,5.598079219680956,5.642063990553594,5.598079219680956,5.610074996948242
2006-03-16,5.60207898938472,5.642065048217773,5.598080269099728,5.642065048217773
2006-03-17,5.6260719903308845,5.654062658160641,5.618074929050278,5.622073650360107
2006-03-20,5.6260691959203015,5.654059849847389,5.622070857935458,5.650061130523682
2006-03-21,5.630071128374611,5.650064355064593,5.626072406768799,5.626072406768799
2006-03-22,5.6521844353750526,5.664236277435197,5.644150257110596,5.644150257110596
2006-03-23,5.656200003678186,5.696372032165527,5.656200003678186,5.696372032165527
2006-03-24,5.700392054436793,5.700392054436793,5.668254567267309,5.684323310852051
2006-03-27,5.66423421531598,5.684319845219242,5.636113643855515,5.672268390655518
2006-03-28,5.676289130614213,5.696375155872407,5.648168925118182,5.684323310852051
2006-03-29,5.668255588706463,5.712444928859374,5.664238689418219,5.6883416175842285
2006-03-30,5.7044053236908026,5.7044053236908026,5.664233684539795,5.664233684539795
2006-03-31,5.692356463043564,5.692356463043564,5.664236264518629,5.680305004119873
2006-04-03,5.696376154169372,5.724496364593506,5.668255560636106,5.724496364593506
2006-04-04,5.692353051968685,5.724490511913182,5.688335773698437,5.712439060211182
2006-04-05,5.672270442764765,5.716459380890944,5.672270442764765,5.680305004119873
2006-04-06,5.68833659140864,5.700388044843063,5.664233684539795,5.664233684539795
2006-04-07,5.668254512150048,5.6923578188473165,5.595945358276367,5.595945358276367
2006-04-10,5.624064236785994,5.660218996748482,5.624064236785994,5.644150257110596
2006-04-11,5.65218270423706,5.704406187842542,5.65218270423706,5.7003889083862305
2006-04-12,5.708421781940934,5.712439060211182,5.664232870294435,5.712439060211182
2006-04-13,5.712444928859374,5.716461828147619,5.668255588706463,5.6883416175842285
2006-04-17,5.688340709058584,5.688340709058584,5.616031169891357,5.616031169891357
2006-04-18,5.656200003678186,5.696372032165527,5.628079813602361,5.696372032165527
2006-04-19,5.613641847724152,5.670141617285154,5.613641847724152,5.62978458404541
2006-04-20,5.59346333110428,5.649963100665282,5.59346333110428,5.62978458404541
2006-04-21,5.6217133479621575,5.674177336661251,5.6217133479621575,5.6418914794921875
2006-04-24,5.649959194914928,5.694351592892148,5.6459234174062,5.690316200256348
2006-04-25,5.686276737875606,5.690312512769035,5.674169798067998,5.682240962982178
2006-04-26,5.653998009422694,5.702426210921456,5.653998009422694,5.670140743255615
2006-04-27,5.6983943986352985,5.726644106292907,5.690323218536012,5.714537143707275
2006-04-28,5.771032781744382,5.771032781744382,5.706461848025959,5.718568801879883
2006-05-01,5.730678726388899,5.738750289724381,5.72260754792674,5.734714508056641
2006-05-02,5.72664065130742,5.7468191666916795,5.694355180641874,5.698390960693359
2006-05-03,5.722605813509966,5.750855506875543,5.702427296160323,5.738748550415039
2006-05-04,5.754890726794651,5.758926506846136,5.690319785463557,5.698390960693359
2006-05-05,5.706459719664746,5.738745174482323,5.706459719664746,5.726637840270996
2006-05-08,5.7508521238206685,5.7508521238206685,5.694352385453421,5.726637840270996
2006-05-09,5.771034240722656,5.803319715743976,5.726641423913426,5.771034240722656
2006-05-10,5.791212389377814,5.799283565181631,5.771033872558476,5.787176609039307
2006-05-11,5.807356868294975,5.807356868294975,5.730678558349609,5.730678558349609
2006-05-12,5.771033883550611,5.771033883550611,5.690320200992719,5.710498332977295
2006-05-15,5.706459533525591,5.847708297526844,5.690316806643364,5.746816158294678
2006-05-16,5.738750289724381,5.771035773319662,5.730678726388899,5.734714508056641
2006-05-17,5.7064646387998295,5.750857081223301,5.690321897475538,5.730678558349609
2006-05-18,5.72260256440484,5.771030747624134,5.72260256440484,5.742780685424805
2006-05-19,5.730677204509396,5.799283935148006,5.722606028190676,5.771034240722656
2006-05-22,5.736572466064986,5.7690053545449596,5.687923133345027,5.744680881500244
2006-05-23,5.769007302176834,5.769007302176834,5.732520580291748,5.732520580291748
2006-05-24,5.7325173293518406,5.760896003601213,5.7163008888335645,5.7527875900268555
2006-05-25,5.760898252101241,5.777114698948856,5.728465358406011,5.7568440437316895
2006-05-26,5.756843118022601,5.866304406615407,5.728464437260257,5.744680881500244
2006-05-30,5.760896003601213,5.7771124441194885,5.724408915777483,5.7527875900268555
2006-05-31,5.73657440274743,5.74873703000645,5.691979262689664,5.732520580291748
2006-06-01,5.683871097967516,5.736574268332403,5.655492021658749,5.700087547302246
2006-06-02,5.6676496561652,5.740623812184089,5.6676496561652,5.696028709411621
2006-06-05,5.696034747202248,5.716305410542191,5.655493420522362,5.675764083862305
2006-06-06,5.675757613272969,5.700082458875758,5.635216332811755,5.683866024017334
2006-06-07,5.69198053720811,5.69198053720811,5.655493420522362,5.675764083862305
2006-06-08,5.671708953672918,5.679817372345659,5.62711381086489,5.663600921630859
2006-06-09,5.64333026157969,5.663600921630859,5.64333026157969,5.663600921630859
2006-06-12,5.663601840510637,5.68387250385058,5.659547630516499,5.675764083862305
2006-06-13,5.643329175237887,5.6838704875360175,5.594679832458496,5.594679832458496
2006-06-14,5.63522075689148,5.639274965446526,5.614950487377463,5.631166934967041
2006-06-15,5.610894014646932,5.659543337784104,5.594677573601207,5.639272689819336
2006-06-16,5.655489747311714,5.663598162033617,5.635219097137451,5.635219097137451
2006-06-19,5.643327511859354,5.663598162033617,5.635219097137451,5.635219097137451
2006-06-20,5.610893386457815,5.663596910613407,5.606839179992676,5.606839179992676
2006-06-21,5.640234295609153,5.644306371667154,5.579148494280132,5.583220958709717
2006-06-22,5.558786319205571,5.623944582135758,5.558786319205571,5.566931247711182
2006-06-23,5.56286076901477,5.587295174881429,5.526209354400635,5.526209354400635
2006-06-26,5.538426555673553,5.538426555673553,5.424399850156893,5.456978797912598
2006-06-27,5.46512372903737,5.518064616233314,5.456978797912598,5.456978797912598
2006-06-28,5.424399612580741,5.493629970622408,5.424399612580741,5.473268032073975
2006-06-29,5.489554264292123,5.5058441162109375,5.477337263724458,5.5058441162109375
2006-06-30,5.53842306137085,5.587291452172354,5.497699208183872,5.53842306137085
2006-07-03,5.554716346420939,5.579150364445714,5.522137396806764,5.571005821228027
2006-07-05,5.599511221058796,5.611728227706139,5.538425799450446,5.591366291046143
2006-07-06,5.6117287072143895,5.6117287072143895,5.550643280386442,5.558787822723389
2006-07-07,5.542497876085135,5.60765615107145,5.538425799450446,5.591366291046143
2006-07-10,5.619873880142105,5.619873880142105,5.542498588562012,5.542498588562012
2006-07-11,5.538426272695188,5.579149761123261,5.538426272695188,5.558787822723389
2006-07-12,5.57914652618638,5.591363526793895,5.53842306137085,5.53842306137085
2006-07-13,5.554715271104116,5.599511221058796,5.530280869437792,5.591366291046143
2006-07-14,5.591366692300015,5.6402354991396395,5.591366692300015,5.6320905685424805
2006-07-17,5.628017428954978,5.6605963706970215,5.615800422894616,5.6605963706970215
2006-07-18,5.644305101197829,5.648377564710748,5.607654094696045,5.607654094696045
2006-07-19,5.611728630421248,5.656524971962292,5.611728630421248,5.6320905685424805
2006-07-20,5.6860845241693765,5.698356930265134,5.6615404922185695,5.665631294250488
2006-07-21,5.706540282366003,5.710631085930687,5.686086654663086,5.686086654663086
2006-07-24,5.673815426709133,5.743357536541633,5.673815426709133,5.702450275421143
2006-07-25,5.726994690873953,5.788355192227953,5.702450256260022,5.755629539489746
2006-07-26,5.77199236585885,5.776083169981264,5.731085494996368,5.755629539489746
2006-07-27,5.78835771475524,5.853809438875627,5.776085687160484,5.7924485206604
2006-07-28,5.821076202254081,5.853802219011572,5.796532177336265,5.8497114181518555
2006-07-31,5.8783494593845615,5.8783494593845615,5.816988973405614,5.8619866371154785
2006-08-01,5.8619866371154785,5.870168243310248,5.812898170308229,5.8619866371154785
2006-08-02,5.86607423147048,5.870165032330197,5.829257803973515,5.8497114181518555
2006-08-03,5.8619866371154785,5.894712281653645,5.8292609925773125,5.8619866371154785
2006-08-04,5.857894261390618,5.890619897143164,5.808805807761799,5.821077823638916
2006-08-07,5.808805122186299,5.849712357109142,5.776079490296147,5.796533107757568
2006-08-08,5.808808785442412,5.821080807610348,5.808808785442412,5.812899589538574
2006-08-09,5.829262415802672,5.829262415802672,5.780173937010379,5.812899589538574
2006-08-10,5.829261640353247,5.841533660888671,5.808808012713872,5.841533660888672
2006-08-11,5.853806391154763,5.861987608584898,5.833352762398648,5.85789680480957
2006-08-14,5.8415342784551365,5.861987908256867,5.8292622566223145,5.8292622566223145
2006-08-15,5.861988384401492,5.8824420158645845,5.837444338742238,5.878351211547852
2006-08-16,5.911075103922728,5.923347123094426,5.8619866371154785,5.8619866371154785
2006-08-17,5.906981069706921,5.906981069706921,5.8497114181518555,5.8497114181518555
2006-08-18,5.870168529928807,5.911075392538617,5.849714903563664,5.886531352996826
2006-08-21,5.878350594273244,5.923348266670469,5.878350594273244,5.890622615814209
2006-08-22,5.924309503751443,5.932526095396382,5.842141628265381,5.842141628265381
2006-08-23,5.854468015558648,5.924310823229205,5.854468015558648,5.895552158355713
2006-08-24,5.875010485390487,5.9325278190381985,5.875010485390487,5.920202732086182
2006-08-25,5.9325278190381985,5.944853297797666,5.920202732086182,5.920202732086182
2006-08-28,5.920203481557781,5.977721214294434,5.920203481557781,5.977721214294434
2006-08-29,5.9736118276740955,6.022912566159373,5.9736118276740955,6.01880407333374
2006-08-30,6.031129551810641,6.039346145654466,5.969503334848462,6.01880407333374
2006-08-31,6.0270228560584185,6.035239452352181,5.9653970125287445,5.981830596923828
2006-09-01,5.981830252458232,6.035239104811019,5.965396669009481,5.998263835906982
2006-09-05,6.035239483453642,6.09275722503662,5.981830627750056,6.092757225036621
2006-09-06,6.080431043345269,6.080431043345269,6.022913312085267,6.051671981811523
2006-09-07,6.092755931114888,6.092755931114888,6.027021607155836,6.039346694946289
2006-09-08,6.051671782736743,6.080430843324435,5.99826293837562,6.039346694946289
2006-09-11,6.039347308780325,6.096865043994287,6.039347308780325,6.0804314613342285
2006-09-12,6.06399686092159,6.0927555277980945,6.014696121215819,6.01469612121582
2006-09-13,5.998263950057827,6.035239219665527,5.985938468381051,6.035239219665527
2006-09-14,5.969504771016017,6.035239104811019,5.969504771016017,5.998263835906982
2006-09-15,6.0146933843984955,6.035235056073401,5.994151320916317,6.006476402282715
2006-09-18,6.031129551810641,6.035237652828833,5.998262392820455,6.01880407333374
2006-09-19,6.031129551810641,6.039346145654466,5.998262392820455,6.01880407333374
2006-09-20,6.0237595115676985,6.060891944192646,6.0237595115676985,6.032011032104492
2006-09-21,6.048511262511316,6.065014688315292,6.044385307692146,6.056763172149658
2006-09-22,6.056763297911547,6.065014814248514,6.0072530194715945,6.0443854331970215
2006-09-25,6.044380585958966,6.085639314974875,6.044380585958966,6.06088399887085
2006-09-26,6.081521378928058,6.098024813591751,6.069143901298519,6.093899250030518
2006-09-27,6.093897627073031,6.126904487609863,6.081519759267108,6.126904487609863
2006-09-28,6.15578429319494,6.159910248393624,6.093896539105648,6.102148056030273
2006-09-29,6.106273559068517,6.135154456375233,6.106273559068517,6.122776985168457
2006-10-02,6.13928067919432,6.15578410601449,6.135154724121094,6.135154724121094
2006-10-03,6.147533480340772,6.159911348146695,6.093897627073031,6.126904487609863
2006-10-04,6.164032004103456,6.164032004103456,6.065011501312257,6.065011501312256
2006-10-05,6.089773292996364,6.11040268469421,6.060891987230213,6.093899250030518
2006-10-06,6.09389475211786,6.114523735116503,6.09389475211786,6.106272220611572
2006-10-09,6.102147554041391,6.110399463759922,6.081518173217773,6.081518173217773
2006-10-10,6.110399966427642,6.110399966427642,6.081518673509594,6.102148056030273
2006-10-11,6.098018050980114,6.126899324717361,6.073263123173883,6.110395908355713
2006-10-12,6.1186474559313835,6.126899360897177,6.073263159036973,6.114521503448486
2006-10-13,6.126901206314471,6.131026766567498,6.089768409729004,6.089768409729004
2006-10-16,6.085645715202416,6.126904487609863,6.085645715202416,6.126904487609863
2006-10-17,6.1103995139616805,6.147531927582009,6.098021649282189,6.122776985168457
2006-10-18,6.089770583906963,6.122777438550951,6.089770583906963,6.102148056030273
2006-10-19,6.093896170491548,6.168161392211914,6.093896170491548,6.168161392211914
2006-10-20,6.193847964806997,6.193847964806997,6.135845627301227,6.160703659057617
2006-10-23,6.197988076390331,6.197988076390331,6.160700651845501,6.177272796630859
2006-10-24,6.173132674935812,6.197991101803493,6.1524177801759174,6.160703659057617
2006-10-25,6.173130661109808,6.1772737967547116,6.148272637462712,6.156558513641357
2006-10-26,6.156556462940516,6.206272888785716,6.152413723786689,6.173128604888916
2006-10-27,6.164845943450928,6.210419258775676,6.160702807027431,6.164845943450928
2006-10-30,6.181418094033676,6.193847108192928,6.164845943450928,6.164845943450928
2006-10-31,6.181414730258322,6.210415879218604,6.1648425886937295,6.189700603485107
2006-11-01,6.197987015367032,6.206272888785716,6.156556462940516,6.173128604888916
2006-11-02,6.152416929291675,6.185561230457172,6.14827379286818,6.164845943450928
2006-11-03,6.177277405271376,6.181420543336533,6.139989952907743,6.1441330909729
2006-11-06,6.164845617724719,6.185560903636449,6.131701318310436,6.148273468017578
2006-11-07,6.139986366172907,6.181416932399614,6.139986366172907,6.156558513641357
2006-11-08,6.14827379286818,6.181418094033676,6.144130656444683,6.164845943450928
2006-11-09,6.173130661109808,6.181416932399614,6.156558513641357,6.156558513641357
2006-11-10,6.15655914589608,6.185560703277588,6.15655914589608,6.185560703277588
2006-11-13,6.193843881102174,6.193843881102174,6.144127455256974,6.173128604888916
2006-11-14,6.173135218865055,6.202136794680688,6.173135218865055,6.193850517272949
2006-11-15,6.193844941416217,6.197988076390331,6.173129661656746,6.177272796630859
2006-11-16,6.177271596089419,6.1979868718229145,6.173128461920515,6.189700603485107
2006-11-17,6.1938496635334666,6.202135939799053,6.177277506113693,6.19799280166626
2006-11-20,6.198824867663342,6.219626373277458,6.173863378330979,6.182183742523193
2006-11-21,6.169702997857011,6.215465992803491,6.148901492242896,6.182183742523193
2006-11-22,6.178016678844008,6.223779621346497,6.178016678844008,6.215458869934082
2006-11-24,6.219624021374293,6.219624021374293,6.194662541480922,6.2029829025268555
2006-11-27,6.20298482585236,6.219625949859618,6.169702577837841,6.219625949859619
2006-11-28,6.223783516541608,6.240424633026124,6.202982021747085,6.240424633026123
2006-11-29,6.240427454057616,6.240427454057616,6.215465569668881,6.219625949859619
2006-11-30,6.2404251065206005,6.273707342014934,6.219623610147757,6.25290584564209
2006-12-01,6.273709272880976,6.2903503957497975,6.236266647237209,6.2695488929748535
2006-12-04,6.261225326854075,6.3153090476989755,6.219622342587086,6.315309047698975
2006-12-05,6.315307558080224,6.327788291714251,6.252903096399349,6.282025337219238
2006-12-06,6.315312278430864,6.340273764356264,6.265388909824397,6.2695488929748535
2006-12-07,6.286190015843676,6.2903503957497975,6.2695488929748535,6.2695488929748535
2006-12-08,6.286185317260334,6.2986664476497305,6.265384226788745,6.282025337219238
2006-12-11,6.273708363034552,6.311150983248191,6.273708363034552,6.29034948348999
2006-12-12,6.273705088010257,6.319468046184452,6.273705088010257,6.298666954040527
2006-12-13,6.27786922454834,6.306991088393343,6.261228102814676,6.27786922454834
2006-12-14,6.2820276226151694,6.298668739099686,6.178020545398067,6.240424633026123
2006-12-15,6.2404251065206005,6.298669217013455,6.2404251065206005,6.25290584564209
2006-12-18,6.2820300326932195,6.2820300326932195,6.240427027143331,6.2695488929748535
2006-12-19,6.266208508521684,6.295450687408447,6.245321067147651,6.295450687408447
2006-12-20,6.295447005433582,6.307979701964975,6.253672545512663,6.27455997467041
2006-12-21,6.274562293568343,6.328869071696305,6.274562293568343,6.291272163391113
2006-12-22,6.303802550444132,6.30798011622895,6.287092685699463,6.287092685699463
2006-12-26,6.3037996357012425,6.3079771995544425,6.295444507994841,6.307977199554443
2006-12-27,6.307981364058342,6.349755834986438,6.307981364058342,6.341401100158691
2006-12-28,6.345577783116088,6.349755349407834,6.328867916343751,6.333045482635498
2006-12-29,6.337221031792517,6.370640754699707,6.333043466830487,6.370640754699707
2007-01-03,6.370640328001227,6.395705317700056,6.337220607332452,6.349752902984619
2007-01-04,6.353933941055652,6.358111508021547,6.32051420211792,6.32051420211792
2007-01-05,6.312158049571414,6.349755349407834,6.312158049571414,6.333045482635498
2007-01-08,6.333050250100647,6.341405388973817,6.320517940185843,6.3288726806640625
2007-01-09,6.320514540989098,6.345579147338866,6.316336973799225,6.345579147338867
2007-01-10,6.358111984612944,6.358111984612944,6.312159541333024,6.3163371086120605
2007-01-11,6.341401638552681,6.345578807123863,6.312159068186131,6.32051420211792
2007-01-12,6.31633561586316,6.345577783116088,6.312158049571414,6.333045482635498
2007-01-16,6.353932915699581,6.353932915699581,6.31633561586316,6.333045482635498
2007-01-17,6.370640328001227,6.391527753017835,6.333043042650232,6.349752902984619
2007-01-18,6.3414011001586905,6.362288136425399,6.333045966936264,6.341401100158691
2007-01-19,6.341400029533246,6.378997325897216,6.341400029533246,6.378997325897217
2007-01-22,6.392418032281744,6.392418032281744,6.354667467521156,6.363056659698486
2007-01-23,6.350474420419729,6.379835798315235,6.350474420419729,6.354668617248535
2007-01-24,6.35047199598392,6.38402795791626,6.346277400737723,6.38402795791626
2007-01-25,6.384031014072979,6.384031014072979,6.354669233312175,6.358863830566406
2007-01-26,6.354669233312175,6.384031014072979,6.354669233312175,6.358863830566406
2007-01-29,6.358867311290488,6.379839909022834,6.346283912658691,6.346283912658691
2007-01-30,6.363058427820637,6.3756418195645175,6.350475036076756,6.358863830566406
2007-01-31,6.358860298981295,6.38402746851052,6.333693529470659,6.367249488830566
2007-02-01,6.438558959053382,6.438558959053382,6.3336964378962834,6.37144660949707
2007-02-02,6.371444172177668,6.388222153143838,6.354666191211498,6.38402795791626
2007-02-05,6.388223436193079,6.400807224459075,6.354667467521156,6.363056659698486
2007-02-06,6.438556002475017,6.438556002475017,6.358860298981295,6.367249488830566
2007-02-07,6.375639579329505,6.413390141315387,6.36725078778746,6.379834175109863
2007-02-08,6.396617270954794,6.417589866601066,6.379839274441573,6.409200668334961
2007-02-09,6.40499964253469,6.421777621165318,6.388221263885498,6.388221263885498
2007-02-12,6.388228076950574,6.417589870882541,6.388228076950574,6.392422676086426
2007-02-13,6.396614557250631,6.4637265148318885,6.38403116520885,6.43017053604126
2007-02-14,6.400811190407362,6.451145174602227,6.400811190407362,6.4343671798706055
2007-02-15,6.425979071829499,6.46792426577859,6.425979071829499,6.438562870025635
2007-02-16,6.435190047036526,6.464670903343863,6.355171497953346,6.3593831062316895
2007-02-20,6.355170279910262,6.376227915624968,6.334112644195557,6.334112644195557
2007-02-21,6.338324365048736,6.3551703935936485,6.329901149955779,6.342535972595215
2007-02-22,6.329904421034564,6.35938528745362,6.275154699560558,6.283577919006348
2007-02-23,6.279365936428935,6.338327264124847,6.279365936428935,6.321481227874756
2007-02-26,6.3172669478118015,6.376228250582144,6.283574889554753,6.346747398376465
2007-02-27,6.321481216537589,6.380442142486572,6.321481216537589,6.380442142486572
2007-02-28,6.384653815267698,6.443615143442578,6.3593849615078835,6.439403533935547
2007-03-01,6.41413541221277,6.439404672080035,6.393078164238185,6.435193061828613
2007-03-02,6.443615286736832,6.456249713897705,6.397288384411632,6.456249713897705
2007-03-05,6.464669886271747,6.473092699862222,6.452035063424524,6.460458278656006
2007-03-06,6.452038104297015,6.468884141058579,6.430980859575958,6.456249713897705
2007-03-07,6.443618588436599,6.46046463383005,6.4351953649191715,6.4478302001953125
2007-03-08,6.4562462039185275,6.502572679416847,6.443611783626436,6.489938259124756
2007-03-09,6.468884141058579,6.485730177820143,6.452038104297015,6.456249713897705
2007-03-12,6.456247921224495,6.523632049560547,6.456247921224495,6.523632049560547
2007-03-13,6.523625328821991,6.5783749771013795,6.515202522277832,6.515202522277832
2007-03-14,6.527843363424593,6.540477786507206,6.506785723859526,6.519420146942139
2007-03-15,6.519420699376729,6.548901557922363,6.519420699376729,6.548901557922363
2007-03-16,6.536265593046889,6.565746043002317,6.473092683889676,6.5404767990112305
2007-03-19,6.5404767990112305,6.5573228277916185,6.4983619278807625,6.5404767990112305
2007-03-20,6.54890129850711,6.5657473305911225,6.523632049560547,6.523632049560547
2007-03-21,6.524476051330566,6.60904467997689,6.520247519084492,6.524476051330566
2007-03-22,6.532932712567684,6.570988696272287,6.5117904545923455,6.524476051330566
2007-03-23,6.532936309333572,6.566763779416115,6.532936309333572,6.554078578948975
2007-03-26,6.5709965618474016,6.5709965618474016,6.549854278564454,6.549854278564453
2007-03-27,6.5625354339893684,6.575220634042644,6.528707561755234,6.532936096191406
2007-03-28,6.545619187460499,6.5667614495747735,6.532933991493978,6.558304786682129
2007-03-29,6.5667619705200195,6.570990503929348,6.545619706728517,6.5667619705200195
2007-03-30,6.5667619705200195,6.5667619705200195,6.541391576574329,6.5667619705200195
2007-04-02,6.5540749294670695,6.575217187309905,6.5540749294670695,6.570988655090332
2007-04-03,6.57522079817358,6.6005911989134285,6.562535597803656,6.596363067626953
2007-04-04,6.5963575915624615,6.625956502272058,6.570986808629297,6.5752153396606445
2007-04-05,6.570989712239825,6.5963605063839195,6.562533049695189,6.583674907684326
2007-04-09,6.5921308264480025,6.621729745086633,6.562531907809372,6.609044551849365
2007-04-10,6.5963609990473,6.5963609990473,6.570990203008334,6.579447269439697
2007-04-11,6.596365434091202,6.638649584912255,6.592136898032479,6.600593566894531
2007-04-12,6.609047196139259,6.634417592764527,6.583676396258807,6.587904930114746
2007-04-13,6.592132767720852,6.6175031616665425,6.558305306956503,6.5667619705200195
2007-04-16,6.575220634042644,6.592134368532091,6.528707561755234,6.532936096191406
2007-04-17,6.528707462760605,6.532935997132659,6.503337063038744,6.5202507972717285
2007-04-18,6.511790587647127,6.562532169126749,6.494876861572266,6.494876861572266
2007-04-19,6.538185001353033,6.576395239167687,6.508466107448108,6.559412956237793
2007-04-20,6.5976231940524475,6.610359805027477,6.559412956237792,6.559412956237793
2007-04-23,6.5594089641016895,6.580636906066865,6.521198749542236,6.521198749542236
2007-04-24,6.533940024202027,6.5763955309657565,6.533940024202027,6.5466766357421875
2007-04-25,6.5084653620413615,6.572148814512488,6.5084653620413615,6.5424299240112305
2007-04-26,6.550922307885435,6.572149858822509,6.525448679915533,6.5466766357421875
2007-04-27,6.563657083402177,6.580639362335205,6.5381834625579005,6.580639362335205
2007-04-30,6.580639388615686,6.6018673385891145,6.555165767669678,6.555165767669678
2007-05-01,6.580636978408765,6.614601523970697,6.542426763429261,6.550918102264404
2007-05-02,6.555164017278172,6.601865575727134,6.555164017278172,6.5891289710998535
2007-05-03,6.589126687252432,6.601863287465098,6.567898750305175,6.567898750305176
2007-05-04,6.576392825923745,6.614603049716945,6.563656219622483,6.584884166717529
2007-05-07,6.5891289710998535,6.618847850193293,6.580637631422093,6.5891289710998535
2007-05-08,6.610357961023384,6.618849302564396,6.5933756828308105,6.5933756828308105
2007-05-09,6.618853065567943,6.695273563326445,6.601870777720463,6.648571968078613
2007-05-10,6.648566439293736,6.686776656398307,6.640075504875689,6.6613030433654785
2007-05-11,6.758958716872518,6.758958716872518,6.665555908114818,6.6910295486450195
2007-05-14,6.708010547929366,6.746220798915872,6.699519201092497,6.729238510131836
2007-05-15,6.877831107617519,6.877831107617519,6.720744492674527,6.74197244644165
2007-05-16,6.724990621612741,6.797165426394132,6.724990621612741,6.771691799163818
2007-05-17,6.7716912359368715,6.792919189381596,6.750463282492147,6.7674455642700195
2007-05-18,6.7334840155079405,6.805659251490953,6.7334840155079405,6.77593994140625
2007-05-21,6.746215447539657,6.788670933377454,6.7419697774890635,6.754706382751465
2007-05-22,6.7853927449760025,6.7853927449760025,6.691624641418457,6.691624641418457
2007-05-23,6.670321357624818,6.729992111803934,6.65327262878418,6.65327262878418
2007-05-24,6.653265562295302,6.687362983761424,6.623430420130776,6.627692699432373
2007-05-25,6.627695843422904,6.67884199988437,6.627695843422904,6.6490068435668945
2007-05-29,6.636219999596389,6.674579718560868,6.636219999596389,6.6490068435668945
2007-05-30,6.666052924091119,6.674577076890906,6.606382228599169,6.6149067878723145
2007-05-31,6.606384158643044,6.6490061545140025,6.5893354415893555,6.5893354415893555
2007-06-01,6.619170188903809,6.640481185532422,6.5978591922751955,6.619170188903809
2007-06-04,6.614906268000909,6.687362983761424,6.6063817093977155,6.627692699432373
2007-06-05,6.614905890749234,6.6490033102707615,6.5765461921691895,6.5765461921691895
2007-06-06,6.5765461921691895,6.606381332632201,6.546710645232875,6.5765461921691895
2007-06-07,6.57655121814099,6.57655121814099,6.461472034454346,6.461472034454346
2007-06-08,6.457205861143682,6.487041412902755,6.431632995605469,6.431632995605469
2007-06-11,6.4316317335400575,6.452942721622337,6.393272036286612,6.435894012451172
2007-06-12,6.431632728771978,6.431632728771978,6.295243034297687,6.32934045791626
2007-06-13,6.329340457916259,6.3549133223935135,6.316553619204281,6.32934045791626
2007-06-14,6.337866591376169,6.376226306554075,6.329342436044123,6.359177589416504
2007-06-15,6.371959424423721,6.371959424423721,6.33359973694556,6.337862014770508
2007-06-18,6.359176681754739,6.43589610116019,6.329341532640806,6.346390247344971
2007-06-19,6.34638721722419,6.393271058657315,6.333600382446151,6.342124938964844
2007-06-20,6.360106442677461,6.484226945259631,6.360106442677461,6.364386558532715
2007-06-21,6.342984795829161,6.420025229195252,6.342984795829161,6.381505012512207
2007-06-22,6.338703012002932,6.402903079986572,6.334422898624268,6.402903079986572
2007-06-25,6.381507770716225,6.3986278290667125,6.334427712295983,6.342987537384033
2007-06-26,6.360101949653288,6.3900623313005696,6.338702201843262,6.338702201843262
2007-06-27,6.330147551372573,6.407188017497903,6.330147551372573,6.394347667694092
2007-06-28,6.441425056275626,6.441425056275626,6.368664741516113,6.368664741516113
2007-06-29,6.420027959127331,6.449987958987455,6.355827842805811,6.394347667694092
2007-07-02,6.402903079986572,6.428583352084475,6.398622966607909,6.402903079986572
2007-07-03,6.402903079986572,6.437143170667724,6.402903079986572,6.402903079986572
2007-07-05,6.4371486740477355,6.441428791085644,6.377228260040283,6.377228260040283
2007-07-06,6.3857858917385135,6.394345714151551,6.355825901031494,6.355825901031494
2007-07-09,6.355825330953683,6.3943451406187535,6.355825330953683,6.360105037689209
2007-07-10,6.377226437377249,6.420026779174806,6.377226437377249,6.420026779174805
2007-07-11,6.398625063463093,6.48422531821752,6.377224897730933,6.381505012512207
2007-07-12,6.432863226438786,6.437143339929994,6.334423065185547,6.334423065185547
2007-07-13,6.338701927555506,6.3643817870859305,6.313021659851074,6.313021659851074
2007-07-16,6.330144595380711,6.368664810455566,6.283064559274885,6.308744430541992
2007-07-17,6.317303019394806,6.334423065185547,6.29162274662165,6.334423065185547
2007-07-18,6.3173076460671735,6.342987529473684,6.27878741278302,6.300187587738037
2007-07-19,6.295903568809834,6.300183682782831,6.184623054556706,6.206023216247559
2007-07-20,6.201725273082812,6.296276574041693,6.201725273082812,6.274787902832031
2007-07-23,6.27478814765139,6.3091705147724815,6.253299065733171,6.279085636138916
2007-07-24,6.274788737640659,6.279086226532258,6.231810569763184,6.231810569763184
2007-07-25,6.210320949554443,6.249001215330039,6.184534378950813,6.210320949554443
2007-07-26,6.0985812962718144,6.223217546840939,6.0985812962718144,6.167346477508545
2007-07-27,6.1673431952583435,6.236107930028224,6.150152011565873,6.210320949554443
2007-07-30,6.210319766232271,6.227510946649112,6.167342020125205,6.19312858581543
2007-07-31,6.201728863191726,6.210324254677338,6.167346477508545,6.167346477508545
2007-08-01,6.145857125998631,6.2060260934832465,6.141559225501059,6.184537410736084
2007-08-02,6.188832730967278,6.227513002139732,6.180237342856848,6.223215103149414
2007-08-03,6.201728846041281,6.253302424423429,6.175941851915024,6.188835144042969
2007-08-06,6.218917614029302,6.240406699110689,6.2146197150389835,6.223215103149414
2007-08-07,6.2490044983244175,6.253302398973029,6.201728820800781,6.201728820800781
2007-08-08,6.201726098171062,6.236108468524968,6.193130300647493,6.231810569763184
2007-08-09,6.249001215330039,6.249001215330039,6.1673431952583435,6.210320949554443
2007-08-10,6.145852498832347,6.206021421016231,6.107172243216969,6.124363422393799
2007-08-13,6.094279890089797,6.180235799073905,6.094279890089797,6.158746719360352
2007-08-14,6.175937877693757,6.175937877693757,6.068492889404297,6.068492889404297
2007-08-15,6.02122026808723,6.047006848708544,5.973944187164307,5.973944187164307
2007-08-16,5.973941389146489,6.059897710612288,5.948154820602843,5.9954304695129395
2007-08-17,5.982538313343277,6.059898853302002,5.973942515627776,6.059898853302002
2007-08-20,6.081387578610087,6.18023720381244,6.042707718178068,6.102876663208008
2007-08-21,6.102879180072721,6.210324237503122,6.102879180072721,6.188835144042969
2007-08-22,6.2147299970344,6.257888010013447,6.149993389151146,6.154309272766113
2007-08-23,6.167253791478965,6.210411785419822,6.167253791478965,6.184516906738281
2007-08-24,6.154309344184198,6.214730069153641,6.145677576854095,6.193151473999023
2007-08-27,6.175884000275944,6.184515349940308,6.149989128112793,6.149989128112793
2007-08-28,6.149991197245462,6.162938431890552,6.0420966148376465,6.0420966148376465
2007-08-29,6.059358095328798,6.128410543569687,6.059358095328798,6.1068315505981445
2007-08-30,6.128410136574338,6.180199469315611,6.102515675996217,6.149989128112793
2007-08-31,6.14999144380917,6.2578860305426645,6.14999144380917,6.201780796051025
2007-09-04,6.23630907589358,6.257888082633517,6.171572467259085,6.193151473999023
2007-09-05,6.206097389465063,6.236307745505024,6.184518387328563,6.2276763916015625
2007-09-06,6.20609516281563,6.257884502410889,6.20609516281563,6.257884502410889
2007-09-07,6.25788375178517,6.344199307423819,6.214725768173326,6.236304759979248
2007-09-10,6.257884297480576,6.344199860646052,6.257884297480576,6.279463291168213
2007-09-11,6.344198694105821,6.365777683825619,6.279462136531423,6.301041126251221
2007-09-12,6.2880941691739825,6.421883590715681,6.279462819298573,6.322620391845703
2007-09-13,6.365776526507646,6.365776526507646,6.197460931195516,6.2190399169921875
2007-09-14,6.21904194853562,6.279463046186773,6.214726067649454,6.253568172454834
2007-09-17,6.244938373565673,6.30535907464081,6.197464495195029,6.244938373565674
2007-09-18,6.322619238797957,6.387356203190219,6.279461674121414,6.344198226928711
2007-09-19,6.3398677590523596,6.413536794889795,6.3052000261020344,6.309533596038818
2007-09-20,6.300864806021552,6.33986609869455,6.248863220214845,6.248863220214844
2007-09-21,6.253197032713396,6.348533070438485,6.24019632580116,6.283531188964844
2007-09-24,6.326862497356751,6.326862497356751,6.240192819725072,6.244526386260986
2007-09-25,6.19686187590936,6.283531188964844,6.19686187590936,6.283531188964844
2007-09-26,6.2748630675104735,6.348532075378833,6.2748630675104735,6.331198215484619
2007-09-27,6.344199765443519,6.391867783184306,6.305198472168386,6.383200645446777
2007-09-28,6.378872394561768,6.378872394561768,6.352871374628883,6.378872394561768
2007-10-01,6.370200256608816,6.413535118103027,6.361533532273095,6.413535118103027
2007-10-02,6.4265354112425435,6.4265354112425435,6.374533825412611,6.413535118103027
2007-10-03,6.361535411608375,6.3702021385044345,6.348534701356299,6.36586856842041
2007-10-04,6.318198851912906,6.3875343016739015,6.318198851912906,6.3572001457214355
2007-10-05,6.370200439233653,6.370200439233653,6.309532127328722,6.3572001457214355
2007-10-08,6.352869396409234,6.352869396409234,6.335535526275635,6.335535526275635
2007-10-09,6.344198568243271,6.443868153785176,6.344198568243271,6.348531723022461
2007-10-10,6.348531723022461,6.39186657698873,6.331197864090313,6.348531723022461
2007-10-11,6.335532776798133,6.335532776798133,6.2748640510233535,6.283531188964844
2007-10-12,6.296532007606601,6.339866874383522,6.261864279493832,6.305199146270752
2007-10-15,6.296528988630438,6.370197978866223,6.253194555902854,6.3615312576293945
2007-10-16,6.370199150005596,6.500203298632607,6.279196287293868,6.348531723022461
2007-10-17,6.3615383373494945,6.40920639038086,6.3615383373494945,6.409206390380859
2007-10-18,6.430870935798692,6.43520450592041,6.38320249100379,6.43520450592041
2007-10-19,6.43520450592041,6.478538967321602,6.413537068583818,6.43520450592041
2007-10-22,6.439552717826218,6.44390386649142,6.3438295219336425,6.365584850311279
2007-10-23,6.369938514659298,6.387342701245175,6.330778991103938,6.339480876922607
2007-10-24,6.339479995847236,6.365586479571983,6.330778111237975,6.335129261016846
2007-10-25,6.335129984913333,6.348183020792998,6.287268161773682,6.287268161773682
2007-10-26,6.291618129881468,6.3742878948507515,6.256809764110353,6.330777645111084
2007-10-29,6.374288071612245,6.387341520349729,6.374288071612245,6.378639221191406
2007-10-30,6.387345455059955,6.387345455059955,6.326430568272511,6.361238956451416
2007-10-31,6.374287128448486,6.387340575254532,6.330776883940204,6.374287128448486
2007-11-01,6.352539554231802,6.3873479560400135,6.348188400268555,6.348188400268555
2007-11-02,6.352539554231802,6.352539554231802,6.330784199364449,6.348188400268555
2007-11-05,6.317724611684029,6.352532977455144,6.313373462225527,6.330777645111084
2007-11-06,6.330775563057539,6.374285798487643,6.221999352059809,6.274211883544922
2007-11-07,6.282918418847174,6.282918418847174,6.187195581023381,6.213301658630371
2007-11-08,6.243758057516871,6.265512979535521,6.187194347381592,6.187194347381592
2007-11-09,6.15238584088002,6.15238584088002,6.100173282259428,6.126279354095459
2007-11-12,6.156735828155238,6.156735828155238,6.082767942026293,6.091470241546631
2007-11-13,6.0914687949219095,6.222000352088484,6.0914687949219095,6.17413854598999
2007-11-14,6.174141589806737,6.174141589806737,6.0697164585718335,6.152386665344238
2007-11-15,6.121927044011821,6.174139592740781,6.121927044011821,6.161086559295654
2007-11-16,6.148034690591171,6.156736576220338,6.095822131970579,6.126279354095459
2007-11-19,6.744127513827939,6.744127513827939,6.100172311682857,6.13498067855835
2007-11-20,6.152457917851468,6.226741889520322,6.12624029062815,6.204893589019775
2007-11-21,6.161203193176996,6.248596060562911,6.161203193176996,6.187420845031738
2007-11-23,6.183050492530167,6.213638305664062,6.161202590362841,6.2136383056640625
2007-11-26,6.2223759819685895,6.270442356045483,6.108765082705657,6.200527667999268
2007-11-27,6.200526218689606,6.2485925815314785,6.161199762803298,6.20926570892334
2007-11-28,6.187417776791814,6.244223216604281,6.183048031408888,6.226744651794434
2007-11-29,6.20489655925016,6.239853690096041,6.1524608629813375,6.183048248291016
2007-11-30,6.18304528851923,6.226741889520322,6.139349104239809,6.204893589019775
2007-12-03,6.204896341601661,6.226744651794434,6.183048031408888,6.226744651794434
2007-12-04,6.121870547183707,6.239850703131981,6.121870547183707,6.204893589019775
2007-12-05,6.191785034300202,6.239850964033807,6.148088431472059,6.161197662353516
2007-12-06,6.143723005649325,6.222376357272173,6.143723005649325,6.218006610870361
2007-12-07,6.183051097481927,6.248596060562911,6.183051097481927,6.187420845031738
2007-12-10,6.200526218689606,6.292288782534654,6.200526218689606,6.20926570892334
2007-12-11,6.213633075908662,6.314134674800834,6.200523845575332,6.204893589019775
2007-12-12,6.239852428436279,6.270440224283164,6.204895304658513,6.239852428436279
2007-12-13,6.235483178545248,6.270440302760518,6.226743689130535,6.231113433837891
2007-12-14,6.100022798514624,6.379680153432812,6.100022798514624,6.1917853355407715
2007-12-17,6.200526015442678,6.292288576279843,6.200526015442678,6.248592376708984
2007-12-18,6.038849485932548,6.2922888722174095,6.038849485932548,6.196156978607178
2007-12-19,6.223369214082891,6.2590587530885164,6.201063145841158,6.205524444580078
2007-12-20,6.183218445298261,6.192141042875611,6.089533298000429,6.102917194366455
2007-12-21,6.0761494652975445,6.125222472692428,5.951236084822392,5.978003025054932
2007-12-24,5.9512369297904675,6.165374183865775,5.9512369297904675,6.000309944152832
2007-12-26,6.0226156187974755,6.0226156187974755,5.924469171068044,5.986926078796387
2007-12-27,6.035994918536391,6.0939904873213875,5.879853395302242,6.058300971984863
2007-12-28,5.853089457923033,6.1564509405698145,5.853089457923033,6.116300106048584
2007-12-31,5.982465803010118,6.1296852870542144,5.982465803010118,6.0672287940979
2008-01-02,6.067224947631801,6.178754814864352,6.067224947631801,6.174293518066406
2008-01-03,6.192142829719977,6.308134078979492,6.15645328001751,6.308134078979492
2008-01-04,6.401816021984595,6.473195085360831,6.267980065427764,6.468733787536621
2008-01-07,6.424124218577739,6.491042436232412,6.357206426376012,6.433046817779541
2008-01-08,6.30813211982933,6.526730650228882,6.30813211982933,6.499963283538818
2008-01-09,6.513345816290861,6.540112751925431,6.419660690664322,6.491039752960205
2008-01-10,6.531194657357115,6.549039434066299,6.43304817273008,6.441970348358154
2008-01-11,6.446430791997073,6.468736866281744,6.401819068880711,6.424124717712402
2008-01-14,6.5534962197427165,6.602569644160714,6.424121562968236,6.491039752960205
2008-01-15,6.491044331404471,6.557962143144003,6.482121729597561,6.52227258682251
2008-01-16,6.549037859933216,6.557960033416748,6.49104224320499,6.557960033416748
2008-01-17,6.598110877724977,6.651645194984971,6.557960033416748,6.557960033416748
2008-01-18,6.504423987320165,6.549036119238991,6.294747648026194,6.330437183380127
2008-01-22,6.2408370756057705,6.361800670623779,5.631537574817181,6.361800670623779
2008-01-23,6.343873952392031,6.433476607346322,6.339393712829527,6.420036315917969
2008-01-24,6.446923746336407,6.478284599986974,6.375241123727188,6.469324111938477
2008-01-25,6.563406736259047,6.603728075722602,6.469323753263941,6.473803997039795
2008-01-28,6.487240555981833,6.5320421133570115,6.469320018483625,6.496201038360596
2008-01-29,6.69333122890792,6.69333122890792,6.384201652667703,6.4290032386779785
2008-01-30,6.460363692971797,6.51412533650335,6.429002841059949,6.473803997039795
2008-01-31,6.603728075722602,6.603728075722602,6.406602049440246,6.473803997039795
2008-02-01,6.469324937550216,6.496205977866666,6.393162915716166,6.442444324493408
2008-02-04,6.469323688686695,6.518605515210022,6.406601985489092,6.4514031410217285
2008-02-05,6.64852965896201,6.64852965896201,6.384201257820542,6.473803997039795
2008-02-06,6.670930383992015,6.670930383992015,6.411082229220224,6.4514031410217285
2008-02-07,6.469323179420404,6.469323179420404,6.272197170623568,6.388680934906006
2008-02-08,6.388682671120152,6.487245488674636,6.384202426524136,6.442444324493408
2008-02-11,6.518601817048185,6.554442892044602,6.428999129557143,6.496201038360596
2008-02-12,6.478280103826886,6.59924361771145,6.478280103826886,6.518601417541504
2008-02-13,6.523085798155483,6.585807501730145,6.4110822677612305,6.4110822677612305
2008-02-14,6.384201739515578,6.384201739515578,6.182595454245952,6.27219820022583
2008-02-15,6.272196132172508,6.294596918096444,6.178113173099542,6.204994201660156
2008-02-19,6.4200398345335,6.4200398345335,6.164672021140168,6.2497944831848145
2008-02-20,6.245297216270959,6.294791491773337,6.231798855516702,6.2632951736450195
2008-02-21,6.209300472689571,6.24979597865205,6.141807819717073,6.159805774688721
2008-02-22,6.200300107055181,6.21379889255768,6.146306252360224,6.191301345825195
2008-02-25,6.186802966880757,6.209300518035888,6.119310742520461,6.209300518035889
2008-02-26,6.25429740161871,6.344287638043353,6.164307594299317,6.164307594299316
2008-02-27,6.16430639061283,6.186803945325957,6.096814155578613,6.096814155578613
2008-02-28,6.141807396817628,6.150806588236351,5.984325408935547,5.984325408935547
2008-02-29,5.813345277008958,6.020321982380056,5.804346084594727,5.804346084594727
2008-03-03,5.759349944946565,5.916831910194028,5.759349944946565,5.89433479309082
2008-03-04,5.939328939459012,5.98432402795918,5.894334280063809,5.957326889038086
2008-03-05,5.984326938217258,6.074316729875865,5.961829383026312,6.006824493408203
2008-03-06,6.006819970453367,6.015818728290847,5.9168298174494645,5.961824893951416
2008-03-07,5.961826811026503,6.020320257646154,5.916831720056005,6.011321067810059
2008-03-10,5.898836418483106,6.04731968461824,5.898836418483106,6.0158233642578125
2008-03-11,6.092312059914959,6.096811654833006,5.934829670623206,6.011321067810059
2008-03-12,6.024822451739925,6.060818368403368,5.984326938217258,6.006824493408203
2008-03-13,6.029317079599491,6.029317079599491,5.889833114832174,5.961824893951416
2008-03-14,5.961828923895129,5.975327284328094,5.831343628762761,5.943830966949463
2008-03-17,5.822345878499744,5.957330803593732,5.606370341633562,5.732356071472168
2008-03-18,5.736854223477729,5.831343604322744,5.714356670113651,5.795347690582275
2008-03-19,5.817948923829451,5.876716136932373,5.786305205663772,5.876716136932373
2008-03-20,5.8767139555143455,5.899316787719726,5.854111123308964,5.899316787719727
2008-03-24,5.899317046904883,6.1298651695251465,5.899317046904883,6.1298651695251465
2008-03-25,6.1434297096391175,6.175073432966588,6.025895264260802,6.152470588684082
2008-03-26,6.084661499881861,6.179593085577645,6.084661499881861,6.170551776885986
2008-03-27,6.18411511928908,6.292608261108398,6.18411511928908,6.292608261108398
2008-03-28,6.283566236333884,6.29712820085518,6.251922514677606,6.288086891174316
2008-03-31,6.328772846394037,6.419183800834122,6.1027452447371076,6.125348091125488
2008-04-01,6.1027441125934825,6.193155050261085,6.089182579721681,6.188634395599365
2008-04-02,6.256446575473681,6.256446575473681,6.107268333435059,6.107268333435059
2008-04-03,6.116303172676246,6.147947311401366,6.116303172676246,6.147947311401367
2008-04-04,6.080138409893725,6.2157549681486906,6.080138409893725,6.102741241455078
2008-04-07,6.03041648118504,6.193156199177192,6.03041648118504,6.125348091125488
2008-04-08,6.184111262630688,6.193152136587337,6.084659062428626,6.102741241455078
2008-04-09,6.147946904577784,6.147946904577784,6.053015356910624,6.102741241455078
2008-04-10,6.11630419509036,6.242879908923136,6.11630419509036,6.22479772567749
2008-04-11,6.3965795046209095,6.410141468048096,6.251922010304302,6.410141468048096
2008-04-14,6.364936592582524,6.509594105241501,6.364936592582524,6.455347537994385
2008-04-15,6.464385823657509,6.477947351346029,6.373974920545394,6.42370080947876
2008-04-16,6.401100113905708,6.459867328335276,6.3739770494695,6.419182300567627
2008-04-17,6.419181433269159,6.43274296365496,6.355894004059906,6.392058372497559
2008-04-18,6.419185584391836,6.4417884370603735,6.401103388479718,6.437267780303955
2008-04-21,6.428187603654655,6.4645050134994415,6.428187603654655,6.459965229034424
2008-04-22,6.450889227577707,6.464508154652623,6.405492226744141,6.44180965423584
2008-04-23,6.441805093648261,6.48266227888534,6.396408557891846,6.396408557891846
2008-04-24,6.396413086340161,6.44180965423584,6.396413086340161,6.44180965423584
2008-04-25,6.577996230413517,6.577996230413517,6.351012229919434,6.351012229919434
2008-04-28,6.3101547039506265,6.391869078309552,6.287456651462125,6.291996002197266
2008-04-29,6.310155299408513,6.310155299408513,6.2193617820739755,6.219361782073975
2008-04-30,6.210281723220333,6.237519557901081,6.210281723220333,6.232979774475098
2008-05-01,6.187584902088815,6.260219724676585,6.187584902088815,6.2012038230896
2008-05-02,6.173965981088032,6.242061019029642,6.173965981088032,6.2012038230896
2008-05-05,6.2375201905417414,6.2511395422010345,6.196663001439101,6.223901271820068
2008-05-06,6.187582500021323,6.2874555587768555,6.187582500021323,6.2874555587768555
2008-05-07,6.310156232152394,6.3192358016967765,6.2829183893946565,6.319235801696777
2008-05-08,6.328313061732868,6.328313061732868,6.232979774475097,6.232979774475098
2008-05-09,6.232980701439746,6.2919965959416055,6.2193617820739755,6.219361782073975
2008-05-12,6.255676386711317,6.26021616877881,6.19666051864624,6.19666051864624
2008-05-13,6.201222235465592,6.246819195596833,6.201222235465592,6.210341453552246
2008-05-14,6.242258700967807,6.278736873956816,6.228579657877516,6.260497570037842
2008-05-15,6.205783000393542,6.306097030639649,6.205783000393542,6.306097030639648
2008-05-16,6.269619280522716,6.310656858116536,6.269619280522716,6.306097030639648
2008-05-19,6.306094955523527,6.315214607476341,6.274177043386554,6.301535129547119
2008-05-20,6.310656858116536,6.310656858116536,6.301537203162762,6.306097030639648
2008-05-21,6.269616924926967,6.324333529544459,6.269616924926967,6.292415618896484
2008-05-22,6.4930456087012,6.4930456087012,6.29241798305807,6.306097030639648
2008-05-23,6.356254933806388,6.356254933806388,6.269620370923618,6.324337005615234
2008-05-27,6.360816175249702,6.360816175249702,6.296980304685071,6.338017463684082
2008-05-28,6.301535748228616,6.369931840043002,6.301535748228616,6.360812187194824
2008-05-29,6.369934205669642,6.383613255172968,6.369934205669642,6.374493598937988
2008-05-30,6.3927289454686615,6.3927289454686615,6.356250778008318,6.383609294891357
2008-06-02,6.3836105836350585,6.415528497401566,6.3836105836350585,6.392730236053467
2008-06-03,6.383611992892173,6.4383286149350765,6.383611992892173,6.4064106941223145
2008-06-04,6.383606149562373,6.465681224922602,6.383606149562373,6.429203510284424
2008-06-05,6.429208886067399,6.4611268043518075,6.415529405503491,6.461126804351807
2008-06-06,6.461125889795687,6.461125889795687,6.365371713647202,6.392730236053467
2008-06-09,6.406409911405968,6.406409911405968,6.342573642730713,6.342573642730713
2008-06-10,6.365376004532676,6.365376004532676,6.296980304685071,6.338017463684082
2008-06-11,6.356255153506299,6.3608149819338315,6.246821880340575,6.246821880340576
2008-06-12,6.251379039211838,6.2741777367644875,6.155624857369903,6.196662425994873
2008-06-13,6.155623281074674,6.2012206645036665,6.132824589360178,6.137384414672852
2008-06-16,6.155625983676074,6.1647456383053685,6.0963495331328605,6.132827281951904
2008-06-17,6.141945390778008,6.141945390778008,6.046191215515137,6.046191215515137
2008-06-18,6.027952167916989,6.041631211165697,5.973235560073211,6.014272689819336
2008-06-19,6.037176439172466,6.037176439172466,5.973048460825434,5.991370677947998
2008-06-20,5.991370966053404,6.0142738477669635,5.954726530046165,5.9593071937561035
2008-06-23,5.913497969017054,5.9913674591625945,5.913497969017054,5.9501423835754395
2008-06-24,6.0234345059058825,6.0234345059058825,5.904340311896275,5.927242755889893
2008-06-25,5.995952606201172,6.018855491644453,5.950146835314609,5.995952606201172
2008-06-26,6.0005284055586285,6.0005284055586285,5.8860145080238135,5.922658920288086
2008-06-27,5.886015307130364,5.913498401641846,5.867693098510739,5.913498401641846
2008-06-30,6.07840331320811,6.07840331320811,5.918083538908101,5.945566654205322
2008-07-01,5.840212964836697,5.977629827847147,5.840212964836697,5.973049163818359
2008-07-02,5.968468458358819,6.023435115814209,5.963888231197991,6.023435115814209
2008-07-03,6.041760273513618,6.041760273513618,6.000535587998633,6.0096964836120605
2008-07-07,5.954726530046165,6.000532293473282,5.931823648332607,5.9593071937561035
2008-07-08,5.945563170856754,6.000530242919922,5.945563170856754,6.000530242919922
2008-07-09,6.009690890883782,6.092141058856866,6.000530003795644,6.069238185882568
2008-07-10,6.087562476286975,6.092143139813693,6.064659595489502,6.064659595489502
2008-07-11,5.995953912920308,6.078404143750306,5.995953912920308,6.060081481933594
2008-07-14,6.055496878147104,6.069238427744904,5.982208031177527,6.000530242919922
2008-07-15,5.90433992928664,5.986789683360257,5.8035675222676755,5.863114833831787
2008-07-16,5.82647382345038,5.908923625946045,5.803570930654116,5.908923625946045
2008-07-17,5.908922209251533,5.95472798386189,5.886019758782596,5.945566654205322
2008-07-18,5.9226577011705155,5.9226577011705155,5.863110434289297,5.9043354988098145
2008-07-21,5.730274357965272,5.950140786293686,5.730274357965272,5.9043354988098145
2008-07-22,5.913541358707135,5.982570846772225,5.8997351099910915,5.959560871124268
2008-07-23,5.959562453586231,5.964164537713585,5.922746658325194,5.922746658325195
2008-07-24,5.922748695970652,5.93655451422353,5.890534973754253,5.91814661026001
2008-07-25,5.918142345577906,5.950356483459473,5.913540702062311,5.950356483459473
2008-07-28,6.06080450064801,6.06080450064801,5.941152978381658,5.959560871124268
2008-07-29,5.964162954029615,5.9963766566094865,5.941152978381658,5.959560871124268
2008-07-30,5.9595649950083125,5.996380805969238,5.9595649950083125,5.996380805969238
2008-07-31,6.116028106146762,6.116028106146762,5.959560800255829,5.977968692779541
2008-08-01,6.028596225892938,6.07461577974361,5.9825762331630905,6.0654120445251465
2008-08-04,6.051603317260742,6.070011219075354,6.023991683978324,6.051603317260742
2008-08-05,6.0009841424791945,6.079217866792431,6.0009841424791945,6.0654120445251465
2008-08-06,6.088418173898978,6.0976223428141685,6.051602375996075,6.0838165283203125
2008-08-07,6.106828689575195,6.106828689575195,6.051604534147614,6.106828689575195
2008-08-08,6.083814754321312,6.1436405181884775,6.0516006113905,6.143640518188477
2008-08-11,6.1298347990635325,6.162048944780823,6.1298347990635325,6.15744686126709
2008-08-12,6.148242565000747,6.157446731834737,6.083815152678139,6.097620964050293
2008-08-13,6.097616736955865,6.134432501012109,6.097616736955865,6.111422538757324
2008-08-14,6.102225353302427,6.1160311698913565,6.070011196089596,6.116031169891357
2008-08-15,6.1160311698913565,6.120633255047332,6.093021182990476,6.116031169891357
2008-08-18,6.116034689114898,6.116034689114898,6.0516067764958095,6.079218864440918
2008-08-19,6.097625864503205,6.097625864503205,6.047004222869872,6.047004222869873
2008-08-20,6.25042047279753,6.25042047279753,6.047004181895238,6.088612079620361
2008-08-21,6.088607236546613,6.1487074364670065,6.042376177871833,6.097853183746338
2008-08-22,6.0285085495147275,6.148708979520496,6.0285085495147275,6.120970249176025
2008-08-25,6.042377909160831,6.148709198222519,6.042377909160831,6.125593662261963
2008-08-26,6.32901262963205,6.32901262963205,6.042380984171913,6.088612079620361
2008-08-27,6.102478721445422,6.171825336090116,6.088609574873371,6.107101917266846
2008-08-28,6.157957157394652,6.241172937648845,6.125595661025718,6.148711204528809
2008-08-29,6.259664409741834,6.259664409741834,6.139463953032703,6.171825885772705
2008-09-02,6.1949406883387725,6.218056227504891,6.1394636588754326,6.176448345184326
2008-09-03,6.194942865074862,6.3105201606239625,6.18107371305884,6.245797157287598
2008-09-04,6.2457950329166865,6.310518014238942,6.1995639540645815,6.241171836853027
2008-09-05,6.264285736632142,6.2781548803006935,6.181069992836575,6.194939136505127
2008-09-08,6.194938030719883,6.241169089219066,6.148707413112749,6.222676753997803
2008-09-09,6.130215077891486,6.241169089219066,6.130215077891486,6.222676753997803
2008-09-10,6.204189260347138,6.287405054228057,6.1440890137545185,6.245797157287598
2008-09-11,6.287404492617907,6.287404492617907,6.236550204947631,6.255042552947998
2008-09-12,6.333635142172649,6.333635142172649,6.1487116621689735,6.255042552947998
2008-09-15,6.2781548803006935,6.2781548803006935,6.171824044021583,6.194939136505127
2008-09-16,6.218057612626754,6.218057612626754,6.153334617614747,6.153334617614746
2008-09-17,6.176451800541978,6.222682904737769,5.778865979849619,5.82509708404541
2008-09-18,5.825090411891919,5.825090411891919,5.663282173436929,5.7002668380737305
2008-09-19,5.644524643623944,6.085866444959897,5.644524643623944,5.881455421447754
2008-09-22,5.830349333735151,5.9836572864101365,5.714206918493606,5.960428714752197
2008-09-23,5.960431821087237,6.030117129330056,5.862872123718262,5.862872123718262
2008-09-24,5.862868807730067,6.039405324219173,5.6816864885061635,6.034759521484375
2008-09-25,6.01617775270786,6.155548756560378,5.85822397787822,5.872161388397217
2008-09-26,5.9697208061560865,5.9697208061560865,5.4958595007680096,5.625938892364502
2008-09-29,5.4586932464918405,5.7142066360010855,4.9708950379829435,5.040580749511719
2008-09-30,5.28680237118769,5.28680237118769,4.994123455073427,5.1520771980285645
2008-10-01,5.226406656933562,5.2542810207116535,5.063807161498659,5.249635219573975
2008-10-02,5.2403448914782285,5.337904523851008,4.994123130936676,5.203179359436035
2008-10-03,5.203177623570809,5.319319983217693,5.110263824462891,5.110263824462891
2008-10-06,5.119559486382967,5.119559486382967,4.436641745962105,4.645698070526123
2008-10-07,4.492392593291538,4.692157864319863,4.492392593291538,4.515621185302734
2008-10-08,4.143959073972497,4.28797533953651,3.6143500212096655,4.018525123596191
2008-10-09,3.7815963090906908,3.948841188150349,3.716556412376799,3.7444307804107666
2008-10-10,3.7397859560322484,5.01735255670457,3.1590738648175565,3.591123580932617
2008-10-13,3.893094309519542,4.645697203286106,3.5307298301926195,4.506326198577881
2008-10-14,4.6456957233883935,4.6456957233883935,4.19506311416626,4.19506311416626
2008-10-15,4.181125526453628,4.181125526453628,3.8419900019709865,3.925612211227417
2008-10-16,3.818763597569333,4.018528295519367,3.7862434127021034,3.865220308303833
2008-10-17,3.832700943518327,4.297270754853882,3.832700943518327,4.2926249504089355
2008-10-20,4.422704775804049,4.877982974052428,4.422704775804049,4.645698070526123
2008-10-21,4.529551282201118,4.785064520063062,4.501676925523434,4.738607406616211
2008-10-22,4.766650721948014,5.719980866337616,4.766650721948014,4.953578472137451
2008-10-23,4.8040346249726635,5.42089542118793,4.8040346249726635,4.850766658782959
2008-10-24,4.444199091759062,5.140503557600609,4.444199091759062,5.070405960083008
2008-10-27,4.976943383394918,4.986289970202169,4.906845765019695,4.948904514312744
2008-10-28,5.364816912529667,5.364816912529667,4.9675963996629005,4.976942539215088
2008-10-29,5.11246514377517,5.257334101785726,4.939557320130141,4.958250045776367
2008-10-30,5.397528642142961,5.397528642142961,4.906844139099121,4.906844139099121
2008-10-31,5.112464251191775,5.332104073440395,4.841419553808224,5.070405960083008
2008-11-03,5.070406538297951,5.374163423073345,5.070406538297951,5.196582317352295
2008-11-04,5.579784695127012,5.794751300052798,5.276027739450704,5.327432632446289
2008-11-05,5.327434786489627,5.505016005461948,5.205932222493822,5.420898914337158
2008-11-06,5.416221470626387,5.444260330970206,5.089098610707386,5.191908359527588
2008-11-07,5.168546462594001,5.374166551965731,5.168546462594001,5.313415050506592
2008-11-10,5.44426195267846,5.44426195267846,5.093772974291354,5.107792854309082
2008-11-11,4.981616913749614,5.070407709962679,4.90684599841428,4.930212020874023
2008-11-12,4.906846356105708,4.906846356105708,4.4442009494907895,4.542337894439697
2008-11-13,4.462893442832052,4.617108570185835,4.462893442832052,4.523644924163818
2008-11-14,4.5563544514125836,4.860111236572265,4.486256868889445,4.860111236572266
2008-11-17,4.836746501373275,4.846092639331547,4.701224158456044,4.733936309814453
2008-11-18,4.649821628648194,4.738612443688528,4.532991937246632,4.547011375427246
2008-11-19,4.38713749702563,4.429457223433465,4.199050322363248,4.255476474761963
2008-11-20,4.086196971903844,4.166134121560772,3.841683680580106,3.8840034008026123
2008-11-21,3.8840015849850205,4.029768943786621,3.8792992963953115,4.029768943786621
2008-11-24,4.354219415170527,4.354219415170527,3.9122141803435975,4.1567277908325195
2008-11-25,4.1003044092822565,4.278987447935506,3.8934080704478857,3.931025505065918
2008-11-26,3.987448947109281,4.020364516356922,3.884001296430659,3.8887035846710205
2008-11-28,4.090896115083037,4.090896115083037,3.818169737306487,3.8698935508728027
2008-12-01,3.813467587187124,3.884000551968542,3.785254760022399,3.8228721618652344
2008-12-02,3.7476390463013587,3.855789243894918,3.6959152044826027,3.7617456912994385
2008-12-03,3.7852588881360334,3.808769902037061,3.714726070650598,3.7664501667022705
2008-12-04,3.7617483786171904,3.780557102572862,3.653598103763239,3.695917844772339
2008-12-05,3.531338410182904,3.6677016555933037,3.409081583694967,3.493720769882202
2008-12-08,3.625379518755856,3.625379518755856,2.9435637490151927,3.315035820007324
2008-12-09,3.3385506829510154,3.3385506829510154,3.079930690680597,3.2115917205810547
2008-12-10,3.117547501153045,3.296230515747993,3.079930071599912,3.2915282249450684
2008-12-11,3.164568639494553,3.2680165495633147,3.103440216890615,3.126951217651367
2008-12-12,3.070525234306781,3.089333946143658,2.9435663172990982,3.0799295902252197
2008-12-15,3.2915277900035798,3.2915277900035798,3.0140989473822377,3.023503303527832
2008-12-16,3.0140998363494873,3.0611218551634933,2.9247583145075198,3.0140998363494873
2008-12-17,3.056418938907777,3.220995298466992,2.976481792323072,3.2021865844726562
2008-12-18,3.197484430254918,3.409082568987832,3.197484430254918,3.362060785293579
2008-12-19,3.630083663877667,3.7617448316407787,3.371463841232842,3.6112749576568604
2008-12-22,3.649191584042372,3.871934579032508,3.601799529571005,3.653930902481079
2008-12-23,3.8624549686524436,3.8624549686524436,3.6017986217648215,3.649190664291382
2008-12-24,3.767671633023641,3.767671633023641,3.649191390148896,3.706062078475952
2008-12-26,3.5733637232002753,3.8434985033096805,3.5733637232002753,3.6965832710266113
2008-12-29,3.7439737177038745,3.8387579969014585,3.6728855648014385,3.715538501739502
2008-12-30,3.791365879925426,3.8150620070681667,3.6728856961777563,3.7581913471221924
2008-12-31,3.8340195234559356,3.9098467826843257,3.644451149401902,3.7913665771484375
2009-01-02,3.9098474917753947,4.056763172149658,3.8482377194872326,4.056763172149658
2009-01-05,3.961975702234729,4.473809868725526,3.961975702234729,4.393243789672852
2009-01-06,4.341115382402117,4.50224856111449,4.274766745496688,4.412203788757324
2009-01-07,4.288983126355108,4.426420133738227,4.288983126355108,4.374288558959961
2009-01-08,4.393245564514581,4.549639375681827,4.388506248548047,4.530682563781738
2009-01-09,4.530681397417394,4.739206274636385,4.530681397417394,4.68233585357666
2009-01-12,4.739207948359529,4.805557022344355,4.739207948359529,4.7723822593688965
2009-01-13,4.75816240294521,4.843468248349615,4.753423088874773,4.83398962020874
2009-01-14,4.9761693142178105,4.995126131621898,4.573336379423231,4.601771831512451
2009-01-15,4.687076823635366,4.928776085507474,4.454855290671521,4.7723822593688965
2009-01-16,4.739209737881604,4.905082259493963,4.710774280589159,4.90034294128418
2009-01-20,4.805555914565417,4.895600645962016,4.777120474565131,4.85294771194458
2009-01-21,4.857715160287039,4.876783700925492,4.79097549536739,4.872016906738281
2009-01-22,4.8577140985349345,4.910152914801513,4.657494692908135,4.662261486053467
2009-01-23,4.605057365729799,4.724235870866201,4.476344816590041,4.566920280456543
2009-01-26,4.595523503586557,4.67179767715149,4.50971483101104,4.600290298461914
2009-01-27,4.543083227514833,4.705166022253061,4.543083227514833,4.695631980895996
2009-01-28,4.767139678782336,4.767139678782336,4.647961186812778,4.690865516662598
2009-01-29,4.767137768953026,4.767137768953026,4.719466209411621,4.719466209411621
2009-01-30,4.767141067688401,4.895854094738388,4.576455606832865,4.814812660217285
2009-02-02,4.862484455108642,4.90538880325564,4.8434159064466495,4.862484455108643
2009-02-03,4.838648655623636,4.910156054078653,4.838648655623636,4.862484455108643
2009-02-04,4.995962956506749,5.010264705142011,4.867250401198968,5.005497455596924
2009-02-05,4.953059028064856,5.005497408679483,4.938757279563647,4.948291778564453
2009-02-06,4.98166127487133,5.1246755676862294,4.929222897845492,5.091305732727051
2009-02-09,5.148509502410889,5.224783643173611,5.124673719765103,5.148509502410889
2009-02-10,5.196181746558621,5.196181746558621,5.11037354679738,5.15327787399292
2009-02-11,5.100835763355169,5.2247814165889785,5.048397427585272,5.072233200073242
2009-02-12,5.053168455857203,5.2915254499140545,5.005496875193878,5.224785327911377
2009-02-13,5.229553813631571,5.5966234348792225,5.196183517423607,5.386869430541992
2009-02-17,5.458374503597049,5.477443042947306,5.15327787399292,5.15327787399292
2009-02-18,5.274594566884698,5.312955218060257,5.082791311006904,5.173897743225098
2009-02-19,5.1115622430337355,5.514349590648305,5.1115622430337355,5.274595260620117
2009-02-20,5.303367439874171,5.303367439874171,4.823858647951542,4.934145450592041
2009-02-23,4.958120981647216,4.982096512702392,4.895784783821848,4.934145450592041
2009-02-24,5.049223420365816,5.221846740330536,4.9149611938448095,5.1786909103393555
2009-02-25,5.05881608378394,5.2122586974062965,5.049225691785013,5.125946998596191
2009-02-26,5.274593618349461,5.370495229042279,5.106765456665816,5.245822906494141
2009-02-27,5.2937714464983765,5.504754890624533,5.183484760483388,5.380083084106445
2009-03-02,5.452012692895416,5.452012692895416,5.164307809078725,5.173897743225098
2009-03-03,5.034838321533241,5.049223445837918,4.8286495582218105,4.9197564125061035
2009-03-04,4.900577068328857,5.0636100338343395,4.895781873509296,4.900577068328857
2009-03-05,4.91016506760249,4.91016506760249,4.699181608847791,4.7711076736450195
2009-03-06,4.713569303612682,4.895782618841553,4.713569303612682,4.871807098388672
2009-03-09,4.8718057549272995,4.890986074541388,4.718363198014595,4.795084476470947
2009-03-10,4.699183618693787,4.953323007940427,4.699183618693787,4.948527812957764
2009-03-11,4.852625518799053,4.977297827082967,4.852625518799053,4.938937187194824
2009-03-12,4.934142517177375,5.054019643889454,4.86701116159243,4.991683483123779
2009-03-13,4.833444616058638,5.125944574261041,4.795083980795859,5.054018497467041
2009-03-16,5.034839973892496,5.154717116128032,5.025249583012051,5.130741596221924
2009-03-17,5.0827875003764165,5.154713553082954,5.020451374626562,5.101967811584473
2009-03-18,5.082786794051466,5.130737336760856,5.044426176966104,5.0731964111328125
2009-03-19,5.1259459534470375,5.13074114846879,5.020454406738281,5.020454406738281
2009-03-20,5.055670048752237,5.065318495287909,4.896474361419678,4.896474361419678
2009-03-23,4.920595045536203,4.954364148538865,4.8144644333595945,4.930243492126465
2009-03-24,4.944716447715042,5.065319287903213,4.828937831549594,4.910947799682617
2009-03-25,4.910949492622789,4.968838820661566,4.814466819161345,4.857883930206299
2009-03-26,4.9205951486218344,4.9205951486218344,4.756575233657229,4.853057861328125
2009-03-27,4.891651278382627,4.92059570188776,4.809641311679221,4.882002830505371
2009-03-30,4.886826148705857,4.906122580820596,4.785519765087667,4.843409061431885
2009-03-31,5.026724482799359,5.026724482799359,4.795166879451622,4.944714546203613
2009-04-01,4.973661759906475,5.017078399658203,4.901299773526867,5.017078399658203
2009-04-02,5.0074299576422545,5.089439925412051,5.0074299576422545,5.050847053527832
2009-04-03,5.099085808502405,5.161799314442615,4.968835034675148,4.992955684661865
2009-04-06,5.065319265468583,5.089439925412051,4.910947777931709,5.050847053527832
2009-04-07,5.0508463744471594,5.113559897843082,5.0122535077517085,5.065318584442139
2009-04-08,5.0219014943939415,5.161800751180765,5.017077271041194,5.065318584442139
2009-04-09,5.055670526935265,5.137680489992253,5.017077657268836,5.036374092102051
2009-04-13,4.964009666871362,5.132853717742623,4.964009666871362,5.0797882080078125
2009-04-14,4.9543635762199365,5.137679439626057,4.9543635762199365,5.113559246063232
2009-04-15,5.137679827657668,5.238986212487749,5.0267254566864175,5.0846147537231445
2009-04-16,4.992957629110259,5.156977100756484,4.992957629110259,5.094264030456543
2009-04-17,5.0942649845815,5.205219394422975,5.079792310204735,5.128033638000488
2009-04-20,5.210041724277971,5.258282574464712,5.171448860103286,5.1955695152282715
2009-04-21,5.144608823782672,5.333891298221321,5.144608823782672,5.275650501251221
2009-04-22,5.290214084022724,5.3144812145260785,5.207706118025525,5.222266674041748
2009-04-23,5.2562395459891915,5.290213245595306,5.222265846383078,5.27079963684082
2009-04-24,5.285358749052112,5.314478922813307,5.202850818634033,5.202850818634033
2009-04-27,5.062101340251545,5.265944378305752,5.062101340251545,5.207703113555908
2009-04-28,5.222263050191941,5.338744640350342,5.222263050191941,5.338744640350342
2009-04-29,5.333890886673306,5.46007950180052,5.333890886673306,5.411545276641846
2009-04-30,5.474641860457679,5.5522962827134545,5.309625981735724,5.396987438201904
2009-05-01,5.552294584677012,5.552294584677012,5.309624357914164,5.358158588409424
2009-05-04,5.363012313842773,5.396985998804543,5.285357912297732,5.363012313842773
2009-05-05,5.338745255081083,5.523174692163058,5.3144781386230004,5.353305339813232
2009-05-06,5.3581619077552505,5.474643577675427,5.3581619077552505,5.460083484649658
2009-05-07,5.552293903488881,5.581414530784691,5.460079432289372,5.5328803062438965
2009-05-08,5.5717067891886725,5.629948036342487,5.48434584417117,5.494052410125732
2009-05-11,5.426105536307871,5.605681419372558,5.426105536307871,5.605681419372559
2009-05-12,5.605680927171166,5.605680927171166,5.494052410125732,5.494052410125732
2009-05-13,5.4600810186167,5.581416152363738,5.392133177089909,5.4018402099609375
2009-05-14,5.38242769241333,5.430961477984641,5.363014085613427,5.38242769241333
2009-05-15,5.367867335178331,5.396987512496681,5.338746695003108,5.3872809410095215
2009-05-18,5.343596304203433,5.484344959259033,5.343596304203433,5.484344959259033
2009-05-19,5.479492434578754,5.605681034398105,5.479492434578754,5.552293300628662
2009-05-20,5.608430006795652,5.608430006795652,5.540094341566917,5.593786716461182
2009-05-21,5.588901082190161,5.632831384249094,5.491278447337779,5.5547332763671875
2009-05-22,5.559618280146688,5.588904857635499,5.549855777315913,5.588904857635498
2009-05-26,5.706053793836179,5.706053793836179,5.554738679018208,5.579144477844238
2009-05-27,5.58890190788793,5.6133076865820675,5.584020659048801,5.603545188903809
2009-05-28,5.613306857278618,5.613306857278618,5.5400899975146904,5.5547332763671875
2009-05-29,5.5937845984359384,5.5937845984359384,5.544973028467259,5.549854278564453
2009-06-01,5.608427721719585,5.608427721719585,5.4717559814453125,5.4717559814453125
2009-06-02,5.471755372032612,5.471755372032612,5.315559114829686,5.466874122619629
2009-06-03,5.466876410231818,5.48640095055222,5.447351869911417,5.48151969909668
2009-06-04,5.486398357678119,5.5986647605896,5.476636324882338,5.5986647605896
2009-06-05,5.608426880305059,5.662119690769374,5.418062815572445,5.4766364097595215
2009-06-08,5.413181385302567,5.486398259212266,5.296034200846438,5.344845294952393
2009-06-09,5.208173579753574,5.369251074756136,5.203292330692519,5.344845294952393
2009-06-10,5.34484792364483,5.413184047603941,5.193532852344902,5.281393051147461
2009-06-11,5.281393596519591,5.286274848485385,5.091029424871684,5.174008846282959
2009-06-12,5.09590970480472,5.193532872409684,4.939713381439598,4.954356670379639
2009-06-15,4.8860202995088775,5.071503639221191,4.851852009626548,5.071503639221191
2009-06-16,5.056859185407623,5.139838574965127,5.04709715072525,5.134957790374756
2009-06-17,5.149600930555694,5.193531249146947,5.139838430645808,5.1837687492370605
2009-06-18,5.174008846282959,5.198414175108315,5.13495976156022,5.174008846282959
2009-06-19,5.304152347953996,5.304152347953996,5.083146097700391,5.166637420654297
2009-06-22,5.166640914346018,5.220664555222692,5.0880604343792895,5.137173175811768
2009-06-23,5.112613345496439,5.161726053695369,5.034033387076948,5.083146095275879
2009-06-24,5.058589184702262,5.20592682471756,5.0340328333041375,5.117524147033691
2009-06-25,5.10770491789424,5.235397657935038,5.10770491789424,5.220664024353027
2009-06-26,5.225574234103011,5.274686491288291,5.225574234103011,5.2452192306518555
2009-06-29,5.318890369573447,5.318890369573447,5.240310346163597,5.255043983459473
2009-06-30,5.27959655759488,5.27959655759488,5.196105225725822,5.215750217437744
2009-07-01,5.348356161226393,5.348356161226393,5.201018436901186,5.210840702056885
2009-07-02,5.220663866137206,5.220663866137206,5.181373865526711,5.205930233001709
2009-07-06,5.205925171419342,5.240303771434689,5.132256140620789,5.181368827819824
2009-07-07,5.137174659815949,5.171553307725546,5.014393239140017,5.142086029052734
2009-07-08,5.146994653643014,5.196107387542725,5.132261020822598,5.196107387542725
2009-07-09,5.1568178061556305,5.201019176576769,5.151906438692441,5.191196441650391
2009-07-10,5.1371712116738495,5.181372568388441,5.1322598457336435,5.132259845733643
2009-07-13,5.132260707316432,5.250130699427112,5.132260707316432,5.210840702056885
2009-07-14,5.2501304490756375,5.3336218065995284,5.24521955091882,5.274686813354492
2009-07-15,5.245220658093198,5.338534300001295,5.245220658093198,5.333622932434082
2009-07-16,5.304155362110149,5.515339003377769,5.304155362110149,5.480960369110107
2009-07-17,5.441670265686376,5.495693899720488,5.4318479996682445,5.471138000488281
2009-07-20,5.539894945898068,5.539894945898068,5.353267218658093,5.485871315002441
2009-07-21,5.510429265308137,5.5890092849731445,5.461316518830575,5.5890092849731445
2009-07-22,5.645811293485118,5.645811293485118,5.487748019033805,5.512445449829102
2009-07-23,5.6161768553885105,5.6161768553885105,5.532205834851478,5.57172155380249
2009-07-24,5.5815990203415184,5.5815990203415184,5.517385878822932,5.5322041511535645
2009-07-27,5.532205011463586,5.645813039837245,5.532205011463586,5.635933876037598
2009-07-28,5.512445490700654,5.665569185915368,5.512445490700654,5.596416473388672
2009-07-29,5.6556901047750765,5.774237209864364,5.453172015814795,5.581598281860352
2009-07-30,5.798935463807971,5.798935463807971,5.463051951741029,5.611235618591309
2009-07-31,5.690267135502875,5.729782840244059,5.65569054055607,5.6803879737854
2009-08-03,5.749539775811998,5.76435804496098,5.6705079078674325,5.670507907867432
2009-08-04,5.729782840244059,5.833511682955758,5.670508812067925,5.6803879737854
2009-08-05,5.754478076547431,5.754478076547431,5.719901963034923,5.734720230102539
2009-08-06,5.734721346317367,5.907602889658266,5.680387375784321,5.887845039367676
2009-08-07,5.887844937070511,5.922421056712231,5.808813537281264,5.907602787017822
2009-08-10,5.927363193010706,5.952060633861151,5.803876459822982,5.8779683113098145
2009-08-11,5.9273623978465,5.932301979566838,5.739662532053629,5.848330974578857
2009-08-12,5.848327562795143,5.91747978228025,5.838448405117748,5.86314582824707
2009-08-13,5.863148398249164,5.922421957102504,5.863148398249164,5.917482376098633
2009-08-14,5.912543134560423,5.9619375303066215,5.848329996132439,5.853269577026367
2009-08-17,5.853268797927246,5.956997627571111,5.76435823792842,5.818692207336426
2009-08-18,5.82857227335081,5.9421798100536165,5.82857227335081,5.917482376098633
2009-08-19,5.902661066263274,5.976753329995595,5.897721487801627,5.956995487213135
2009-08-20,6.001711788624317,6.036489768448818,5.9669338087998165,6.021584987640381
2009-08-21,5.986806479032146,6.041457653045653,5.986806479032146,6.041457653045654
2009-08-24,6.011652008088517,6.101081217079747,5.976873534878039,6.076239585876465
2009-08-25,6.076236503170661,6.076236503170661,6.026553739784757,6.071268558502197
2009-08-26,6.08617464955377,6.1408258431806,6.0414598212161055,6.111016273498535
2009-08-27,6.111015764901814,6.165666953980233,6.10604734576345,6.120952129364014
2009-08-28,6.180574486449553,6.185542907797669,6.1308916944126075,6.160701274871826
2009-08-31,6.2153503430041965,6.245159910902053,6.120952272427059,6.230255126953125
2009-09-01,6.279934625746881,6.279934625746881,6.101075429795112,6.190505027770996
2009-09-02,6.230257530834173,6.230257530834173,6.106049844434915,6.155733108520508
2009-09-03,6.135853870015876,6.210378219119609,6.135853870015876,6.190505027770996
2009-09-04,6.225286960601807,6.265033368623345,6.175604187482163,6.225286960601807
2009-09-08,6.210385471353334,6.240195530094345,6.1855438347049585,6.235227108001709
2009-09-09,6.2103789962169405,6.260062217712402,6.205410579304531,6.260062217712402
2009-09-10,6.260066753598931,6.329622745513917,6.260066753598931,6.329622745513916
2009-09-11,6.334594063529699,6.433960150155426,6.299816051664414,6.38427734375
2009-09-14,6.761868472927759,6.761868472927759,6.324657217959689,6.38427734375
2009-09-15,6.334590056712425,6.419051295373757,6.3246532174277625,6.379304885864258
2009-09-16,6.250128818051094,6.409114456089094,6.250128818051094,6.379304885864258
2009-09-17,6.379303541327042,6.409113105269051,6.3494935035705575,6.349493503570557
2009-09-18,6.3793059713262075,6.384274391813934,6.299813138781214,6.339559555053711
2009-09-21,6.369531644528782,6.374527469965282,6.334561819329549,6.344552993774414
2009-09-22,6.324568749883586,6.344551570719394,6.309581753363737,6.319572925567627
2009-09-23,6.36453911531038,6.399509435049006,6.334565100023996,6.3945136070251465
2009-09-24,6.4194904012701395,6.4194904012701395,6.334563255310059,6.334563255310059
2009-09-25,6.394511259776129,6.394511259776129,6.304588294068456,6.339558124542236
2009-09-28,6.339561414981384,6.4045057598753585,6.334566062626814,6.379527568817139
2009-09-29,6.429480099275988,6.444467099107922,6.374527448940139,6.384518623352051
2009-09-30,6.469443796055532,6.544379725441374,6.424482333709625,6.479435443878174
2009-10-01,6.659283723270733,6.659283723270733,6.469446619638262,6.52939510345459
2009-10-02,6.499420155768024,6.569359805181426,6.449462854962912,6.519402980804443
2009-10-05,6.519401548930571,6.529392721040328,6.504414552551925,6.524397373199463
2009-10-06,6.534389011727377,6.589341653323565,6.524397838904461,6.5543718338012695
2009-10-07,6.524399790335489,6.549377968077718,6.469446655874903,6.474442481994629
2009-10-08,6.469444259097714,6.524397373199462,6.464448434828824,6.524397373199463
2009-10-09,6.524395465489,6.529390811869244,6.394506931044946,6.464446544647217
2009-10-12,6.39451382212043,6.404505002075842,6.114753636942915,6.194684982299805
2009-10-13,6.574353268498089,6.574353268498089,6.179692258502473,6.244636535644531
2009-10-14,6.244638032751811,6.244638032751811,6.0248269836273,6.074783802032471
2009-10-15,5.99984598163152,6.009837150820392,5.894936084795,5.959880352020264
2009-10-16,5.949894371127494,6.079783029241291,5.919920358595595,6.009842872619629
2009-10-19,5.999850637526177,6.1647091067100455,5.999850637526177,6.144726276397705
2009-10-20,6.144726104509981,6.384520061550252,6.144726104509981,6.374528884887695
2009-10-21,6.35443199077223,6.394618084826528,6.213780661582187,6.3242926597595215
2009-10-22,6.384576323353329,6.404669384613391,6.339366815754098,6.35945987701416
2009-10-23,6.364484975267406,6.399647722173431,6.364484975267406,6.374531269073486
2009-10-26,6.384574148421694,6.469969749450684,6.344388039591135,6.469969749450684
2009-10-27,6.419737145037461,6.419737145037461,6.374527650929498,6.409690856933594
2009-10-28,6.4096931470325496,6.4096931470325496,6.379553313839934,6.404669761657715
2009-10-29,6.4096886274265295,6.4096886274265295,6.324293052494128,6.344386100769043
2009-10-30,6.39964223438848,6.39964223438848,6.27406055563334,6.314246654510498
2009-11-02,6.334341698674804,6.359458138146381,6.243923187255859,6.243923187255859
2009-11-03,6.253969732268509,6.2589931161802275,6.02792272586001,6.0329461097717285
2009-11-04,6.098247011496989,6.098247011496989,5.947548888361955,5.997781276702881
2009-11-05,5.977689746586586,6.0329460105946024,5.96764345798456,6.002806186676025
2009-11-06,6.012854379807631,6.103272914886475,6.007830994787594,6.103272914886475
2009-11-09,6.103270513536971,6.103270513536971,6.02792168410809,6.053038120269775
2009-11-10,6.042988379377959,6.073128183746181,6.022895336151123,6.022895336151123
2009-11-11,6.073128763792283,6.073128763792283,6.0178725303489955,6.027919292449951
2009-11-12,6.007829669269394,6.0329461097717285,6.002806285357675,6.0329461097717285
2009-11-13,6.0329441800923655,6.048013847951125,5.9224321646638876,5.982711315155029
2009-11-16,5.937499782673089,6.037965477863203,5.937499782673089,6.022895336151123
2009-11-17,6.0279205281986705,6.0279205281986705,5.937501566977744,6.017873764038086
2009-11-18,6.027919524050415,6.103268326478644,6.01787276156345,6.088198661804199
2009-11-19,6.027571645877175,6.083148409890864,5.966942317360676,5.971994400024414
2009-11-20,5.936628766681837,5.951785981809458,5.744635608321637,5.810317516326904
2009-11-23,5.810314093016999,5.815366655695741,5.623373610453642,5.724422454833984
2009-11-24,5.724422372064919,5.7446321406487755,5.567796785999752,5.643583297729492
2009-11-25,5.527381909424433,5.699165343126357,5.527381909424433,5.673902988433838
2009-11-27,5.663794992149617,5.668847556473305,5.572850761679434,5.658742427825928
2009-11-30,5.719369348838356,5.719369348838356,5.618320514057243,5.663792610168457
2009-12-01,5.739581035571759,5.739581035571759,5.577902845843798,5.648637294769287
2009-12-02,5.638535980967914,5.734532832431619,5.638535980967914,5.673902988433838
2009-12-03,5.673899150535021,5.749686163349263,5.618322393275788,5.648637294769287
2009-12-04,5.668847184987482,5.820420731891986,5.668847184987482,5.800210475921631
2009-12-07,5.75979234948124,5.835579382561264,5.724425356480714,5.805264472961426
2009-12-08,5.74968631626313,5.860840315576769,5.74968631626313,5.850735187530518
2009-12-09,5.86084271824811,5.921472065863738,5.86084271824811,5.901262283325195
2009-12-10,5.911364606706308,6.017466043727354,5.886102268017672,5.987151622772217
2009-12-11,6.0124115983945545,6.0174641609191895,5.946730212929838,6.0174641609191895
2009-12-14,5.987154493798768,6.032626147036544,5.971996794213579,6.027574062347412
2009-12-15,6.022517204284668,6.0326218483018135,5.966940457593061,6.022517204284668
2009-12-16,6.012416362762451,6.022521495819245,5.966944709524674,6.012416362762451
2009-12-17,5.992204670962683,6.007362365722656,5.992204670962683,6.007362365722656
2009-12-18,5.9972591349874245,5.9972591349874245,5.926524649225952,5.982101917266846
2009-12-21,6.007362302498304,6.0124143855260135,5.8861031548902645,5.89115571975708
2009-12-22,5.9064040184021,5.94706769099271,5.886072182106795,5.9064040184021
2009-12-23,5.8708200668904995,5.9165667935667505,5.8708200668904995,5.880985736846924
2009-12-24,5.880986279783661,5.926733010683281,5.880986279783661,5.921649932861328
2009-12-28,5.906407378760493,5.947071074486079,5.896241697203841,5.941987991333008
2009-12-29,5.9013175615087095,5.921649386170494,5.86573698953782,5.880985736846924
2009-12-30,5.8962386789745675,5.916570516429684,5.667504901667959,5.774247169494629
2009-12-31,5.8098297119140625,5.84032723340347,5.764082944930587,5.8098297119140625
2010-01-04,5.809831639209575,5.855578421368631,5.809831639209575,5.845412254333496
2010-01-05,5.850495337851063,5.850495337851063,5.784416706371264,5.845412254333496
2010-01-06,5.814910910574021,5.84540890947836,5.799662153496476,5.835242748260498
2010-01-07,5.845410870853884,5.911489486694336,5.840327788539371,5.911489486694336
2010-01-08,5.9064040184021,5.9064040184021,5.896238342629054,5.9064040184021
2010-01-11,5.896235513249522,5.947064837222116,5.896235513249522,5.921649932861328
2010-01-12,5.931818965915955,5.9826487992940995,5.911487129514541,5.936902046203613
2010-01-13,5.9623146165246546,5.982646931326909,5.931817113819403,5.972480773925781
2010-01-14,5.982648884045335,6.008063316345215,5.982648884045335,6.008063316345215
2010-01-15,5.957234428629571,6.008063781917384,5.957234428629571,6.002981185913086
2010-01-19,5.947069275351099,6.069060325622559,5.947069275351099,6.069060325622559
2010-01-20,6.063948154339989,6.109964703663276,5.992367288822053,6.099739074707031
2010-01-21,6.069059393338355,6.109962872118103,6.063946336588904,6.104849815368652
2010-01-22,6.0843967192657615,6.120187620923249,6.079284151264252,6.10996150970459
2010-01-25,6.099735511009443,6.176429390002055,5.9872507325601925,6.150864601135254
2010-01-26,6.171316692943432,6.18154280412688,6.155978013776079,6.176429748535156
2010-01-27,6.19688215359959,6.19688215359959,6.135526942685678,6.155978679656982
2010-01-28,6.150864413901259,6.186655312268413,6.14575184636976,6.171316146850586
2010-01-29,6.186655881021075,6.232671918681581,6.10996150970459,6.10996150970459
2010-02-01,6.155979179212357,6.263350928926848,6.1099626453907305,6.191769599914551
2010-02-02,6.181539879420007,6.263346779750555,6.181539879420007,6.237782001495361
2010-02-03,6.191771362828468,6.2071105368749695,6.120190501043663,6.181545734405518
2010-02-04,6.181543974403029,6.222447451664938,6.171317861283596,6.191769599914551
2010-02-05,6.140640912109743,6.278690035295713,6.140640912109743,6.222447872161865
2010-02-08,6.222444351575408,6.248009134029427,6.181540894692047,6.24289608001709
2010-02-09,6.222449922795723,6.258240357711425,6.222449922795723,6.232675552368164
2010-02-10,6.176432832907211,6.294030732203523,6.176432832907211,6.263352870941162
2010-02-11,6.2019960067239115,6.253125111918515,6.2019960067239115,6.248012542724609
2010-02-12,6.207107416527981,6.304253031946605,6.207107416527981,6.299139976501465
2010-02-16,6.278689207110198,6.391174006148621,6.278689207110198,6.33493185043335
2010-02-17,6.33544397354126,6.361156101375173,6.304589812475001,6.33544397354126
2010-02-18,6.294306104037727,6.330303286829396,6.186315536499023,6.186315536499023
2010-02-19,6.155459715440554,6.201741444870772,6.119462542318151,6.150317192077637
2010-02-22,6.098896455419305,6.1143240344023635,6.032045084414295,6.068042278289795
2010-02-23,6.073184389057914,6.114323616027832,6.0628993371063,6.114323616027832
2010-02-24,6.083468287030346,6.129750034927839,6.083468287030346,6.093753337860107
2010-02-25,6.083467493704581,6.206885145057912,6.083467493704581,6.186315536499023
2010-02-26,6.176033043623109,6.227456837015106,6.1657479906937205,6.191460132598877
2010-03-01,6.232599363479801,6.232599363479801,6.181175570087804,6.191460132598877
2010-03-02,6.186317606134183,6.206887221574644,6.186317606134183,6.191460132598877
2010-03-03,6.176031809871004,6.1811743353084045,6.078325788233269,6.109180450439453
2010-03-04,6.083469414762242,6.119466118502914,6.083469414762242,6.098896503448486
2010-03-05,6.088608186010621,6.165744072286963,6.088608186010621,6.12974739074707
2010-03-08,6.109181556184854,6.140035733557343,6.0680423260759975,6.098896503448486
2010-03-09,6.073183375612189,6.191458510809298,6.073183375612189,6.170888900756836
2010-03-10,6.150316760271574,6.253164768218994,6.150316760271574,6.253164768218994
2010-03-11,6.222314382398913,6.258311084393675,6.196602242223391,6.237741470336914
2010-03-12,6.222314767005907,6.268596033680595,6.114324163928339,6.160605430603027
2010-03-15,6.186313927061838,6.186313927061838,6.124605117439394,6.181171894073486
2010-03-16,6.176033009912904,6.206887187696029,6.129751252819902,6.160605430603027
2010-03-17,6.145178259925527,6.155463312661894,5.990905901808161,6.098896503448486
2010-03-18,6.073183375612189,6.181173950992161,6.073183375612189,6.170888900756836
2010-03-19,6.150317192077637,6.181171841837122,6.109177986010336,6.150317192077637
2010-03-22,6.135318848706295,6.207742691040039,6.083587955622534,6.207742691040039
2010-03-23,6.207740582900272,6.259471951763199,6.176701662913136,6.2491254806518555
2010-03-24,6.24913016621796,6.285341855565213,6.24913016621796,6.264649391174316
2010-03-25,6.264643299646585,6.280163002859371,6.207739201240061,6.238778114318848
2010-03-26,6.207742614791116,6.2491275260886265,6.207742614791116,6.223261833190918
2010-03-29,6.218091716305249,6.274995870043398,6.218091716305249,6.264649391174316
2010-03-30,6.280169109477939,6.285341855565213,6.228437701827064,6.264649391174316
2010-03-31,6.2594722687044,6.285337461098622,6.2594722687044,6.28016471862793
2010-04-01,6.306032368295089,6.306032368295089,6.243954994334795,6.269820690155029
2010-04-05,6.2698201057400915,6.3112050178561,6.2594741243846235,6.290512561798096
2010-04-06,6.264647374575941,6.316378765574412,6.264647374575941,6.285339832305908
2010-04-07,6.27498975683233,6.300855435458945,6.202565955347166,6.243950843811035
2010-04-08,6.212918052560211,6.269822202412097,6.1870523505012684,6.254302978515625
2010-04-09,6.269822630608857,6.269822630608857,6.24913016621796,6.264649391174316
2010-04-12,6.233605941248441,6.316375732421875,6.233605941248441,6.316375732421875
2010-04-13,6.295683284628516,6.331894944930176,6.295683284628516,6.316375732421875
2010-04-14,6.331893444061279,6.337066678120109,6.32672021000245,6.331893444061279
2010-04-15,6.30602926185176,6.337068180215233,6.280164072120215,6.316375732421875
2010-04-16,6.290513070075177,6.337071223304378,6.285339832305908,6.285339832305908
2010-04-19,6.2646471728389,6.331897781632433,6.2646471728389,6.32155179977417
2010-04-20,6.331896918251215,6.3370701551485,6.285338772869703,6.306031227111816
2010-04-21,6.2961455974398195,6.342976014146301,6.2961455974398195,6.327365875244141
2010-04-22,6.311756567475107,6.34297684939052,6.311756567475107,6.33777379989624
2010-04-23,6.327366708432813,6.35858748658566,6.30134947601168,6.33777379989624
2010-04-26,6.322162330197631,6.34817955919281,6.301348646248961,6.327365875244141
2010-04-27,6.306553021743394,6.348180395122233,6.306553021743394,6.33777379989624
2010-04-28,6.342976014146301,6.34817955919281,6.2961455974398195,6.327365875244141
2010-04-29,6.342974089716227,6.441839430655134,6.327363955550112,6.42102575302124
2010-04-30,6.436637980630547,6.441841525790718,6.35858678817749,6.35858678817749
2010-05-03,6.384603067988761,6.44704411191016,6.379399523602651,6.426230430603027
2010-05-04,6.415822133710322,6.499076843261719,6.415822133710322,6.499076843261719
2010-05-05,6.4886698722839355,6.499076462249161,6.462652653015097,6.4886698722839355
2010-05-06,6.488671995126169,6.504282133299632,6.270128075748314,6.400213718414307
2010-05-07,6.441839430655134,6.441839430655134,6.2961436872178815,6.42102575302124
2010-05-10,6.462653108289026,6.504280463556812,6.363787767350121,6.42102575302124
2010-05-11,6.4262292964890175,6.441839430655134,6.42102575302124,6.42102575302124
2010-05-12,6.436638525564768,6.509486675262451,6.436638525564768,6.509486675262451
2010-05-13,6.504283341020755,6.56152085577626,6.462655967337217,6.5563178062438965
2010-05-14,6.5146893860829,6.566723346710205,6.499078751281086,6.566723346710205
2010-05-17,6.571927947315864,6.582334542618029,6.504283341020755,6.5563178062438965
2010-05-18,6.577131493085665,6.6083517752295995,6.530300573632325,6.5563178062438965
2010-05-19,6.556839244779661,6.562072277069092,6.4992773867441995,6.562072277069092
2010-05-20,6.436484166464409,6.488813005787963,6.394620895385742,6.394620895385742
2010-05-21,6.368451250913582,6.530671174848414,6.33705357260891,6.4940409660339355
2010-05-24,6.4888098787917885,6.541139191947091,6.483577346715711,6.504508972167969
2010-05-25,6.415551923968835,6.50451149135719,6.415551923968835,6.478346824645996
2010-05-26,6.4678777081630265,6.5202070169074995,6.426014460787157,6.436480522155762
2010-05-27,6.4888109785124035,6.541140300536455,6.452180752525208,6.53590726852417
2010-05-28,6.572538341647954,6.572538341647954,6.5149759845630655,6.562072277069092
2010-06-01,6.551602788088558,6.58823299407959,6.525438141359623,6.58823299407959
2010-06-02,6.593469802078982,6.635333061218262,6.556839076045051,6.635333061218262
2010-06-03,6.640563329445913,6.6719610126163635,6.541138247663101,6.609166145324707
2010-06-04,6.556839821235391,6.640566349029541,6.546374254785857,6.640566349029541
2010-06-07,6.645797223743053,6.6928935050964355,6.6300986296416955,6.6928935050964355
2010-06-08,6.666727206044241,6.698124885559082,6.666727206044241,6.698124885559082
2010-06-09,6.6981251235109,6.6981251235109,6.645795822143555,6.645795822143555
2010-06-10,6.666731168720494,6.698128866897992,6.64056650341416,6.682430267333984
2010-06-11,6.661497405792576,6.750456958655035,6.640565775651376,6.677196502685547
2010-06-14,6.6719625752221825,6.703360265746123,6.6719625752221825,6.687661170959473
2010-06-15,6.687661170959473,6.698127234150573,6.677195606817732,6.687661170959473
2010-06-16,6.68765882603774,6.708590446031239,6.6824262953262545,6.698124885559082
2010-06-17,6.698126887392136,6.719058513641357,6.687660824742858,6.719058513641357
2010-06-18,6.70859245099208,6.7347571085659395,6.703359918716775,6.719058513641357
2010-06-21,6.745895600696578,6.7511577303085755,6.640655517578125,6.640655517578125
2010-06-22,6.65643835067749,6.6669626050730555,6.609080711369659,6.65643835067749
2010-06-23,6.6669608085769605,6.672222934356797,6.603816804690724,6.619602680206299
2010-06-24,6.619603523853699,6.619603523853699,6.58276964234835,6.588031768798828
2010-06-25,6.609085687800352,6.661705493927002,6.598561425480353,6.661705493927002
2010-06-28,6.66170360016886,6.693275876329188,6.640655583336742,6.67222785949707
2010-06-29,6.672229944219245,6.719588122344533,6.635395526885986,6.635395526885986
2010-06-30,6.656443550294507,6.69853959711155,6.614347503477465,6.635395526885986
2010-07-01,6.645917816274114,6.714323997497559,6.614345539623174,6.714323997497559
2010-07-02,6.730108563248308,6.756418704986572,6.730108563248308,6.756418704986572
2010-07-06,6.766938121180072,6.851130621117575,6.740628498137489,6.814296245574951
2010-07-07,6.840610027313232,6.8932303051760755,6.719584090782519,6.840610027313232
2010-07-08,6.887969631933125,6.887969631933125,6.803777571028476,6.851135730743408
2010-07-09,6.851135730743408,6.851135730743408,6.798515441765869,6.851135730743408
2010-07-12,6.85639434982047,6.861656476774229,6.7985124588012695,6.7985124588012695
2010-07-13,6.824825586254638,6.866921616706963,6.824825586254638,6.851135730743408
2010-07-14,6.8669221853914895,6.8827080726623535,6.861660055693099,6.8827080726623535
2010-07-15,6.882710890270845,6.930069073294993,6.803780919780274,6.861662864685059
2010-07-16,6.866920166244654,6.887968177024959,6.840610027313232,6.840610027313232
2010-07-19,6.866918978820381,6.893229113202267,6.840608844438496,6.8458709716796875
2010-07-20,6.840612282217654,6.887970447540283,6.819564264499188,6.887970447540283
2010-07-21,6.8779146808901075,6.904368299805694,6.840879917144775,6.840879917144775
2010-07-22,6.8461713790893555,6.872625002416899,6.840881058072565,6.8461713790893555
2010-07-23,6.840877884650688,6.862040672583316,6.835587061527365,6.85145902633667
2010-07-26,6.856751795255453,6.888496238443102,6.830298176692547,6.883205413818359
2010-07-27,6.856751051731501,6.8990766350181785,6.814425468444824,6.814425468444824
2010-07-28,6.814432603565486,6.825013758185884,6.798560619354248,6.798560619354248
2010-07-29,6.803850944383806,6.825013758185884,6.761525316779653,6.798560619354248
2010-07-30,6.803847021245977,6.8673354260444235,6.803847021245977,6.825009822845459
2010-08-02,6.84616728479458,6.84616728479458,6.787969751927266,6.79326057434082
2010-08-03,6.782680393284111,6.814424830055612,6.782680393284111,6.809134006500244
2010-08-04,6.814426207379126,6.883205413818359,6.803844558129641,6.883205413818359
2010-08-05,6.872623856194828,6.872623856194828,6.835589092449495,6.840879917144775
2010-08-06,6.851462266596648,6.914950660420078,6.851462266596648,6.909660339355469
2010-08-09,6.904366248448571,6.904366248448571,6.85145902633667,6.85145902633667
2010-08-10,6.856753061376471,6.883206684824122,6.851462235774761,6.877915859222412
2010-08-11,6.851462235774761,6.904369482670063,6.851462235774761,6.877915859222412
2010-08-12,6.867335133002159,6.899079586327282,6.862044811248779,6.862044811248779
2010-08-13,6.862040672583316,6.867330991145975,6.830296238404042,6.85145902633667
2010-08-16,6.856753984934431,6.872625959316508,6.840882010552354,6.862044811248779
2010-08-17,6.8620475298063734,6.925535957048047,6.851465872985511,6.888501167297363
2010-08-18,6.909663385252008,6.9202445366064795,6.8937909013786145,6.914953708648682
2010-08-19,6.925533771514893,6.925533771514893,6.899080142372037,6.925533771514893
2010-08-20,6.888825427013085,6.936701515716881,6.883505748865456,6.920742988586426
2010-08-23,6.920747930176213,6.93670646870147,6.91010856628418,6.91010856628418
2010-08-24,6.899464958298562,6.942021369934082,6.88350592345091,6.942021369934082
2010-08-25,6.942027004716404,6.95266586260453,6.915429099026807,6.9473466873168945
2010-08-26,6.952665544755507,6.968624591827393,6.9207484652374,6.968624591827393
2010-08-27,6.973939811626539,7.0058573803555415,6.968620639598825,6.979259490966797
2010-08-30,7.0005369254685705,7.048413019601902,6.984578396528289,7.032454490661621
2010-08-31,7.032456758609425,7.106930255889893,7.032456758609425,7.106930255889893
2010-09-01,7.133527869032514,7.133527869032514,7.0324564807259495,7.059054374694824
2010-09-02,7.090971077124845,7.1175689697265625,7.075012544488856,7.1175689697265625
2010-09-03,7.112249936356398,7.1175696168229035,7.064373826783154,7.106930255889893
2010-09-07,7.090971721803029,7.106930255889893,7.0590546536293,7.106930255889893
2010-09-08,7.090973698950516,7.138849821872866,7.090973698950516,7.133530139923096
2010-09-09,7.12820773785529,7.181403522427945,7.085651313122207,7.090970993041992
2010-09-10,7.106928270350147,7.144165515899658,7.064371853132856,7.144165515899658
2010-09-13,7.144167114389196,7.170764500616719,7.101610687650012,7.165445327758789
2010-09-14,7.133526678182664,7.160124567711365,6.995218058483454,7.043094158172607
2010-09-15,7.021819438663619,7.053737023427279,6.851593672758232,6.904788970947266
2010-09-16,6.824990811178834,6.963299399142593,6.80371260590075,6.920742988586426
2010-09-17,6.91542824176491,7.005860805511475,6.91542824176491,7.005860805511475
2010-09-20,7.037773662100056,7.048413019601902,7.005856604219494,7.032454490661621
2010-09-21,7.05972652049761,7.102512701648083,7.05972652049761,7.065074920654297
2010-09-22,7.0276459319275295,7.107869994439874,7.0276459319275295,7.097173690795898
2010-09-23,7.070425565412286,7.177391052246094,7.070425565412286,7.177391052246094
2010-09-24,7.182744852808673,7.182744852808673,7.054385662078857,7.054385662078857
2010-09-27,7.032990355481603,7.0650802706702285,6.96881103515625,6.96881103515625
2010-09-28,6.968808104874173,7.038335800170898,6.963460212968028,7.038335800170898
2010-09-29,7.049035661792853,7.107866578693392,7.03833885323717,7.059731960296631
2010-09-30,7.107870853674828,7.156005501021852,7.059736206327805,7.113219261169434
2010-10-01,7.134608090030694,7.139956494308535,7.03833885323717,7.059731960296631
2010-10-04,7.081125067356091,7.081125067356091,7.032990448959329,7.059731960296631
2010-10-05,7.04903315932734,7.070426258792072,6.995550155639648,6.995550155639648
2010-10-06,7.022296520177216,7.032992822290534,6.9367240630623686,7.006251811981201
2010-10-07,7.0276429178361814,7.059732325057408,7.006249809671387,7.049036026000977
2010-10-08,7.065074920654297,7.070423320810984,7.016940339347138,7.065074920654297
2010-10-11,7.0704257018661885,7.0704257018661885,7.032987398213069,7.038335800170898
2010-10-12,7.0490333598783765,7.059729654889199,6.995550354669048,7.016943454742432
2010-10-13,7.011594300433437,7.043684202128728,7.011594300433437,7.038335800170898
2010-10-14,7.022291857273712,7.043684957347096,7.016943454742432,7.016943454742432
2010-10-15,7.049030230235748,7.065074920654297,7.022288739503825,7.065074920654297
2010-10-18,7.065079778225454,7.091821287343409,6.979507357089487,7.022293567657471
2010-10-19,7.016943454742432,7.075774352431302,6.920674249386336,7.016943454742432
2010-10-20,7.044371063776387,7.065880572602677,6.979842024470375,6.995974540710449
2010-10-21,6.92606859508016,7.0067291259765625,6.899181580505643,7.0067291259765625
2010-10-22,6.974459379717491,6.990591370056908,6.969081878662109,6.969081878662109
2010-10-25,6.969087526470801,6.995974540710449,6.969087526470801,6.995974540710449
2010-10-26,7.0013508796691895,7.017482880394462,6.963708860874145,7.0013508796691895
2010-10-27,6.979842898520369,7.028239427646756,6.979842898520369,7.022862434387207
2010-10-28,7.012107422213696,7.022862434387207,6.958333387000553,7.022862434387207
2010-10-29,7.038996957931892,7.082015996361038,7.006732422696338,7.044374465942383
2010-11-01,7.07125183458072,7.076629335636102,6.969081878662109,6.969081878662109
2010-11-02,6.9421997594739935,6.99597378212246,6.91531274814976,6.9529547691345215
2010-11-03,6.9475770698953045,6.9475770698953045,6.845406532287598,6.845406532287598
2010-11-04,6.834654202779268,6.850786209106445,6.818522196452091,6.850786209106445
2010-11-05,6.883050784076349,6.883050784076349,6.8077672326295176,6.861541271209717
2010-11-08,6.829274475799342,6.84002948507187,6.7217269472094054,6.732481956481934
2010-11-09,6.732483211613591,6.743237710064004,6.571161632240094,6.624935150146484
2010-11-10,6.603422561740899,6.603422561740899,6.399082058179981,6.452856063842773
2010-11-11,6.463612692497624,6.463612692497624,6.205498118486167,6.334555149078369
2010-11-12,6.296915715949875,6.372199264987927,6.291538209698467,6.3291802406311035
2010-11-15,6.377574220187016,6.420593230795284,6.017289621722472,6.054931640625
2010-11-16,6.103326501696221,6.103326501696221,5.818324992621218,6.060307502746582
2010-11-17,6.11946322973476,6.232388317499263,6.097953713628536,6.2001237869262695
2010-11-18,6.216252098411001,6.243138590713298,5.893609062513754,5.968892574310303
2010-11-19,6.012729303974707,6.191325188123478,6.001905576880282,6.180501461029053
2010-11-22,6.169681005436009,6.434869449783676,6.169681005436009,6.369925498962402
2010-11-23,6.33745181584407,6.41321999920182,6.321215960884739,6.386159896850586
2010-11-24,6.3158038371887875,6.456515956512384,6.277920003574174,6.386159896850586
2010-11-26,6.380749492605251,6.456517696380615,6.337453523627517,6.456517696380615
2010-11-29,6.472748224108563,6.499808311462402,6.402392203439876,6.499808311462402
2010-11-30,6.483573273821231,6.5593414306640625,6.445689453463987,6.5593414306640625
2010-12-01,6.537695697944234,6.580991654927029,6.40780782699585,6.40780782699585
2010-12-02,6.386159195189519,6.407807171466292,6.240034968224954,6.272507190704346
2010-12-03,6.304978462620591,6.359098657647688,6.18050273663807,6.250858783721924
2010-12-06,6.20214947128688,6.256269655492503,6.1480292870812585,6.169677257537842
2010-12-07,6.180503215767214,6.180503215767214,5.996495157764403,6.028967380523682
2010-12-08,6.045203831131536,6.045203831131536,5.953199793039731,5.980259895324707
2010-12-09,5.94237952385795,5.9640280330815525,5.872023933396711,5.915319919586182
2010-12-10,5.893671305606901,5.964027404785156,5.763782844593068,5.964027404785156
2010-12-13,5.915315422973154,5.958611376250576,5.725895240288075,5.807075023651123
2010-12-14,5.8070722697785,5.866604564399468,5.693420833418245,5.73130464553833
2010-12-15,5.758367730306166,5.888255596160889,5.709659651578521,5.888255596160889
2010-12-16,5.850368706015887,6.142616509479594,5.850368706015887,6.0181403160095215
2010-12-17,6.083087518371346,6.083087518371346,5.980259751515398,6.045203685760498
2010-12-20,6.039791587446714,6.039791587446714,5.823311805725098,5.823311805725098
2010-12-21,5.8238539608709905,5.927365224320393,5.774822884010159,5.796614646911621
2010-12-22,5.823858048565256,5.932817459106445,5.812962419245322,5.932817459106445
2010-12-23,5.883783652462507,5.976398805439429,5.845647665052915,5.861991882324219
2010-12-27,5.883781842458761,5.992740659631648,5.747583191103496,5.780270576477051
2010-12-28,5.758482246743338,5.81841002158997,5.747586618307452,5.763930320739746
2010-12-29,5.742135620932954,5.943709580164392,5.742135620932954,5.93826150894165
2010-12-30,5.921919720022071,6.003639255983894,5.861992475962203,5.91102409362793
2010-12-31,5.943708445177698,6.15617850628219,5.943708445177698,6.128938674926758
2011-01-03,6.090805886893691,6.123493283172488,6.003638804074507,6.041774272918701
2011-01-04,6.019982502213905,6.085357814328294,6.009086357083109,6.041774272918701
2011-01-05,6.06901390729243,6.134389217156588,6.03632599258196,6.074461460113525
2011-01-06,6.096253000951778,6.1289409144337315,5.976398530483718,6.014533996582031
2011-01-07,6.030879818591381,6.036327892684189,5.932817082705555,5.9437127113342285
2011-01-10,5.987294430730182,6.003638648001485,5.851095737476683,5.861991882324219
2011-01-11,5.856545240757621,5.927368640899658,5.8347534652952175,5.927368640899658
2011-01-12,5.965502979294495,5.965502979294495,5.774825110286842,5.840200424194336
2011-01-13,5.812960610883694,5.812960610883694,5.709449306982428,5.747585296630859
2011-01-14,5.725791871695624,5.736687494479541,5.540561608359071,5.622280597686768
2011-01-18,5.589595590564459,5.704002536086779,5.5405639682610515,5.66041898727417
2011-01-19,5.660417702586668,5.725793010968013,5.584146249696716,5.6168341636657715
2011-01-20,5.578984983270993,5.666756540728355,5.551556240775629,5.633842468261719
2011-01-21,5.595438362836303,5.787438911670053,5.595438362836303,5.743553161621094
2011-01-24,5.699667637070888,5.853267768319202,5.699667637070888,5.825839042663574
2011-01-25,5.8258424450423725,5.9465285945139845,5.803899556334782,5.935556888580322
2011-01-26,5.935556863226457,6.034300123568695,5.935556863226457,6.012357234954834
2011-01-27,6.023326717163152,6.050755450976671,5.9849268037199765,6.034298419952393
2011-01-28,6.056240826176087,6.111098289489746,5.979440482168875,6.111098289489746
2011-01-31,6.116583561041142,6.1440122924457174,6.0068691585823775,6.078183650970459
2011-02-01,6.1111003339840355,6.127557369220086,5.984928335415066,6.006871223449707
2011-02-02,6.006871382011436,6.061728865125953,5.990414346340973,6.012357234954834
2011-02-03,6.012356233368371,6.072699036214167,5.97944164435089,5.995899200439453
2011-02-04,6.017841234718223,6.023326562812696,5.91909800478373,5.968469619750977
2011-02-07,5.962984353583607,6.017841825187499,5.897155701554709,5.941041469573975
2011-02-08,5.968470587582416,5.968470587582416,5.886184374907167,5.891670227050781
2011-02-09,5.858755486464204,5.886183697707376,5.787440986280848,5.809383869171143
2011-02-10,5.820350872175423,5.842293739318848,5.765493965896471,5.842293739318848
2011-02-11,5.792923913534037,5.919095295672208,5.792923913534037,5.897152423858643
2011-02-14,5.875212826801376,5.891669859044623,5.8313270587129695,5.864241123199463
2011-02-15,5.847782035818287,5.8806966118969415,5.8368108592316945,5.875210762023926
2011-02-16,5.90337548762029,5.991733284085176,5.892331092218973,5.986210823059082
2011-02-17,5.9696451827462464,5.991734504699707,5.953077796292917,5.991734504699707
2011-02-18,5.95307731628418,5.986211559868178,5.942032919523471,5.95307731628418
2011-02-22,5.947552020101562,5.958596410620777,5.803971256797293,5.831583023071289
2011-02-23,5.809493431737241,5.90889504815951,5.809493431737241,5.881283283233643
2011-02-24,5.8812904847316325,5.908902283467481,5.853679212647041,5.892335414886475
2011-02-25,5.848151649258017,5.903374671936035,5.842629188994975,5.903374671936035
2011-02-28,5.930991617125908,5.930991617125908,5.864723616150626,5.892335414886475
2011-03-01,5.8923281998642345,5.8923281998642345,5.842627128327794,5.881283283233643
2011-03-02,5.908896938143537,5.908896938143537,5.809495289927257,5.815017223358154
2011-03-03,5.826064320818608,5.853676104895194,5.820541858673096,5.820541858673096
2011-03-04,5.815019661844442,5.875765694914733,5.815019661844442,5.826064586639404
2011-03-07,5.826062143521507,5.853673917279111,5.803972829845581,5.815017223358154
2011-03-08,5.809496462409857,5.870241955615721,5.809496462409857,5.8481526374816895
2011-03-09,5.84263202868198,5.859198890872277,5.826065166491683,5.837109565734863
2011-03-10,5.837108984783366,5.85919830772229,5.826064586639404,5.826064586639404
2011-03-11,5.826063202421124,5.853674981197227,5.781884567039707,5.7984514236450195
2011-03-14,5.820537821717221,5.881283283233643,5.815015363401925,5.881283283233643
2011-03-15,5.84262980701211,5.886808440487937,5.84262980701211,5.859196662902832
2011-03-16,5.87576318944627,5.903374436358036,5.837106495798401,5.8426289558410645
2011-03-17,5.853675098677919,5.87576441681195,5.842630176285461,5.8481526374816895
2011-03-18,5.84814958664309,5.903372589844214,5.84814958664309,5.881283283233643
2011-03-21,5.90889504815951,5.914417506474806,5.84814958664309,5.881283283233643
2011-03-22,5.8707248835845744,5.90408097673921,5.837368260244396,5.892962455749512
2011-03-23,5.904078851840584,5.909638375427312,5.870722770690918,5.870722770690918
2011-03-24,5.9374380394513535,5.9374380394513535,5.8373686922112045,5.8596062660217285
2011-03-25,5.848489367630128,5.887405000054333,5.826251257461179,5.842929840087891
2011-03-28,5.809571592401654,5.865165792020755,5.809571592401654,5.8596062660217285
2011-03-29,5.876283791794713,5.876283791794713,5.798452555465056,5.826249122619629
2011-03-30,5.837366153824188,5.848485200987107,5.781771978380294,5.792891025543213
2011-03-31,5.815129685833487,5.826248204906892,5.742857456207275,5.742857456207275
2011-04-01,5.753975420843697,5.815128589683701,5.753975420843697,5.792891025543213
2011-04-04,5.792891317426308,5.826247400225059,5.753975710765975,5.809569358825684
2011-04-05,5.820689329960076,5.865164467537661,5.792892236427721,5.848486423492432
2011-04-06,5.870722770690918,5.8818412876790225,5.870722770690918,5.870722770690918
2011-04-07,5.848487946952374,5.8818440437316895,5.848487946952374,5.8818440437316895
2011-04-08,5.881842056497131,5.887401580810547,5.842926446674062,5.887401580810547
2011-04-11,5.865162791605814,5.898518870164992,5.81512814358174,5.831806182861328
2011-04-12,5.820690644399706,5.8596062660217285,5.820690644399706,5.8596062660217285
2011-04-13,5.85960646915028,5.887403569923442,5.85960646915028,5.8818440437316895
2011-04-14,5.859604915800716,5.876282959769115,5.837367347114365,5.854045391082764
2011-04-15,5.831806182861328,5.881840830885403,5.831806182861328,5.831806182861328
2011-04-18,5.848486179449466,5.909639358520508,5.842926654937888,5.909639358520508
2011-04-19,5.921393806244784,5.9605710994735315,5.910200522643966,5.932587623596191
2011-04-20,5.938182499038003,5.954973220825195,5.893408308439731,5.954973220825195
2011-04-21,5.9437793391212885,5.977360248565674,5.9437793391212885,5.977360248565674
2011-04-25,6.016538627806323,6.016538627806323,5.943780422210693,5.943780422210693
2011-04-26,5.943782057526255,6.033330478665901,5.938185147767355,5.949378967285156
2011-04-27,5.932585646080041,5.966166019439697,5.932585646080041,5.966166019439697
2011-04-28,5.966166434167396,5.982956622014364,5.932586058473459,5.977360248565674
2011-04-29,5.96616752133623,5.9829577122427455,5.932587139523197,5.943780422210693
2011-05-02,5.94378000602234,6.016538206523381,5.932586724118607,6.005344390869141
2011-05-03,5.97736017646891,6.0389245536655265,5.97736017646891,6.0109405517578125
2011-05-04,5.994150503468183,6.050118508584781,5.994150503468183,6.038924694061279
2011-05-05,6.0333285288568845,6.106086730957031,6.0333285288568845,6.106086730957031
2011-05-06,6.106086730957031,6.117280546857294,6.1004898230069005,6.106086730957031
2011-05-09,6.1284763015667005,6.1284763015667005,6.066911890528394,6.083702087402344
2011-05-10,6.111686706542969,6.122879994310953,6.066912487969457,6.111686706542969
2011-05-11,6.100489072003332,6.128473074558485,6.078101976709301,6.122876167297363
2011-05-12,6.100493939929274,6.150865077972412,6.100493939929274,6.150865077972412
2011-05-13,6.139665540999657,6.173245909692264,6.139665540999657,6.162052631378174
2011-05-16,6.15645729319819,6.206828392815341,6.15645729319819,6.190038204193115
2011-05-17,6.206830350753789,6.279588569402241,6.190040156835113,6.2516045570373535
2011-05-18,6.246007627208712,6.352346767094346,6.246007627208712,6.324362754821777
2011-05-19,6.301974018468327,6.497860986106914,6.301974018468327,6.391522407531738
2011-05-20,6.392086921198248,6.420245463801154,6.285082525784025,6.3695597648620605
2011-05-23,6.330135144331597,6.437139511108398,6.330135144331597,6.437139511108398
2011-05-24,6.392083313021318,6.442768983349573,6.369556169401159,6.4315056800842285
2011-05-25,6.431506772056755,6.487824909213854,6.41461154574545,6.470929145812988
2011-05-26,6.454040050506592,6.499094388195743,6.408985712817442,6.454040050506592
2011-05-27,6.465299669871113,6.527249751591503,6.448404437169991,6.510354518890381
2011-05-31,6.52725219556879,6.577938449740208,6.4596707023702225,6.532884120941162
2011-06-01,6.476562975071882,6.532881128821439,6.459667743782903,6.465299129486084
2011-06-02,6.470928202228142,6.521614410860602,6.420241993595681,6.487823963165283
2011-06-03,6.459665840635305,6.487824909213854,6.459665840635305,6.470929145812988
2011-06-06,6.487824979572846,6.5610378067456665,6.487824979572846,6.4934563636779785
2011-06-07,6.487823909113728,6.50471913282063,6.29634291680392,6.307606220245361
2011-06-08,6.2850778071927955,6.363923063720398,6.2850778071927955,6.352659225463867
2011-06-09,6.330136775970459,6.352663932084278,6.285082463742822,6.330136775970459
2011-06-10,6.330132086040177,6.42024064373494,6.324500166911911,6.352659225463867
2011-06-13,6.386450203144088,6.42024064373494,6.352659225463867,6.352659225463867
2011-06-14,6.392088890075684,6.403352203168193,6.380825039893236,6.392088890075684
2011-06-15,6.403352203168193,6.431511291534373,6.363929801709504,6.392088890075684
2011-06-16,6.397720278076969,6.408984128259417,6.38645696498446,6.392088890075684
2011-06-17,6.380822435951468,6.4878268206576815,6.380822435951468,6.465299129486084
2011-06-20,6.482194353936491,6.5328805806400085,6.4427714347839355,6.4427714347839355
2011-06-21,6.46034072823389,6.488675665026243,6.426339236438241,6.471674919128418
2011-06-22,6.483005787684939,6.494339973715905,6.392334461212158,6.392334461212158
2011-06-23,6.403668085663364,6.511340141296387,6.403668085663364,6.511340141296387
2011-06-24,6.511341455845223,6.5283427368330385,6.494340715301204,6.505674362182617
2011-06-27,6.528341418851881,6.568009985593991,6.4490037449239725,6.511340141296387
2011-06-28,6.500006900054746,6.551009654998779,6.500006900054746,6.551009654998779
2011-06-29,6.5736783630328945,6.607679843902588,6.551010528971835,6.607679843902588
2011-06-30,6.61334753036499,6.664350296685333,6.573678952313099,6.61334753036499
2011-07-01,6.641678270247365,6.647344820362627,6.6190104484558105,6.6190104484558105
2011-07-05,6.641682460592274,6.698351780603,6.61334753036499,6.61334753036499
2011-07-06,6.624678669074474,6.6700148645332265,6.585010106047158,6.647346496582031
2011-07-07,6.658681023098634,6.743685245513916,6.653013930819304,6.743685245513916
2011-07-08,6.7380236447528175,6.817360833185439,6.732356548309326,6.732356548309326
2011-07-11,6.715354053239313,6.72668770273516,6.630349250022811,6.675684928894043
2011-07-12,6.641684212080741,6.670019149780273,6.641684212080741,6.670019149780273
2011-07-13,6.64734815953295,6.681350179522308,6.641681606571202,6.658682346343994
2011-07-14,6.64167994503787,6.71535051954834,6.6360128530500715,6.647346496582031
2011-07-15,6.6303489515069955,6.6303489515069955,6.556678341547109,6.579346179962158
2011-07-18,6.579347557535764,6.579347557535764,6.4546746903711245,6.494343280792236
2011-07-19,6.483005809992629,6.556676398116194,6.4773392574013835,6.517007827758789
2011-07-20,6.511878557013829,6.557495876126253,6.494772198297006,6.551793575286865
2011-07-21,6.568901344865988,6.580305404248701,6.523283475930904,6.563199043273926
2011-07-22,6.574602040047066,6.62592165847835,6.568900283177952,6.5860066413879395
2011-07-25,6.557493028075522,6.608812625738203,6.523279781700034,6.54038667678833
2011-07-26,6.568903468993043,6.631627175383892,6.5403924956148085,6.620222568511963
2011-07-27,6.603109058510823,6.631620001044834,6.506172180175781,6.506172180175781
2011-07-28,6.4890705515368206,6.4890705515368206,6.266685690597013,6.414942264556885
2011-07-29,6.3579211793289545,6.386432146371084,6.283793426341469,6.295197486877441
2011-08-01,6.363621799587577,6.426346019262496,6.335110840080915,6.392132759094238
2011-08-02,6.3693230577849445,6.432046723392588,6.3465144026729625,6.363620758056641
2011-08-03,6.375024023047523,6.460556325862913,6.363619425978206,6.443449974060059
2011-08-04,6.43204777612277,6.523282411503029,6.392132759094238,6.392132759094238
2011-08-05,6.386430586056892,6.443452506209721,6.272387289552566,6.318004608154297
2011-08-08,6.272384669739897,6.283789266527592,6.010084925435094,6.04429817199707
2011-08-09,6.044296454697945,6.1583396711675205,5.987274574562682,6.124126434326172
2011-08-10,6.141238593150083,6.409240245819092,6.124131688153103,6.409240245819092
2011-08-11,6.414940368008909,6.4491536225775,6.306599392177302,6.363620758056641
2011-08-12,6.3978310686589674,6.500469697533037,6.3978310686589674,6.489065647125244
2011-08-15,6.517579341725108,6.665835322452308,6.477663788935943,6.614516258239746
2011-08-16,6.597409702137427,6.700048923492432,6.597409702137427,6.700048923492432
2011-08-17,6.700048243989715,6.791282856474152,6.648728638516924,6.745665550231934
2011-08-18,6.688644680973449,6.785581607694914,6.6544319678960315,6.774177551269531
2011-08-19,6.682942659362555,6.814092293955071,6.682942659362555,6.728559970855713
2011-08-22,6.820921024031201,6.826657295227051,6.7692907536168265,6.826657295227051
2011-08-23,6.815185705052887,6.826658797061719,6.7176619610583,6.7406086921691895
2011-08-24,6.694713818619544,6.7520809078496935,6.688977000277908,6.746344089508057
2011-08-25,6.769290815781495,6.786500723713296,6.723397363234619,6.746344089508057
2011-08-26,6.7176619610583,6.769292242831107,6.7176619610583,6.7406086921691895
2011-08-29,6.775023777549638,6.8094435738203245,6.734866619110107,6.734866619110107
2011-08-30,6.7578187152922675,6.76929235458374,6.746345623094029,6.76929235458374
2011-08-31,6.792234551206165,6.826654351913574,6.786497735390641,6.820918083190918
2011-09-01,6.849605641251114,6.849605641251114,6.7578187152922675,6.76929235458374
2011-09-02,6.769290171239385,6.803709983825684,6.757816535648581,6.803709983825684
2011-09-06,6.786502266427715,6.826658909761402,6.76929235458374,6.76929235458374
2011-09-07,6.820921096275657,6.826657367532263,6.752080917358398,6.752080917358398
2011-09-08,6.757817179098221,6.792237542054933,6.74060727116642,6.746344089508057
2011-09-09,6.734870773868626,6.826657683337758,6.729133955253521,6.815184593200684
2011-09-12,6.792234551206165,6.838127983544623,6.792234551206165,6.820918083190918
2011-09-13,6.84386607772052,6.878285884857178,6.83239244394632,6.878285884857178
2011-09-14,6.9069745919439995,6.9069745919439995,6.855344295501709,6.855344295501709
2011-09-15,6.906972582643131,6.912709402155243,6.838132389777438,6.843869209289551
2011-09-16,6.861076230952193,6.884022952242616,6.832392692565918,6.832392692565918
2011-09-19,6.826656452885629,6.849603176116943,6.826656452885629,6.849603176116943
2011-09-20,6.86681661427239,6.912710080687627,6.8381330609895485,6.884026527404785
2011-09-21,6.9019128795642954,6.924996178144139,6.8903709550997485,6.919225215911865
2011-09-22,6.913458644798431,6.925000576593895,6.832667323628579,6.896146297454834
2011-09-23,6.890373998721468,6.924999237060547,6.8672906899452455,6.924999237060547
2011-09-26,6.925000576593895,6.925000576593895,6.878833950111237,6.896146297454834
2011-09-27,6.901914680619725,6.901914680619725,6.867289448539876,6.8903727531433105
2011-09-28,6.873060141070837,7.017330926736806,6.873060141070837,7.011559963226318
2011-09-29,7.040411225938705,7.11543206851184,7.005786560350573,7.098119735717773
2011-09-30,7.109662349105819,7.15582894485202,7.069266715415201,7.080808639526367
2011-10-03,7.086580564571959,7.126976757238416,7.005789279937744,7.005789279937744
2011-10-04,7.028875280801811,7.028875280801811,6.896145825976468,6.93654203414917
2011-10-05,6.976932305461038,7.098119735717774,6.9711613444133045,7.098119735717773
2011-10-06,7.126979337216257,7.150062648374992,7.069270784144645,7.13852071762085
2011-10-07,7.109660795797893,7.115431756592646,7.0404109173082,7.051952838897705
2011-10-10,7.103893063744886,7.103893063744886,6.965392704197365,6.982705593109131
2011-10-11,7.01155638381756,7.075035849327833,7.01155638381756,7.069264888763428
2011-10-12,7.092350787419975,7.155829725912434,7.069267487027327,7.126976013183594
2011-10-13,7.173140912024573,7.207765579223634,7.144286655792581,7.207765579223633
2011-10-14,7.201995040424601,7.27701589088934,7.201995040424601,7.27124547958374
2011-10-17,7.288559913635254,7.357809822392318,7.288559913635254,7.288559913635254
2011-10-18,7.311645117195514,7.369353664668917,7.277019878641574,7.300103187561035
2011-10-19,7.323180956646674,7.386660420916423,7.2770143737318085,7.305868625640869
2011-10-20,7.3586851595155975,7.387701613371231,7.20199365211895,7.242617130279541
2011-10-21,7.32966800077194,7.364487966060653,7.190387032710343,7.236814022064209
2011-10-24,7.248416207498448,7.248416207498448,7.085921840824659,7.0917253494262695
2011-10-25,7.103333087857573,7.103333087857573,6.987265662262477,6.993069171905518
2011-10-26,7.0278928451186315,7.0278928451186315,6.993072875724585,7.016286373138428
2011-10-27,7.109138386153124,7.109138386153124,6.975660951499253,6.98146390914917
2011-10-28,6.981462504481915,7.045300006866455,6.952445508257413,7.045300006866455
2011-10-31,6.998872591404817,7.109136505936701,6.998872591404817,7.103332996368408
2011-11-01,7.103336404501712,7.10913991685449,6.969858941108198,6.987268924713135
2011-11-02,6.969859050621456,7.068516548355243,6.96405553817749,6.96405553817749
2011-11-03,6.964055428755419,7.039499428981344,6.964055428755419,6.987268924713135
2011-11-04,7.242617834560032,7.25422485999367,6.964055865593924,7.016286373138428
2011-11-07,7.004677339461014,7.0394978523254395,6.9814638487024885,7.0394978523254395
2011-11-08,7.010479500706418,7.0569064732843545,7.010479500706418,7.045300006866455
2011-11-09,7.00467429915632,7.016281316224318,6.964050846324399,6.969854354858398
2011-11-10,7.0220861666675765,7.027889122857475,6.987265662262477,6.993069171905518
2011-11-11,6.993070870808389,7.0394978523254395,6.9814638487024885,7.0394978523254395
2011-11-14,7.039496142143555,7.039496142143555,6.981462152619437,6.993069171905518
2011-11-15,6.981464855019061,6.987268366908537,6.923431396484375,6.923431396484375
2011-11-16,6.906017627808126,6.946641638563228,6.882804144570823,6.900214672088623
2011-11-17,6.865399068822785,6.906022555108787,6.807365042596933,6.847989082336426
2011-11-18,6.818963601135462,6.865390543079735,6.818963601135462,6.853784084320068
2011-11-21,6.877725929653774,7.02952646924899,6.831018156978411,6.965303421020508
2011-11-22,6.94194909170225,7.012010746244511,6.877725490771443,6.994494915008545
2011-11-23,7.000333972126745,7.006172582911308,6.912757037560582,6.965303421020508
2011-11-25,6.924433090709608,7.01201057434082,6.912756426972426,7.01201057434082
2011-11-28,7.058719406157986,7.058719406157986,6.877726358163928,6.95362663269043
2011-11-29,6.930274744769652,7.0061750411987305,6.930274744769652,7.0061750411987305
2011-11-30,7.052882869960706,7.052882869960706,6.976982573104413,7.017852306365967
2011-12-01,7.035367127938837,7.035367127938837,6.930274330427817,6.976982116699219
2011-12-02,7.012009317238622,7.052878468192583,7.000332098794392,7.03536319732666
2011-12-05,7.064559257259688,7.064559257259688,7.00033563695688,7.0295281410217285
2011-12-06,7.029530575436074,7.0879156037852376,7.006176675456588,7.070399761199951
2011-12-07,7.087912110510866,7.1171040534973145,7.058719610723794,7.1171040534973145
2011-12-08,7.111268710117897,7.1287839939475095,6.976983382621974,7.023691177368164
2011-12-09,7.0236903228975125,7.035367548563879,7.000336428365547,7.0061750411987305
2011-12-12,7.035367548563879,7.035367548563879,6.988659759499948,7.0061750411987305
2011-12-13,7.029530459178092,7.058722972869873,6.9886612740901315,7.058722972869873
2011-12-14,7.058719610723794,7.122942664814853,7.058719610723794,7.1171040534973145
2011-12-15,7.1346169390667376,7.210517184427068,7.087909181429671,7.175486087799072
2011-12-16,7.198844163954302,7.338967518565407,7.198844163954302,7.303936958312988
2011-12-19,7.2922597336950385,7.303936958312988,7.25722917344262,7.303936958312988
2011-12-20,7.303934373658738,7.327288257829648,7.181326342561331,7.210518836975098
2011-12-21,7.252214801740942,7.287447919276451,7.228725870043834,7.234597682952881
2011-12-22,7.281570762132111,7.410760081595017,7.281570762132111,7.3990159034729
2011-12-23,7.39901898550809,7.416635540039347,7.334424018859863,7.334424018859863
2011-12-27,7.340295568505818,7.4812291090163034,7.340295568505818,7.4636125564575195
2011-12-28,7.46948757028194,7.528209619595827,7.46948757028194,7.504720687866211
2011-12-29,7.528210268432612,7.545827388763428,7.504721334678546,7.545827388763428
2011-12-30,7.56343953164508,7.56343953164508,7.399017091397586,7.528205871582031
2012-01-03,7.563440015374108,7.563440015374108,7.434250666907173,7.469484329223633
2012-01-04,7.451867151337172,7.451867151337172,7.334422544700585,7.363783836364746
2012-01-05,7.387271165330846,7.416632450666044,7.363782249066676,7.3990159034729
2012-01-06,7.3814046315387705,7.445999622344971,7.3814046315387705,7.445999622344971
2012-01-09,7.469486904996159,7.498848207048129,7.434253230529744,7.487103462219238
2012-01-10,7.504718032434718,7.510590403294349,7.381401044483016,7.4636125564575195
2012-01-11,7.457737914123358,7.463610283194385,7.369654618137703,7.3990159034729
2012-01-12,7.393148325803279,7.469487493141219,7.393148325803279,7.428381443023682
2012-01-13,7.445993662281145,7.487099125331489,7.416632377236643,7.434248924255371
2012-01-17,7.434250556456215,7.463611847947033,7.36965616319246,7.3931450843811035
2012-01-18,7.375532183047425,7.457743167877197,7.375532183047425,7.457743167877197
2012-01-19,7.4636136532178945,7.522336250403131,7.3931468726077245,7.510591506958008
2012-01-20,7.541273753975658,7.558976680073327,7.476364713194826,7.4999680519104
2012-01-23,7.523567087548945,7.56487276598957,7.482261409108321,7.529468059539795
2012-01-24,7.523576926918465,7.535378886334823,7.476370214749829,7.482271194458008
2012-01-25,7.482263051644115,7.5471720695495605,7.482263051644115,7.5471720695495605
2012-01-26,7.570777620252442,7.623885269908209,7.553075257949836,7.617984294891357
2012-01-27,7.617987457970961,7.682897084611687,7.59438411085111,7.659293174743652
2012-01-30,7.66519204518797,7.759605407714845,7.66519204518797,7.759605407714844
2012-01-31,7.771408834800761,7.966136572668359,7.718301167609937,7.960235595703125
2012-02-01,7.9956409178481405,7.9956409178481405,7.848119869779902,7.930731296539307
2012-02-02,7.9307285928220725,7.9307285928220725,7.800910519957822,7.88942289352417
2012-02-03,7.918927205628934,7.918927205628934,7.848117194226267,7.88942289352417
2012-02-06,7.865815415433422,7.907121092985962,7.8481130625891415,7.877617359161377
2012-02-07,7.889421728485131,7.889421728485131,7.771405060241662,7.842215061187744
2012-02-08,7.8481190150571685,7.8481190150571685,7.800912329836368,7.83631706237793
2012-02-09,7.842218038717549,7.877623334007189,7.83631706237793,7.83631706237793
2012-02-10,7.859921617207431,7.9366326332092285,7.8481202254561655,7.9366326332092285
2012-02-13,7.936633350982298,7.948435306549072,7.895327631995018,7.948435306549072
2012-02-14,7.966138879644941,7.966138879644941,7.771411085384595,7.8481221199035645
2012-02-15,7.883524036894539,7.942532676959975,7.830416936133365,7.907127380371094
2012-02-16,7.936634004150534,7.983840704806213,7.824518230780361,7.88352632522583
2012-02-17,7.860991509212967,7.878776399265347,7.837278134019307,7.866919994354248
2012-02-21,7.8491428008674875,7.860999783630602,7.724647308715073,7.766146183013916
2012-02-22,7.730570308996223,7.730570308996223,7.523077781002172,7.564576625823975
2012-02-23,7.5645776519603425,7.588291038487389,7.50529390295686,7.51715087890625
2012-02-24,7.552721978763254,7.617934226989746,7.5112236865259066,7.617934226989746
2012-02-27,7.63571827033042,7.700929945855081,7.623861293668609,7.683145046234131
2012-02-28,7.659433114755204,7.671289528299796,7.582364447913807,7.6238627433776855
2012-02-29,7.653504875216342,7.665361854519987,7.606078088745546,7.659433364868164
2012-03-01,7.659431227030817,7.659431227030817,7.558649192566854,7.629789352416992
2012-03-02,7.612006329833094,7.629791232835917,7.5764359584555745,7.6238627433776855
2012-03-05,7.6357204037150685,7.6357204037150685,7.481583056276869,7.534938335418701
2012-03-06,7.534935748955654,7.534935748955654,7.47565200017643,7.5112223625183105
2012-03-07,7.493437865097482,7.564578028217083,7.493437865097482,7.55864953994751
2012-03-08,7.558649135392998,7.558649135392998,7.499365386613773,7.5112223625183105
2012-03-09,7.493437492379203,7.529007289483907,7.463795617877462,7.51715087890625
2012-03-12,7.529006945084071,7.59421917907924,7.505293559641747,7.588290691375732
2012-03-13,7.600148506526156,7.600148506526156,7.546793238073682,7.582363605499268
2012-03-14,7.594220594069993,7.594220594069993,7.363014618899178,7.4104413986206055
2012-03-15,7.4104432851478235,7.4104432851478235,7.173309326171875,7.173309326171875
2012-03-16,7.11994937093359,7.173304618026848,7.0132388767470735,7.066594123840332
2012-03-19,7.066596204372209,7.096238079859069,6.995456042426794,7.084381103515625
2012-03-20,7.078455734036202,7.090312715603707,7.0132440315309275,7.054742336273193
2012-03-21,7.07977008059208,7.109567206095326,7.026135368352815,7.061892032623291
2012-03-22,7.061888735894872,7.103604351125419,7.03805116028704,7.073807239532471
2012-03-23,7.079771577154812,7.079771577154812,6.990380181749005,7.06785249710083
2012-03-26,7.044012063409097,7.049971601031704,6.972499316936183,6.9844183921813965
2012-03-27,6.9844208100980145,7.014217940193642,6.92482654990676,6.996339321136475
2012-03-28,7.008255870116738,7.115524704064481,7.008255870116738,7.109565734863281
2012-03-29,7.133406727840899,7.181081914245317,7.115528106689453,7.115528106689453
2012-03-30,7.145321834733304,7.1691594165742485,7.085728164297333,7.127443790435791
2012-04-02,7.151278459960351,7.204913139343262,7.0916842454609945,7.204913139343262
2012-04-03,7.198957000406381,7.198957000406381,7.1036066668909825,7.151281833648682
2012-04-04,7.115526541516171,7.163202285766602,7.109567570776178,7.163202285766602
2012-04-05,7.1870384928833655,7.1870384928833655,7.127444250269832,7.151281833648682
2012-04-09,7.121481352710673,7.240669213376836,7.121481352710673,7.204913139343262
2012-04-10,7.2049131578530545,7.234710265179283,7.1870351207903385,7.2227911949157715
2012-04-11,7.228757413258499,7.240675926208496,7.222797872616963,7.240675926208496
2012-04-12,7.228754053868471,7.2585511748955795,7.2108760085853305,7.246632099151611
2012-04-13,7.240672534255351,7.258551147804575,7.210875981672264,7.252591609954834
2012-04-16,7.240672554832057,7.294307258966531,7.240672554832057,7.2883477210998535
2012-04-17,7.27642921369931,7.294307258966531,7.264510137965955,7.2883477210998535
2012-04-18,7.312186781678391,7.324105290560742,7.29430816585554,7.318145751953125
2012-04-19,7.373252955945,7.373252955945,7.2714289492579045,7.331325054168701
2012-04-20,7.343304617881083,7.343304617881083,7.307366497960975,7.331325054168701
2012-04-23,7.36126806839511,7.391216384799719,7.313350990634384,7.3732476234436035
2012-04-24,7.385234486594657,7.439141399393005,7.379244702679899,7.421172618865967
2012-04-25,7.421168079200894,7.433147068485407,7.403198738448798,7.415178298950195
2012-04-26,7.439137917936066,7.451116908942275,7.409189583595094,7.427158355712891
2012-04-27,7.4331457722464735,7.457104317854341,7.343301369021168,7.439135551452637
2012-04-30,7.445127704485712,7.445127704485712,7.397210597991943,7.397210597991943
2012-05-01,7.409187067590768,7.427155833606749,7.373249535558805,7.403197288513184
2012-05-02,7.41517700584477,7.439135551452637,7.3672599146290345,7.439135551452637
2012-05-03,7.409193169036217,7.451120514672791,7.3972141722331575,7.445131301879883
2012-05-04,7.451114812141167,7.487052917480469,7.42116705744469,7.487052917480469
2012-05-07,7.475079079496155,7.4870586475164576,7.439141517869731,7.445131301879883
2012-05-08,7.457104818719209,7.487053145544753,7.4271564918936654,7.481063365936279
2012-05-09,7.487052102939332,7.517000425594438,7.487052102939332,7.511010646820068
2012-05-10,7.511012305884772,7.51700208598219,7.48106397661455,7.5050225257873535
2012-05-11,7.51700208598219,7.51700208598219,7.445126438463779,7.5050225257873535
2012-05-14,7.505021797511346,7.540959903391607,7.43314615696764,7.4690842628479
2012-05-15,7.475074196517132,7.511012305884772,7.445126438463779,7.5050225257873535
2012-05-16,7.5110114639677334,7.5110114639677334,7.43314604507992,7.487052917480469
2012-05-17,7.469084928636151,7.469084928636151,7.4031984905187445,7.409188270568848
2012-05-18,7.4271581263304824,7.43314790725708,7.373251811641949,7.43314790725708
2012-05-21,7.397208239443065,7.457104317854341,7.397208239443065,7.439135551452637
2012-05-22,7.454178333282471,7.454178333282471,7.406048092650532,7.454178333282471
2012-05-23,7.472227435397066,7.484259709328856,7.4060484943778295,7.4601945877075195
2012-05-24,7.436129504602226,7.436129504602226,7.4000321088621295,7.418080806732178
2012-05-25,7.412064279231011,7.448162248224196,7.40604842919694,7.442145824432373
2012-05-29,7.460196127105933,7.460196127105933,7.400033597517036,7.436131000518799
2012-05-30,7.442146544246262,7.442146544246262,7.400032721145704,7.430114269256592
2012-05-31,7.448162968620001,7.448162968620001,7.375967597408557,7.430114269256592
2012-06-01,7.394014498386935,7.448161157065327,7.375965803413361,7.406047344207764
2012-06-04,7.40003092129735,7.454177579975741,7.375965803413361,7.406047344207764
2012-06-05,7.4361272826766305,7.448160126833072,7.381981205245413,7.412062168121338
2012-06-06,7.424096547107107,7.43011297042914,7.37596630804626,7.387998580932617
2012-06-07,7.406046924461957,7.412062773273747,7.333851001144105,7.345883846282959
2012-06-08,7.363932106188831,7.406046487934878,7.363932106188831,7.381981372833252
2012-06-11,7.418079616270924,7.418079616270924,7.387998075476521,7.406047344207764
2012-06-12,7.4000321088621295,7.418080806732178,7.387999261110258,7.418080806732178
2012-06-13,7.424095012277778,7.424095012277778,7.394013475644265,7.412062168121338
2012-06-14,7.424096547107107,7.43011297042914,7.387998580932617,7.387998580932617
2012-06-15,7.3880006433493115,7.394017068350875,7.315805264604149,7.321821689605713
2012-06-18,7.351901870129046,7.369950568010776,7.321820324487653,7.339869022369385
2012-06-19,7.35791909209936,7.3880006433493115,7.321821689605713,7.321821689605713
2012-06-20,7.336932965275336,7.349019869451007,7.288584195847063,7.3308892250061035
2012-06-21,7.312755695569982,7.349016970154175,7.294624481915318,7.342973232269287
2012-06-22,7.361104315170113,7.379234952140159,7.330886202644998,7.355060577392578
2012-06-25,7.31879872708993,7.379234952140159,7.31879872708993,7.355060577392578
2012-06-26,7.3792379944343764,7.385281734703609,7.318801744467637,7.3308892250061035
2012-06-27,7.355059768009747,7.379234140097074,7.3127547609475485,7.373190402984619
2012-06-28,7.3731898156059446,7.4154953956604,7.3731898156059446,7.4154953956604
2012-06-29,7.451756662721421,7.451756662721421,7.4034079223984275,7.4154953956604
2012-07-02,7.433625375879928,7.439669111979755,7.385276639806107,7.409451007843018
2012-07-03,7.409451007843018,7.4215379036802736,7.397363535643364,7.409451007843018
2012-07-05,7.4215379036802736,7.433625375879928,7.385276639806107,7.409451007843018
2012-07-06,7.433627128601074,7.433627128601074,7.4094527548642635,7.433627128601074
2012-07-09,7.4517560207193885,7.481974124908446,7.4336253887509125,7.481974124908447
2012-07-10,7.488015304906617,7.518232822418213,7.475927836812218,7.518232822418213
2012-07-11,7.5363664627075195,7.554497094352497,7.4819739914102,7.5363664627075195
2012-07-12,7.560541594419391,7.560541594419391,7.49406164439873,7.500105381011963
2012-07-13,7.524283580409826,7.566589181870446,7.50010919801636,7.530327320098877
2012-07-16,7.542410419866737,7.566585366432768,7.494061679459575,7.56054162979126
2012-07-17,7.584718399812942,7.590762138366699,7.542412806299275,7.590762138366699
2012-07-18,7.608890028518441,7.62097692489624,7.5907593957705295,7.62097692489624
2012-07-19,7.645149708209174,7.645149708209174,7.602844715118408,7.602844715118408
2012-07-20,7.593743181781796,7.660514494939944,7.593743181781796,7.654444217681885
2012-07-23,7.6240940272351825,7.684795063438268,7.6240940272351825,7.648374557495117
2012-07-24,7.678723651311778,7.684793927703011,7.630162597968742,7.660513401031494
2012-07-25,7.684791427548988,7.690861701965332,7.666581183193188,7.690861701965332
2012-07-26,7.715146346034705,7.721216623696833,7.684795536617606,7.703005790710449
2012-07-27,7.727286181495004,7.733356459046391,7.684795396422358,7.709075927734375
2012-07-30,7.7272841303965265,7.733354406336645,7.648372858748503,7.715144157409668
2012-07-31,7.7333549810460465,7.73942525743728,7.642303150751211,7.660513401031494
2012-08-01,7.654441191267866,7.678721711806566,7.630160670729165,7.636230945587158
2012-08-02,7.636234002918398,7.678724786149908,7.636234002918398,7.648374557495117
2012-08-03,7.648374557495118,7.672655087755053,7.630163725630038,7.648374557495117
2012-08-06,7.67265506980568,7.70300529838947,7.618023732125255,7.624094009399414
2012-08-07,7.6544416167021705,7.6544416167021705,7.58767032623291,7.58767032623291
2012-08-08,7.587670664627892,7.611951187598969,7.587670664627892,7.593740940093994
2012-08-09,7.611953521440915,7.636234051856456,7.5573221832825705,7.57553243637085
2012-08-10,7.5633882540728905,7.581598497033161,7.490546703338623,7.490546703338623
2012-08-13,7.490548955289999,7.496619231066112,7.375216031117274,7.399496555328369
2012-08-14,7.399492714493281,7.484474794567372,7.399492714493281,7.478404521942139
2012-08-15,7.496619796488968,7.5026894938295206,7.435918191936209,7.441988468170166
2012-08-16,7.472340106964111,7.502690333744751,7.417708772529411,7.472340106964111
2012-08-17,7.502685033550014,7.508755306175248,7.466264555584732,7.478404521942139
2012-08-20,7.47841034918289,7.47841034918289,7.417709312310971,7.423779010772705
2012-08-21,7.411638858766441,7.4298491115057725,7.381288051605225,7.381288051605225
2012-08-22,7.378241646754195,7.378241646754195,7.286775495185163,7.305068492889404
2012-08-23,7.323357561962287,7.408725219690254,7.323357561962287,7.33555269241333
2012-08-24,7.335550171662686,7.390429693642751,7.335550171662686,7.359941005706787
2012-08-27,7.359944450026196,7.359944450026196,7.323358472600154,7.329456329345703
2012-08-28,7.335553435643972,7.372139993751123,7.329456160562458,7.366042137145996
2012-08-29,7.366040835309487,7.445311212595461,7.366040835309487,7.420920372009277
2012-08-30,7.402628583341549,7.4636054039001465,7.402628583341549,7.4636054039001465
2012-08-31,7.445311212595461,7.475799908709067,7.414822516481854,7.420920372009277
2012-09-04,7.445312290530577,7.4818988474686225,7.384334889475033,7.47580099105835
2012-09-05,7.457509735614398,7.4940963039038895,7.439216742231539,7.481901168823242
2012-09-06,7.506288604822674,7.512385878826588,7.408724660954431,7.420920372009277
2012-09-07,7.439216160738732,7.439216160738732,7.408727453134627,7.427021026611328
2012-09-10,7.40872626885539,7.475801531167236,7.40872626885539,7.469703674316406
2012-09-11,7.481899441164392,7.530681133270264,7.481899441164392,7.530681133270264
2012-09-12,7.536777847453055,7.55507141677335,7.4818988840629626,7.548973560333252
2012-09-13,7.555076160281159,7.579467019831927,7.518489580193024,7.561173439025879
2012-09-14,7.567269224202772,7.5733670827993045,7.500194524212331,7.512389659881592
2012-09-17,7.530681473718763,7.530681473718763,7.439215360742507,7.487997055053711
2012-09-18,7.494098720642255,7.561173439025879,7.488000860373573,7.561173439025879
2012-09-19,7.558106613674482,7.63160514831543,7.558106613674482,7.63160514831543
2012-09-20,7.63160380869909,7.6438532702651525,7.564230309799927,7.607104301452637
2012-09-21,7.607102795512056,7.65610180030487,7.594852752256746,7.6438517570495605
2012-09-24,7.6438546120317055,7.662229683777765,7.613230660683801,7.63160514831543
2012-09-25,7.656102657318115,7.67447714014368,7.649977635004833,7.656102657318115
2012-09-26,7.674476914632333,7.711226463317871,7.649977410213394,7.711226463317871
2012-09-27,7.711226472907379,7.735725977356784,7.6744769241761395,7.723475933074951
2012-09-28,7.69897728872778,7.747976303100586,7.69897728872778,7.747976303100586
2012-10-01,7.772479057312012,7.77860408269598,7.747979539890708,7.772479057312012
2012-10-02,7.784725238251052,7.790850260590239,7.747975688330211,7.778600215911865
2012-10-03,7.790853079548106,7.8092275690998125,7.784728054992707,7.796977519989014
2012-10-04,7.803101533263515,7.803101533263515,7.7602275351611665,7.790852069854736
2012-10-05,7.796977185566227,7.796977185566227,7.747978159453649,7.754103183746338
2012-10-08,7.735729642620561,7.796978140707078,7.729604617577548,7.741854667663574
2012-10-09,7.723475972422851,7.741851038939215,7.67447696327441,7.705101490020752
2012-10-10,7.698984873695916,7.747983936342143,7.668360897628201,7.735734462738037
2012-10-11,7.717351534364994,7.741851038939215,7.649977458700189,7.705101490020752
2012-10-12,7.698978895244431,7.705103919347699,7.607105870153204,7.686729431152344
2012-10-15,7.6928540221803905,7.705103485582885,7.649979439985621,7.668354511260986
2012-10-16,7.66222829723439,7.674477758734025,7.625478744506836,7.625478744506836
2012-10-17,7.637729976583127,7.680603974663481,7.607105441905268,7.668354511260986
2012-10-18,7.68672556872663,7.692850589752197,7.662226068738515,7.692850589752197
2012-10-19,7.668356119491031,7.741854667663574,7.662231094448018,7.741854667663574
2012-10-22,7.726471782919231,7.757229560101503,7.689561628966713,7.73877477645874
2012-10-23,7.726477964392181,7.775691151256609,7.708022579317423,7.7695393562316895
2012-10-24,7.757231841973801,7.775687217712402,7.714170471918065,7.775687217712402
2012-10-25,7.7572283744812,7.775683741970226,7.720318812836961,7.757228374481201
2012-10-26,7.781838422958102,7.787990214870969,7.726474055743799,7.775687217712402
2012-10-31,7.800296191876088,7.800296191876088,7.695718043940789,7.744931221008301
2012-11-01,7.757234221941505,7.757234221941505,7.701869837741064,7.744931221008301
2012-11-02,7.732623811032089,7.732623811032089,7.640349296310301,7.714169025421143
2012-11-05,7.677262788993198,7.701869964599609,7.609594816077638,7.701869964599609
2012-11-06,7.66495966594614,7.708021049237754,7.652656078338623,7.652656078338623
2012-11-07,7.628050646228513,7.794145584106445,7.628050646228513,7.794145584106445
2012-11-08,7.78183961067154,7.831052780151367,7.7756884044870045,7.831052780151367
2012-11-09,7.843359232522967,7.874117621356551,7.812600843689383,7.855662822723389
2012-11-12,7.8741082012186085,7.904866553254639,7.843349849182578,7.886411190032959
2012-11-13,7.861810439765724,7.867962232055706,7.787990692287548,7.812597274780273
2012-11-14,7.812596671145699,7.843355043551883,7.751080513000489,7.751080513000488
2012-11-15,7.751084557824395,7.787994154638985,7.683415985885209,7.7695393562316895
2012-11-16,7.787984932851077,7.997141022695962,7.787984932851077,7.886411190032959
2012-11-19,7.898717634974285,7.923324208208876,7.794139552060531,7.880262851715088
2012-11-20,7.913627015182017,7.956870688708142,7.845671997754259,7.901271343231201
2012-11-21,7.90127426821344,7.932162870374304,7.876563504314966,7.90745210647583
2012-11-23,7.8889191808397445,7.907452106475829,7.858030578678881,7.90745210647583
2012-11-26,7.88273632407049,7.932157820403476,7.827136993408203,7.827136993408203
2012-11-27,7.907451826674553,7.950695514678955,7.888918901694247,7.950695514678955
2012-11-28,7.925981867231817,7.987759046885639,7.925981867231817,7.981581211090088
2012-11-29,8.006285979498694,8.006285979498694,7.895087374915943,7.938331604003906
2012-11-30,8.037178270365935,8.037178270365935,7.91362453532951,7.9259796142578125
2012-12-03,7.950689246747709,7.9568670799212,7.858024105747742,7.944511413574219
2012-12-04,7.956864608652599,7.969219682011704,7.84566600266858,7.85184383392334
2012-12-05,7.876557192364845,7.956867257965461,7.870379359053118,7.895090103149414
2012-12-06,7.932156211502959,7.932156211502959,7.845668315887451,7.845668315887451
2012-12-07,7.845668170764606,7.851846003726568,7.771535942672804,7.777713775634766
2012-12-10,7.777713951723405,7.8271354382368505,7.728292465209961,7.728292465209961
2012-12-11,7.728292290240231,7.814779595105377,7.715936624316308,7.777713775634766
2012-12-12,7.790070240692519,7.796248074755445,7.715937999389459,7.7406487464904785
2012-12-13,7.728293852178226,7.728293852178226,7.678872356795289,7.691227436065674
2012-12-14,7.685048279788625,7.69740394608415,7.586205306026805,7.635626792907715
2012-12-17,7.6171018347385075,7.6171018347385075,7.524436597383534,7.561502456665039
2012-12-18,7.549136733651368,7.592380371621466,7.462648868560791,7.462648868560791
2012-12-19,7.4379413030178245,7.5367842828611495,7.4379413030178245,7.481184959411621
2012-12-20,7.527729001491783,7.571169951850598,7.484288051132968,7.515316963195801
2012-12-21,7.49670319037328,7.589791156092876,7.49049716816828,7.5773797035217285
2012-12-24,7.540140464455983,7.5649639492637295,7.5215229988098145,7.5215229988098145
2012-12-26,7.5153169796482375,7.54634648361756,7.496699514002068,7.5215229988098145
2012-12-27,7.509111371214709,7.527728836411847,7.453258383784744,7.496699333190918
2012-12-28,7.471875848981884,7.540140282597091,7.471875848981884,7.496699333190918
2012-12-31,7.533936500549316,7.558759990178858,7.471877480556124,7.533936500549316
2013-01-02,7.552551223433555,7.6828746445580505,7.552551223433555,7.670462608337402
2013-01-03,7.682879938001959,7.726320911027792,7.614615467270095,7.689085960388184
2013-01-04,7.7139094580942125,7.757350431120047,7.6766739156157335,7.689085960388184
2013-01-07,7.726315700418927,7.788374698750994,7.682874756689562,7.757345199584961
2013-01-08,7.782169540678341,7.81940506216075,7.751140038082755,7.813199043273926
2013-01-09,7.7883771771139925,7.8442301750183105,7.7883771771139925,7.8442301750183105
2013-01-10,7.85043560335539,7.85043560335539,7.7883771771139925,7.8442301750183105
2013-01-11,7.862846655255223,7.881464121603343,7.80078764497671,7.831817150115967
2013-01-14,7.856641251349846,7.869053291113342,7.788376808166504,7.788376808166504
2013-01-15,7.819405210498787,7.862846159853582,7.782169688310001,7.825610637664795
2013-01-16,7.813199043273926,7.9249050158826195,7.769758094743228,7.813199043273926
2013-01-17,7.850436255400766,7.869054317474365,7.825612764474673,7.869054317474365
2013-01-18,7.87526273727417,7.881468760322356,7.83182175961473,7.87526273727417
2013-01-22,7.902683343126436,7.908915291369651,7.865288681827262,7.890218257904053
2013-01-23,7.9213785656089275,7.952540677172639,7.902681536417838,7.946308135986328
2013-01-24,7.965007219709927,7.977472305297852,7.933845100108107,7.977472305297852
2013-01-25,8.002401632870846,8.002401632870846,7.946309938208148,7.996169090270996
2013-01-28,8.008635869816521,8.008635869816521,7.902685000675495,7.90891695022583
2013-01-29,7.896450239051445,7.952541929827914,7.883985154715369,7.902682781219482
2013-01-30,7.921379813355661,7.940076845491839,7.865288122579192,7.902682781219482
2013-01-31,7.921378227370964,7.9276107682911485,7.871519088745117,7.871519088745117
2013-02-01,7.902679878517117,7.965003494201845,7.877750313369682,7.927609443664551
2013-02-04,7.933844867446442,7.946309952668827,7.890218257904053,7.890218257904053
2013-02-05,7.9338447623114865,7.952542389897292,7.902683238404416,7.940077304840088
2013-02-06,7.940079124427544,7.952544212341309,7.890219961508698,7.952544212341309
2013-02-07,7.971240520477294,7.983705607250506,7.9276139055071555,7.971240520477295
2013-02-08,7.977473793800731,7.977473793800731,7.921382086925003,7.952544212341309
2013-02-11,7.9276145819811425,7.958776707205227,7.90891695022583,7.90891695022583
2013-02-12,7.921380271622252,7.971239423115128,7.9151477290936505,7.940077304840088
2013-02-13,7.971240520477294,7.971240520477294,7.940078397912316,7.971240520477295
2013-02-14,7.952541929827914,7.965006419796054,7.883985154715369,7.902682781219482
2013-02-15,7.921378227370964,7.9276107682911485,7.8278924910394565,7.871519088745117
2013-02-19,7.924097446363506,7.974170684814453,7.848987588687085,7.974170684814453
2013-02-20,7.94287266325436,7.949131965637207,7.8740221278028315,7.949131965637207
2013-02-21,7.949133928573293,7.992948459152726,7.8990606909854355,7.967911243438721
2013-02-22,8.005465789180294,8.005465789180294,7.9616518592475565,7.980429172515869
2013-02-25,7.992946143978827,7.992946143978827,7.89279910089084,7.917835712432861
2013-02-26,7.9303543166638235,7.936613618779305,7.861503784153243,7.917835712432861
2013-02-27,7.930359997810069,7.992951869964599,7.899064061732805,7.9929518699646
2013-02-28,7.936617954878362,7.9553952745637195,7.8802853989020605,7.886544704437256
2013-03-01,7.867764803303958,7.930356649027586,7.867764803303958,7.8990607261657715
2013-03-04,7.8865392478621645,7.8990572533513115,7.823947429656982,7.823947429656982
2013-03-05,7.8552469656319195,7.899060900453136,7.830210346174069,7.836469650268555
2013-03-06,7.8677640768840265,7.905319300234797,7.848986763668654,7.855246067047119
2013-03-07,7.874024772424056,7.874024772424056,7.786396300392517,7.798914909362793
2013-03-08,7.817689295046632,7.848985208819354,7.723802150648373,7.742579460144043
2013-03-11,7.798912769624501,7.805172072392313,7.642433781948985,7.648693084716797
2013-03-12,7.667468956959485,7.698764868004515,7.611136436462402,7.611136436462402
2013-03-13,7.629915039299506,7.629915039299506,7.573583106161409,7.6048784255981445
2013-03-14,7.617396365819802,7.617396365819802,7.467176696727589,7.473435401916504
2013-03-15,7.473435217386597,7.485953821295131,7.35451146485497,7.417103290557861
2013-03-18,7.398324966969115,7.554803925471304,7.398324966969115,7.542285919189453
2013-03-19,7.576238632202148,7.626537263153296,7.500790685775426,7.576238632202148
2013-03-20,7.582529322637728,7.657977301021283,7.569954359770186,7.639114856719971
2013-03-21,7.6516900809646105,7.6579775626131585,7.5636671367067025,7.632828235626221
2013-03-22,7.63283063033273,7.664266849223689,7.582531960578267,7.657979965209961
2013-03-25,7.670551926303001,7.670551926303001,7.601391426990736,7.632828235626221
2013-03-26,7.632827519203156,7.670551206339161,7.595103232459954,7.664263725280762
2013-03-27,7.645400549293903,7.6705498695373535,7.6139637490878185,7.6705498695373535
2013-03-28,7.695703892343504,7.695703892343504,7.651692704925615,7.689416408538818
2013-04-01,7.6894117098181685,7.7082741497060745,7.6328261889757245,7.6705498695373535
2013-04-02,7.6894117098181685,7.6894117098181685,7.601389388769639,7.6705498695373535
2013-04-03,7.645398585175362,7.645398585175362,7.569950643827742,7.620249271392822
2013-04-04,7.60767405293084,7.613960930959444,7.551087953425317,7.557375431060791
2013-04-05,7.5699507678178195,7.720846652984619,7.5699507678178195,7.720846652984619
2013-04-08,7.70198860382545,7.739712893467291,7.670551795725122,7.6957011222839355
2013-04-09,7.73342402135361,7.752285862979301,7.727136540942668,7.745998382568359
2013-04-10,7.758578681223044,7.758578681223044,7.6957050330713885,7.727141857147217
2013-04-11,7.73971346632317,7.73971346632317,7.695701691882277,7.70198917388916
2013-04-12,7.727134800363258,7.73342227935791,7.683123646614688,7.73342227935791
2013-04-15,7.733425984316288,7.73971346632317,7.689414209875395,7.70198917388916
2013-04-16,7.720853227954792,7.727140711759478,7.68312952434159,7.689416408538818
2013-04-17,7.708276655896043,7.746000348722767,7.6768398454689155,7.70198917388916
2013-04-18,7.708273887634277,7.758572526411086,7.701986407885409,7.708273887634277
2013-04-19,7.698167611181688,7.736058776304769,7.691852918877539,7.717113494873047
2013-04-22,7.729742714654764,7.729742714654764,7.685536861614447,7.698166847229004
2013-04-23,7.717117928459713,7.7550085130917985,7.6855420397596514,7.69185733795166
2013-04-24,7.710802630267703,7.710802630267703,7.672911443375633,7.69185733795166
2013-04-25,7.679225033420551,7.717116211884205,7.653964448531399,7.672909736633301
2013-04-26,7.691852632585566,7.710797913312141,7.666592057530261,7.685537338256836
2013-04-29,7.7044848747207,7.723430160994121,7.666594302173859,7.7108001708984375
2013-04-30,7.736058488367446,7.736058488367446,7.679222043928106,7.685537338256836
2013-05-01,7.704488251450346,7.786585330963135,7.679227657927954,7.786585330963135
2013-05-02,7.7360581097756045,7.748688697814941,7.691852256157097,7.748688697814941
2013-05-03,7.723432624391737,7.723432624391737,7.65396615105959,7.69185733795166
2013-05-06,7.672906749599376,7.691852632585566,7.647646174544071,7.685537338256836
2013-05-07,7.672910153855143,7.679225450985793,7.622388981329701,7.666595458984375
2013-05-08,7.666595928855371,7.698171211924049,7.635020043526774,7.679225921630859
2013-05-09,7.672910358479947,7.679225655779017,7.635019779205322,7.635019779205322
2013-05-10,7.616074286458932,7.666595458984374,7.60344369219763,7.666595458984375
2013-05-13,7.641333148082248,7.641333148082248,7.565550804138184,7.565550804138184
2013-05-14,7.58449738233241,7.616073261476252,7.565551493490223,7.603442668914795
2013-05-15,7.622388226784153,7.622388226784153,7.546606475497678,7.552921772003174
2013-05-16,7.578182355765332,7.622388226784153,7.546606475497678,7.552921772003174
2013-05-17,7.571866789770952,7.603442668914794,7.565551493490223,7.603442668914795
2013-05-20,7.59712710984094,7.641333580017089,7.58449711997617,7.64133358001709
2013-05-21,7.622387691830262,7.647648273819584,7.59712710984094,7.64133358001709
2013-05-22,7.624839669980139,7.65655648792433,7.599465247689546,7.631182670593262
2013-05-23,7.5994678785638134,7.637528920216603,7.574094052448531,7.580437660217285
2013-05-24,7.599468221359681,7.618499045524382,7.5740943940998395,7.612155437469482
2013-05-28,7.637523974725521,7.637523974725521,7.504311322638939,7.510654926300049
2013-05-29,7.529688136216165,7.529688136216165,7.345727791370295,7.421849250793457
2013-05-30,7.377445217369842,7.421849250793456,7.345727791370295,7.421849250793457
2013-05-31,7.371097986640032,7.396471793970869,7.206167936509946,7.225198745727539
2013-06-03,7.244232786617646,7.244232786617646,7.136393897109008,7.168111324310303
2013-06-04,7.130049581035493,7.294979702099334,7.130049581035493,7.206171035766602
2013-06-05,7.180798028498627,7.294980525970459,7.180798028498627,7.294980525970459
2013-06-06,7.320351963235872,7.345725776082328,7.237886920245035,7.339382171630859
2013-06-07,7.307669186681651,7.3393860156318365,7.23789071108788,7.250577926635742
2013-06-10,7.237887618534446,7.275948643955851,7.187139987945557,7.187139987945557
2013-06-11,7.174454930742483,7.193485145079418,7.111020076339893,7.168111324310303
2013-06-12,7.130047911998214,7.130047911998214,7.072956683074197,7.11101770401001
2013-06-13,7.104674219974342,7.149078845977783,7.028552781773405,7.149078845977783
2013-06-14,7.111022228744869,7.155426277291389,7.053930963493748,7.117365837097168
2013-06-17,7.10467409969414,7.130047911998214,7.047582870770123,7.11101770401001
2013-06-18,7.066616058349609,7.079302666285091,6.984150989410351,7.066616058349609
2013-06-19,7.062790891289868,7.094662813141546,7.024545071392933,7.088288307189941
2013-06-20,7.043666986083045,7.0500414911339435,6.8460615848490365,6.877933502197266
2013-06-21,6.91618404342024,6.948055371842672,6.788696298104018,6.8141937255859375
2013-06-24,6.71220070168024,6.71220070168024,6.533718797427693,6.603836536407471
2013-06-25,6.629334851836756,6.750448044961446,6.4954732534868596,6.737699031829834
2013-06-26,6.705826685810661,6.8651856780638845,6.705826685810661,6.8205647468566895
2013-06-27,6.884309148951989,6.9544268924215125,6.877934642843934,6.922554969787598
2013-06-28,6.9353040376511235,7.005421781683256,6.865186293618991,6.9671759605407715
2013-07-01,7.005420318061103,7.030917729464448,6.928928083851067,6.941677093505859
2013-07-02,6.916181292226921,7.030919366300497,6.916181292226921,6.98629903793335
2013-07-03,6.9608042845343165,6.9608042845343165,6.846065558643182,6.890686511993408
2013-07-05,6.846063847916179,6.846063847916179,6.69307932356091,6.699453830718994
2013-07-08,6.712202683329098,6.763197528170788,6.667582346069245,6.680330753326416
2013-07-09,6.661209733546944,6.680332653826266,6.648461322662954,6.654835224151611
2013-07-10,6.661202998877894,6.661202998877894,6.59745979309082,6.59745979309082
2013-07-11,6.648459770466523,6.7249520416320605,6.629336246745239,6.712203025817871
2013-07-12,6.724951698492771,6.731326206074608,6.680330753326416,6.680330753326416
2013-07-15,6.69308074232841,6.7185781684591115,6.673957824707031,6.673957824707031
2013-07-16,6.7440738508123905,6.7440738508123905,6.6803299980142326,6.718576431274414
2013-07-17,6.705823995243799,6.782316207885742,6.699449492213787,6.782316207885742
2013-07-18,6.750448672170751,6.750448672170751,6.69307932356091,6.699453830718994
2013-07-19,6.712200240783207,6.724949251307561,6.62933349609375,6.62933349609375
2013-07-22,6.657526657908659,6.657526657908659,6.55500408203558,6.5614118576049805
2013-07-23,6.548600108052742,6.625491619110107,6.535784550670143,6.625491619110107
2013-07-24,6.599857879029994,6.599857879029994,6.535781345697241,6.542189121246338
2013-07-25,6.490929609977478,6.497337386978697,6.414038119200595,6.446076393127441
2013-07-26,6.414036280414072,6.490927749147581,6.414036280414072,6.458889484405518
2013-07-29,6.42044636152978,6.5037450242657835,6.414038584064151,6.490930080413818
2013-07-30,6.458889872345404,6.542189121246338,6.458889872345404,6.542189121246338
2013-07-31,6.497338865335034,6.5165615896332385,6.4204473570628275,6.503746032714844
2013-08-01,6.490928245885274,6.529373677654644,6.426851711497498,6.4332594871521
2013-08-02,6.47811505484661,6.4909306108251,6.439669609069824,6.439669609069824
2013-08-05,6.45248463546314,6.4781151366644885,6.362778186798096,6.362778186798096
2013-08-06,6.36277677378298,6.38840726929243,6.36277677378298,6.381999492645264
2013-08-07,6.375595057919715,6.4076333468699715,6.31792626002516,6.401225566864014
2013-08-08,6.3819999301279395,6.401222650307931,6.337146712681541,6.3884077072143555
2013-08-09,6.401222190110093,6.439668238785361,6.362776752514037,6.40762996673584
2013-08-12,6.388410617931632,6.439671635820229,6.388410617931632,6.401225566864014
2013-08-13,6.388406350158753,6.388406350158753,6.324329815064549,6.330737590789795
2013-08-14,6.337147250417876,6.382000471670278,6.317923917527438,6.356369972229004
2013-08-15,6.337144942832086,6.337144942832086,6.273068412021851,6.298698902130127
2013-08-16,6.266663620165999,6.28588695520839,6.234625339508057,6.234625339508057
2013-08-19,6.253846704096078,6.266661645673913,6.2025857156263715,6.221808433532715
2013-08-20,6.241030526456663,6.3371453285217285,6.228215586162128,6.3371453285217285
2013-08-21,6.313953729334609,6.3654961585998535,6.275296600168565,6.3654961585998535
2013-08-22,6.365494529296437,6.507236480712891,6.339723321260179,6.507236480712891
2013-08-23,6.462136539925604,6.513678957067724,6.404151167032199,6.455694198608398
2013-08-26,6.475022314888156,6.500793522915774,6.436365195629696,6.442808151245117
2013-08-27,6.442809101260188,6.558779861701801,6.410594932867055,6.47502326965332
2013-08-28,6.533008996236321,6.5716655088102165,6.442809442840249,6.462137699127197
2013-08-29,6.481467735004645,6.4879100786356245,6.3848252073283565,6.449253559112549
2013-08-30,6.494348209230024,6.494348209230024,6.378377507997181,6.384820461273193
2013-09-03,6.34616551937723,6.36549376948882,6.236637744688235,6.333279609680176
2013-09-04,6.34616551937723,6.404150269711999,6.288180154608469,6.333279609680176
2013-09-05,6.359051908815668,6.365494864772808,6.301066534069607,6.313952445983887
2013-09-06,6.326837332457908,6.352608540178211,6.288180828094483,6.288180828094482
2013-09-09,6.3332781088087255,6.359049307661538,6.294621617746429,6.3268351554870605
2013-09-10,6.339722624116906,6.339722624116906,6.268851348984957,6.275294303894043
2013-09-11,6.27529259473113,6.307506746068591,6.249521396547928,6.262407302856445
2013-09-12,6.249521396547928,6.294621454193906,6.249521396547928,6.262407302856445
2013-09-13,6.288180355155172,6.320394515991211,6.255966194319132,6.320394515991211
2013-09-16,6.346168244892376,6.4299242361582944,6.3397252872767655,6.3526105880737305
2013-09-17,6.333281029238717,6.533008373272538,6.326838072946048,6.513679504394531
2013-09-18,6.4814648845833,6.694077491760254,6.4814648845833,6.694077491760254
2013-09-19,6.67140854059948,6.755610856881008,6.619591825611458,6.645500183105469
2013-09-20,6.619593829930518,6.710272799763878,6.619593829930518,6.67141056060791
2013-09-23,6.690839517001741,6.775041831555485,6.690839517001741,6.742656230926514
2013-09-24,6.736180162126023,6.755611896514893,6.7232262902375055,6.755611896514893
2013-09-25,6.749133337481908,6.807427293889001,6.74265609394691,6.800950050354004
2013-09-26,6.8009483857761435,6.8203794939213,6.755608927536183,6.7685627937316895
2013-09-27,6.8074281709202715,6.8074281709202715,6.677886372050585,6.71027135848999
2013-09-30,6.755611452591758,6.755611452591758,6.65845464014394,6.690840244293213
2013-10-01,6.736178506308587,6.736178506308587,6.684361796083437,6.703793525695801
2013-10-02,6.639022466700871,6.800949843937477,6.639022466700871,6.684361934661865
2013-10-03,6.651977903316633,6.684362889225569,6.613115055440293,6.664931774139404
2013-10-04,6.671410349336746,6.677887594892336,6.587208010226476,6.619593620300293
2013-10-07,6.639023448808261,6.639023448808261,6.561298370361328,6.561298370361328
2013-10-08,6.522437302839687,6.580731282014506,6.509483428414272,6.574254035949707
2013-10-09,6.600157482144409,6.613111964616551,6.580726376139919,6.5936808586120605
2013-10-10,6.593683154453489,6.6131142672236605,6.522434711456299,6.522434711456299
2013-10-11,6.483572847452335,6.522435075159708,6.451187245893541,6.457664489746094
2013-10-14,6.496529219074982,6.51596095811523,6.457666976402906,6.483575344085693
2013-10-15,6.509483711768481,6.5224375867577695,6.464143605045445,6.483575344085693
2013-10-16,6.477095128872971,6.503003484680306,6.451186773065636,6.49652624130249
2013-10-17,6.457662361390066,6.651975288996005,6.457662361390066,6.632543563842773
2013-10-18,6.6649318845145995,6.690840244293213,6.626069035994668,6.690840244293213
2013-10-21,6.684362999922554,6.690840244293213,6.65845464014394,6.690840244293213
2013-10-22,6.752042354123701,6.752042354123701,6.69344207940265,6.732509136199951
2013-10-23,6.739020415824469,6.745531074499184,6.699953359027167,6.732509136199951
2013-10-24,6.745533466339111,6.771577973122273,6.70646701663938,6.745533466339111
2013-10-25,6.765066221475066,6.823665886577225,6.745532378824424,6.771576881408691
2013-10-28,6.771575534032655,6.836687088012695,6.76506487539449,6.836687088012695
2013-10-29,6.817156791687012,6.836690017872057,6.804134226930272,6.817156791687012
2013-10-30,6.830178876117529,6.830178876117529,6.77808985791826,6.791112422943115
2013-10-31,6.817156325705323,6.817156325705323,6.745533466339111,6.745533466339111
2013-11-01,6.739018161562944,6.7585513729526605,6.693439840387478,6.719484329223633
2013-11-04,6.7260002414892455,6.771577973122273,6.70646701663938,6.745533466339111
2013-11-05,6.7260002414892455,6.745533466339111,6.712978298572676,6.745533466339111
2013-11-06,6.732509265504532,6.745531204053864,6.693442207956909,6.706464767456055
2013-11-07,6.725999764225683,6.888778075307523,6.7194884827544135,6.8301777839660645
2013-11-08,6.797621180858882,6.804132461547852,6.745532177246929,6.804132461547852
2013-11-11,6.76506608289862,6.817155087000157,6.712977078797083,6.784599304199219
2013-11-12,6.7585554791177795,6.771577420972549,6.654377460479735,6.654377460479736
2013-11-13,6.628335143396577,6.654379656651665,6.595779346590175,6.615312576293945
2013-11-14,6.621821814020266,6.654377600768495,6.59577730881168,6.641355037689209
2013-11-15,6.647864756843398,6.72599825410617,6.6218202577558065,6.667397975921631
2013-11-18,6.6413519850213065,6.706463528589532,6.628330048877482,6.67390775680542
2013-11-19,6.667398521906082,6.680421082991198,6.641354020685742,6.660887241363525
2013-11-20,6.670052612195925,6.702781161416221,6.604596138000488,6.604596138000488
2013-11-21,6.591505780225939,6.598051616221553,6.5260492930056335,6.571868896484375
2013-11-22,6.584958005470147,6.584958005470147,6.512955086034014,6.5260467529296875
2013-11-25,6.539137795580325,6.5587752959238355,6.473681333837066,6.5260467529296875
2013-11-26,6.5064135671083605,6.53914213180542,6.5064135671083605,6.53914213180542
2013-11-27,6.519499349753059,6.545682052995244,6.499862478382641,6.532590389251709
2013-11-29,6.539137853957471,6.539137853957471,6.493318267903638,6.499864101409912
2013-12-02,6.499864868855563,6.512955913168742,6.447499443112617,6.493319034576416
2013-12-03,6.480227594122868,6.532593021709083,6.460590714839322,6.512956142425537
2013-12-04,6.506410078889595,6.5260475817270365,6.4605904874257964,6.493319034576416
2013-12-05,6.493318370841489,6.499864204451534,6.467135660646365,6.486772537231445
2013-12-06,6.486772537231445,6.499864204451534,6.454043993426277,6.486772537231445
2013-12-09,6.486774259420178,6.486774259420178,6.447500495823134,6.480228424072266
2013-12-10,6.473682383858445,6.512956142425537,6.473682383858445,6.512956142425537
2013-12-11,6.506406014491185,6.506406014491185,6.473678112030029,6.473678112030029
2013-12-12,6.473681148091762,6.526046565681896,6.460589481571719,6.519500732421875
2013-12-13,6.532591962132488,6.545683629028162,6.519500919481851,6.5260467529296875
2013-12-16,6.539136221123477,6.539136221123477,6.454042279525152,6.532590389251709
2013-12-17,6.512955326416395,6.643868878979753,6.512955326416395,6.630777835845947
2013-12-18,6.611141373990965,6.65696096420288,6.598049705790362,6.656960964202881
2013-12-19,6.6438680001986405,6.689688205718995,6.6438680001986405,6.689688205718994
2013-12-20,6.692977388221174,6.7258830070495605,6.673234267973133,6.7258830070495605
2013-12-23,6.699559070307106,6.81143780497757,6.699559070307106,6.7587890625
2013-12-24,6.732463474469025,6.7785315908222845,6.71930160381271,6.745625972747803
2013-12-26,6.71930160381271,6.7785315908222845,6.71930160381271,6.745625972747803
2013-12-27,6.7258830070495605,6.732463628717256,6.679814889640829,6.7258830070495605
2013-12-30,6.7061423161547635,6.758791706853741,6.686399186906874,6.732466697692871
2013-12-31,6.778531746125988,6.778531746125988,6.686396138931002,6.7258830070495605
2014-01-02,6.719301108147659,6.725882356801566,6.653489876853415,6.706138610839844
2014-01-03,6.725886709871934,6.752211093902588,6.6798185671011705,6.752211093902588
2014-01-06,6.758791852510545,6.850926876068115,6.758791852510545,6.850926876068115
2014-01-07,6.877248764038086,6.8838300140833475,6.804856896407861,6.877248764038086
2014-01-08,6.890412752473908,6.890412752473908,6.804858366273212,6.88383150100708
2014-01-09,6.903577275261447,6.916739783242836,6.877252886921593,6.896996021270752
2014-01-10,6.8904143833084515,6.943063152258694,6.8904143833084515,6.929900646209717
2014-01-13,6.943062360584744,6.97596799433233,6.903575474563088,6.910156726837158
2014-01-14,6.929899540905047,6.929899540905047,6.877250780352173,6.890413284301758
2014-01-15,6.8838335753846716,6.903576708111872,6.850927935757421,6.864090442657471
2014-01-16,6.864088374229285,6.89699337631805,6.857507122762457,6.88383150100708
2014-01-17,6.910157514759084,7.022036305684058,6.910157514759084,6.929900646209717
2014-01-21,6.9562194048603745,6.982543768045735,6.936476289376936,6.943057537078857
2014-01-22,6.933136486723655,6.972830295562744,6.933136486723655,6.972830295562744
2014-01-23,6.97283174140195,7.045603003299333,6.97283174140195,7.01252555847168
2014-01-24,7.012524858470584,7.038987190238287,6.979446786033017,6.986062526702881
2014-01-27,7.019139213448608,7.058833022287697,6.972830295562744,6.972830295562744
2014-01-28,7.012527039063784,7.045604490875255,6.972833213613285,7.019142150878906
2014-01-29,7.032372151550636,7.032372151550636,6.986063224062466,7.01252555847168
2014-01-30,6.999294654698504,7.038988475051172,6.992678912821081,7.005910396575928
2014-01-31,7.032372151550636,7.038987892880894,6.9992940758111635,7.01252555847168
2014-02-03,7.012522452853302,7.065447098233124,7.012522452853302,7.038984775543213
2014-02-04,7.052215476640253,7.078677798786854,7.038984631022716,7.058831214904785
2014-02-05,7.058831359832761,7.072062205721947,7.012522452853302,7.038984775543213
2014-02-06,7.052215621432398,7.072062205721947,7.019137560342125,7.038984775543213
2014-02-07,7.058834025670451,7.0919120992529825,7.058834025670451,7.0720648765563965
2014-02-10,7.065448636006392,7.124989032745361,7.065448636006392,7.124989032745361
2014-02-11,7.124991840414393,7.144838436844226,7.105144613072635,7.138222694396973
2014-02-12,7.1382198815142015,7.144835621354459,7.118373292905104,7.124989032745361
2014-02-13,7.118373943849618,7.164682865142822,7.118373943849618,7.164682865142822
2014-02-14,7.151453237727078,7.184530683784495,7.131606012998417,7.177915573120117
2014-02-18,7.184532378822716,7.217610463596049,7.158070037186448,7.210994720458984
2014-02-19,7.207670766858137,7.234267312214705,7.187723516368626,7.194372177124023
2014-02-20,7.214315006501943,7.214315006501943,7.14117408243903,7.201016426086426
2014-02-21,7.227615833282471,7.247563077744256,7.181072051501148,7.227615833282471
2014-02-24,7.247563757141376,7.247563757141376,7.201019970996971,7.2342658042907715
2014-02-25,7.234266004796555,7.240915298461913,7.220967417465839,7.240915298461914
2014-02-26,7.220965527919921,7.267509937286377,7.220965527919921,7.267509937286377
2014-02-27,7.274155345139615,7.280804634094238,7.260857401341465,7.280804634094238
2014-02-28,7.267513076866351,7.2874603271484375,7.207670691908435,7.2874603271484375
2014-03-03,7.287461002742393,7.314057550288063,7.254215159782378,7.294110298156738
2014-03-04,7.300757879858459,7.307407174289539,7.247564792633057,7.247564792633057
2014-03-05,7.267512675926296,7.274161336245758,7.247564792633057,7.247564792633057
2014-03-06,7.254214562704216,7.254214562704216,7.1943721771240225,7.194372177124023
2014-03-07,7.174421281767739,7.174421281767739,7.114578926589638,7.121228218078613
2014-03-10,7.101281179648916,7.141175661494497,7.101281179648916,7.127877712249756
2014-03-11,7.12122849248983,7.1411757336140695,7.107929908999428,7.114579200744629
2014-03-12,7.114577940239666,7.194367524711497,7.114577940239666,7.187718868255615
2014-03-13,7.194371346826976,7.2143192291259775,7.187722686838897,7.214319229125977
2014-03-14,7.214322632631261,7.254217147827148,7.214322632631261,7.254217147827148
2014-03-17,7.240916134862288,7.280810633239573,7.240916134862288,7.274161338806152
2014-03-18,7.280804634094238,7.294103212003485,7.2276115906794445,7.280804634094238
2014-03-19,7.280811108060783,7.287460402927841,7.1943721771240225,7.194372177124023
2014-03-20,7.204396627399103,7.204396627399103,7.157615033910922,7.170980930328369
2014-03-21,7.150930999831996,7.224445652970803,7.150930999831996,7.211079120635986
2014-03-24,7.197712210693024,7.2311272621154785,7.184345680243041,7.2311272621154785
2014-03-25,7.231126870025087,7.2444933997503025,7.191028555551875,7.237810134887695
2014-03-26,7.251176749437859,7.251176749437859,7.217761062085138,7.24449348449707
2014-03-27,7.251176856064603,7.277909278869629,7.224444433259578,7.277909278869629
2014-03-28,7.29127836227417,7.29127836227417,7.271229195734654,7.29127836227417
2014-03-31,7.29795961993784,7.29795961993784,7.244494765658916,7.2578606605529785
2014-04-01,7.284592109212908,7.284592109212908,7.224444634241739,7.2311272621154785
2014-04-02,7.25786135580364,7.25786135580364,7.204396496403168,7.2244462966918945
2014-04-03,7.211079763166078,7.2444954596292215,7.204396496403168,7.2244462966918945
2014-04-04,7.251175880432129,7.271225035500512,7.224443461223901,7.251175880432129
2014-04-07,7.284593087692441,7.284593087692441,7.251178031781616,7.2578606605529785
2014-04-08,7.257857827588234,7.284590244293213,7.251175201425306,7.284590244293213
2014-04-09,7.26454266429892,7.311324244325799,7.26454266429892,7.271225929260254
2014-04-10,7.304640539269147,7.318006429869095,7.277908120718117,7.311323165893555
2014-04-11,7.2912707709720594,7.318003177642822,7.2912707709720594,7.318003177642822
2014-04-14,7.297961630237846,7.324694064741037,7.29127836227417,7.29127836227417
2014-04-15,7.318009309215647,7.344741738284828,7.297960146751607,7.3380584716796875
2014-04-16,7.351422725618555,7.371471881866455,7.331373569370655,7.371471881866455
2014-04-17,7.384838410932512,7.384838410932512,7.358105990151584,7.371471881866455
2014-04-21,7.3748296555302195,7.415129554654201,7.3748296555302195,7.401696681976318
2014-04-22,7.394981873967858,7.448714659928496,7.394981873967858,7.42856502532959
2014-04-23,7.45543068751327,7.489013195037842,7.441997172067224,7.489013195037842
2014-04-24,7.48901500094272,7.5158813977681165,7.475582122802734,7.475582122802734
2014-04-25,7.495733162176931,7.522599564027024,7.475583520925748,7.482300281524658
2014-04-28,7.4890126891418385,7.5091629609497215,7.4890126891418385,7.495729446411133
2014-04-29,7.489012184151668,7.52931208450475,7.475579311064098,7.502445697784424
2014-04-30,7.482297598020451,7.529313624259567,7.482297598020451,7.515880107879639
2014-05-01,7.542744104006851,7.59647751191187,7.529311232439431,7.556177616119385
2014-05-02,7.569614024811365,7.569614024811365,7.529314113597763,7.549463748931885
2014-05-05,7.542746990305392,7.556180507558378,7.5225973549712695,7.549463748931885
2014-05-06,7.529312125641338,7.5696120262146,7.529312125641338,7.5696120262146
2014-05-07,7.5830493298997705,7.60991573246403,7.5696164488904225,7.5763325691223145
2014-05-08,7.596478539663633,7.616628170013427,7.583045025733637,7.616628170013428
2014-05-09,7.596478568367425,7.650211343200042,7.58304505438667,7.6099114418029785
2014-05-12,7.630063441186979,7.670363355096234,7.6099138045050525,7.650213718414307
2014-05-13,7.643496999409408,7.717379427994067,7.643496999409408,7.677080154418945
2014-05-14,7.7106589993955605,7.724092511224556,7.703942884026163,7.717375755310059
2014-05-15,7.744242611922406,7.771108996677964,7.730809739817196,7.757676124572754
2014-05-16,7.7576762318655,7.771109104156493,7.75095947544743,7.771109104156494
2014-05-19,7.797976789895908,7.797976789895908,7.744244010679633,7.764394283294678
2014-05-20,7.784543915364466,7.791260672902815,7.757677525756329,7.764394283294678
2014-05-21,7.794762134552001,7.794762134552001,7.7610184473637425,7.794762134552002
2014-05-22,7.815010355821665,7.828508092054312,7.801513263196504,7.821759223937988
2014-05-23,7.821759032287076,7.835256124581527,7.8150101643361145,7.828507900238037
2014-05-27,7.842002965676321,7.8555006980896,7.828505876870349,7.8555006980896
2014-05-28,7.869000501777967,7.889246463775635,7.855503408315365,7.889246463775635
2014-05-29,7.9027431482025055,7.916240239867299,7.88924541293027,7.909492015838623
2014-05-30,7.875748881653605,7.89599484239509,7.788015526963855,7.821759223937988
2014-06-02,7.835256316563148,7.842005184679473,7.79476439508018,7.821759223937988
2014-06-03,7.8285058217402606,7.8285058217402606,7.781264402233777,7.794762134552002
2014-06-04,7.794763783626946,7.794763783626946,7.727276394972669,7.747522354125977
2014-06-05,7.747521040577712,7.747521040577712,7.700280262693585,7.720526218414307
2014-06-06,7.7407686010336025,7.808255297875725,7.7407686010336025,7.7812604904174805
2014-06-09,7.801512623889983,7.808260847845826,7.774517797244306,7.788014888763428
2014-06-10,7.8015110007111135,7.821756955581148,7.7475207150455185,7.794762134552002
2014-06-11,7.808261419487722,7.821759155602446,7.767769498358515,7.801513195037842
2014-06-12,7.815010070800781,7.821758938670968,7.7880152429275,7.815010070800781
2014-06-13,7.821759223937988,7.835256316563148,7.774518434338695,7.821759223937988
2014-06-16,7.794764110797686,7.821758938670968,7.7880152429275,7.815010070800781
2014-06-17,7.815006476619443,7.821755341385774,7.727273165478634,7.761016845703125
2014-06-18,7.7610182357041175,7.8150078762899975,7.7610182357041175,7.808259010314941
2014-06-19,7.804865542218124,7.831989288330078,7.777741796106169,7.831989288330078
2014-06-20,7.8387703865283465,7.852331936243766,7.811646640416392,7.831989288330078
2014-06-23,7.852337358727883,7.879461123570335,7.825213593885431,7.859118461608887
2014-06-24,7.872680337865407,7.872680337865407,7.82521390914917,7.82521390914917
2014-06-25,7.852334196672051,7.879457950592041,7.852334196672051,7.879457950592041
2014-06-26,7.886243504937215,7.906586170196534,7.872681296976556,7.906586170196533
2014-06-27,7.906585691016822,7.913366794586182,7.872680819851655,7.913366794586182
2014-06-30,7.920147095843278,7.920147095843278,7.85233736038208,7.85233736038208
2014-07-01,7.87945568235572,7.9065794284676745,7.831989288330078,7.831989288330078
2014-07-02,7.845554318871335,7.845554318871335,7.743840387494509,7.764183044433594
2014-07-03,7.7302797553559515,7.764184621595892,7.696375535797546,7.7167181968688965
2014-07-07,7.7302788005264365,7.757402560831807,7.696374585155817,7.709936141967773
2014-07-08,7.743840217590332,7.757401773025038,7.70993535898148,7.743840217590332
2014-07-09,7.737058164695189,7.750620365142821,7.709934410481235,7.750620365142822
2014-07-10,7.757401773025038,7.764182874083087,7.716716460039528,7.743840217590332
2014-07-11,7.757404796806333,7.777748107910157,7.730281028682878,7.777748107910156
2014-07-14,7.811650276696188,7.818430731369602,7.723497899127613,7.7845258712768555
2014-07-15,7.791303267082029,7.791303267082029,7.716713127698246,7.730274677276611
2014-07-16,7.743836873536086,7.743836873536086,7.709932029568509,7.730274677276611
2014-07-17,7.7302780154742345,7.777745076199183,7.70993535898148,7.743840217590332
2014-07-18,7.757404796806333,7.798090772332338,7.743843236085427,7.777748107910156
2014-07-21,7.784527296310835,7.845555926313384,7.784527296310835,7.811651706695557
2014-07-22,7.842310745255699,7.842310745255699,7.760549114218715,7.821869850158691
2014-07-23,7.842308044433594,7.849121673786042,7.80824054745481,7.842308044433594
2014-07-24,7.842310144372097,7.883190631866455,7.808242638271044,7.883190631866455
2014-07-25,7.890007019042969,7.896820652599925,7.890007019042969,7.890007019042969
2014-07-28,7.917261161933122,7.917261161933122,7.862753391265869,7.862753391265869
2014-07-29,7.90363432816181,7.9172609455642835,7.876380443572998,7.876380443572998
2014-07-30,7.8763806588246235,7.903634544158249,7.84231313971162,7.862753391265869
2014-07-31,7.828683747372886,7.876378521099824,7.815057133296407,7.8354973793029785
2014-08-01,7.8900051351763025,7.8900051351763025,7.8218701154427945,7.8354973793029785
2014-08-04,7.828683291238823,7.862750799120652,7.780989170074463,7.780989170074463
2014-08-05,7.808239902863612,7.808239902863612,7.740104914530771,7.767358779907227
2014-08-06,7.794616817584502,7.828684329986573,7.780990202493925,7.828684329986572
2014-08-07,7.787800309180923,7.842308044433594,7.787800309180923,7.842308044433594
2014-08-08,7.876376929606861,7.910443782806396,7.876376929606861,7.9104437828063965
2014-08-11,7.862753027658956,7.9922088145611285,7.862753027658956,7.896820545196533
2014-08-12,7.896817894220329,7.896817894220329,7.855936756942339,7.883190631866455
2014-08-13,7.924068925662149,7.924068925662149,7.849120958961155,7.869561195373535
2014-08-14,7.944512012891624,7.944512012891624,7.869564019296213,7.883190631866455
2014-08-15,7.924074537043893,7.924074537043893,7.862753134599001,7.890007019042969
2014-08-18,7.903634544158249,7.903634544158249,7.855939757486492,7.862753391265869
2014-08-19,7.890007566010052,7.985396493068612,7.869567313706041,7.978582859039307
2014-08-20,7.995691882081862,8.023074361697903,7.961463619349357,7.96830940246582
2014-08-21,7.982000315848936,8.002537012348514,7.961463619349357,7.96830940246582
2014-08-22,8.009383695442967,8.01622947932866,7.934082031250001,7.93408203125
2014-08-25,7.920389617224565,7.968309446454535,7.865624657690154,7.906698703765869
2014-08-26,7.940928015549616,7.968310498933584,7.90669974810718,7.95461893081665
2014-08-27,7.975159495650899,7.988851070404052,7.927240289715297,7.988851070404053
2014-08-28,7.98885126020328,8.009387969970703,7.947777187818199,8.009387969970703
2014-08-29,7.995697611410388,8.00254274658193,7.934086824914544,7.94777774810791
2014-09-02,7.9477785836555706,8.00254358788702,7.9477785836555706,7.99569845199585
2014-09-03,7.995691882081862,8.070993537813523,7.96830940246582,7.96830940246582
2014-09-04,7.96830940246582,7.975154532732472,7.940926922849779,7.96830940246582
2014-09-05,7.9751577377319345,7.99569509533473,7.947775247111613,7.975157737731934
2014-09-08,7.982001414200618,7.995692982317553,7.947773146758182,7.95461893081665
2014-09-09,7.961463619349357,8.009382795464978,7.961463619349357,7.96830940246582
2014-09-10,7.9751577377319345,8.009386014219855,7.9614668188468105,7.975157737731934
2014-09-11,7.961470161138607,7.99569845199585,7.9409334477644,7.99569845199585
2014-09-12,7.968316809580117,7.968316809580117,7.893014430999756,7.893014430999756
2014-09-15,7.906703745269679,7.9203946674580346,7.838247175777209,7.86562967300415
2014-09-16,7.845091129620631,7.865627834528123,7.790326147967264,7.804017066955566
2014-09-17,7.831403102750113,7.858785605971778,7.810866388546459,7.845094680786133
2014-09-18,7.85193954024088,7.879322040220828,7.85193954024088,7.8587846755981445
2014-09-19,7.8842399186318115,7.891119866579732,7.822321699316418,7.863600730895996
2014-09-22,7.884238291723371,7.897997528672053,7.794800955179588,7.808560848236084
2014-09-23,7.801685162262961,7.849843502044678,7.801685162262961,7.849843502044678
2014-09-24,7.870482696792817,7.870482696792817,7.836084257581975,7.849843502044678
2014-09-25,7.8429566391043375,7.863596471769035,7.829197406768799,7.829197406768799
2014-09-26,7.808560848236084,7.849839215189944,7.801680901707837,7.808560848236084
2014-09-29,7.794804429982413,7.836083471445643,7.781045186900074,7.801684379577637
2014-09-30,7.781041718230906,7.836079978241262,7.774161771702658,7.808560848236084
2014-10-01,7.842957496643066,7.89111645535207,7.822318317829302,7.842957496643066
2014-10-02,7.863596471769035,7.863596471769035,7.787918397546998,7.829197406768799
2014-10-03,7.82920352185042,7.82920352185042,7.794804429982413,7.801684379577637
2014-10-06,7.822318516880611,7.870476820707415,7.822318516880611,7.856717586517334
2014-10-07,7.849838494808734,7.870477676391602,7.836079259122739,7.870477676391602
2014-10-08,7.877356457838066,7.9530345393012505,7.877356457838066,7.946154594421387
2014-10-09,7.953037357741729,7.953037357741729,7.877359249459327,7.884239196777344
2014-10-10,7.897997142214346,7.91863698078916,7.856718777280282,7.8773579597473145
2014-10-13,7.891122547649129,7.918641692682705,7.849843502044678,7.849843502044678
2014-10-14,7.863600010931183,7.953037357741729,7.842960168977134,7.884239196777344
2014-10-15,7.877357777071408,7.966795107164871,7.877357777071408,7.9599151611328125
2014-10-16,8.001195195805504,8.001195195805504,7.946156932785464,7.980556011199951
2014-10-17,8.014955146517883,8.049354227992517,7.973676773634649,8.001195907592773
2014-10-20,8.02871063974735,8.02871063974735,7.973672402006247,8.0149507522583
2014-10-21,8.021830696002826,8.042469871128853,7.980552345750771,8.0149507522583
2014-10-22,7.895347789418033,8.088928810257146,7.895347789418033,8.082015037536621
2014-10-23,8.08892587247972,8.102753412898814,8.054357680765403,8.075098991394043
2014-10-24,8.068188084659162,8.082014970652128,8.03361988067627,8.03361988067627
2014-10-27,8.061274830417231,8.088929263515274,8.005965964221144,8.019793510437012
2014-10-28,8.04053540804766,8.054362297058105,8.033621633875539,8.054362297058105
2014-10-29,8.068191322912147,8.088931989892908,8.040536880493164,8.040536880493164
2014-10-30,8.06127145097495,8.075098991394043,8.026703259260632,8.075098991394043
2014-10-31,8.088925502947811,8.088925502947811,8.054357312812696,8.068184852600098
2014-11-03,8.075098622493798,8.082011733054111,8.054357312812696,8.068184852600098
2014-11-04,8.088928810257146,8.088928810257146,8.054360605988176,8.082015037536621
2014-11-05,8.082015037536621,8.102756355698197,8.061274378708701,8.082015037536621
2014-11-06,8.095839272841513,8.130407462976628,8.061271082706396,8.068184852600098
2014-11-07,8.095845429030074,8.164981861872567,8.088931653879046,8.123499870300293
2014-11-10,8.102757889107963,8.137326099918807,8.075103452326042,8.116584777832031
2014-11-11,8.11658345826868,8.1304110040785,8.075102139506566,8.10966968536377
2014-11-12,8.088925502947811,8.109666153295526,8.061271082706396,8.068184852600098
2014-11-13,8.054367953677817,8.075109290760915,8.012886598180135,8.047454833984375
2014-11-14,8.054361057309297,8.054361057309297,8.012879737329078,8.019793510437012
2014-11-17,8.033616935024014,8.061271356203669,7.985221862792969,7.985221862792969
2014-11-18,8.005970048079583,8.033624495284206,7.985229377509624,7.992143154144287
2014-11-19,7.990051788482308,8.031739306749099,7.962260330504655,8.017843246459961
2014-11-20,8.010894862076285,8.07342580541106,8.010894862076285,8.06647777557373
2014-11-21,8.066479093802867,8.073427124775648,8.010896171222022,8.052583694458008
2014-11-24,8.024794656229327,8.031742689300046,8.01089859008789,8.01089859008789
2014-11-25,8.003946398619577,8.059529304504395,8.003946398619577,8.059529304504395
2014-11-26,8.052588073885033,8.10122299194336,8.038692004382048,8.10122299194336
2014-11-28,8.045640509522945,8.101223465582429,8.024797066650915,8.038692474365234
2014-12-01,8.038693322195233,8.14291187274938,8.024797913015384,8.087328910827637
2014-12-02,8.087325153823784,8.177647590637207,8.066481055835471,8.177647590637207
2014-12-03,8.12901347352899,8.205440521240234,8.12901347352899,8.205440521240234
2014-12-04,8.163753976416734,8.261024475097656,8.156805941667868,8.261024475097656
2014-12-05,8.212384664908864,8.254072189331055,8.191541233998128,8.254072189331055
2014-12-08,8.233228243137983,8.261019703479855,8.177645322454238,8.226280212402344
2014-12-09,8.247126948936996,8.267970386901021,8.198492039487292,8.233231544494629
2014-12-10,8.267970397675168,8.316605969789196,8.115117635605209,8.198492050170898
2014-12-11,8.149855098748713,8.226282129449878,8.149855098748713,8.156803131103516
2014-12-12,8.170699712089968,8.191543147870565,8.135960210721725,8.149855613708496
2014-12-15,8.191541233998128,8.26102022050154,8.142906341006174,8.254072189331055
2014-12-16,8.288808394828484,8.31659984588623,8.247120886941635,8.31659984588623
2014-12-17,8.30271135838872,8.316607427886451,8.261024475097656,8.261024475097656
2014-12-18,8.274919946154295,8.302711422764174,8.240180434741678,8.281867980957031
2014-12-19,8.302710095765006,8.3235535342408,8.240179117736663,8.295762062072754
2014-12-22,8.300645305313688,8.335550765397125,8.209889644383011,8.230833053588867
2014-12-23,8.265740858342483,8.314609045008307,8.195928592437783,8.258759498596191
2014-12-24,8.29366469984067,8.321589469909668,8.244796518664684,8.321589469909668
2014-12-26,8.321588746217163,8.321588746217163,8.216871034010026,8.29366397857666
2014-12-29,8.26574156120186,8.279703616102568,8.195929289360826,8.223854064941406
2014-12-30,8.20989297933612,8.258761175926935,8.174986839294434,8.174986839294434
2014-12-31,8.202912352715257,8.237818495882673,8.168006209547842,8.216875076293945
2015-01-02,8.195932656950992,8.20291402015947,8.168007869896522,8.181970596313477
2015-01-05,8.174990630918822,8.244802943381691,8.174990630918822,8.237821578979492
2015-01-06,8.244797444882717,8.300646991294833,8.244797444882717,8.258759498596191
2015-01-07,8.265744202697277,8.335555831068945,8.265744202697277,8.328575134277344
2015-01-08,8.314607387862292,8.342532155502793,8.279701261866922,8.29366397857666
2015-01-09,8.307629120309965,8.328573203166693,8.265742286154962,8.314610481262207
2015-01-12,8.293666338759218,8.356497250275291,8.293666338759218,8.335553169250488
2015-01-13,8.36347770690918,8.37045906705217,8.307628157323544,8.36347770690918
2015-01-14,8.363480342976091,8.405367851257324,8.328574862817648,8.405367851257324
2015-01-15,8.419329865428608,8.46819806614988,8.398385780165805,8.44027328491211
2015-01-16,8.468196379589905,8.4821584345384,8.412346828237588,8.461215019226074
2015-01-20,8.50310636791718,8.50310636791718,8.426312700682404,8.475181579589844
2015-01-21,8.466059684753418,8.487102568775477,8.42397525454922,8.466059684753418
2015-01-22,8.459047359815877,8.494117500739078,8.43099084572528,8.445018768310547
2015-01-23,8.487099403040727,8.487099403040727,8.409943528245996,8.430986404418945
2015-01-26,8.4169609598752,8.480088274101456,8.4169609598752,8.466059684753418
2015-01-27,8.49411959838964,8.529190416893755,8.487105969824997,8.508148193359375
2015-01-28,8.53620301368431,8.59231604454323,8.53620301368431,8.56425952911377
2015-01-29,8.5572429642609,8.592313766479492,8.550228670033198,8.592313766479492
2015-01-30,8.620370274470384,8.683497584679868,8.5572429642609,8.592313766479492
2015-02-02,8.61335907792724,8.655444189508907,8.61335907792724,8.6414155960083
2015-02-03,8.655441689697906,8.662455984422385,8.613356590270996,8.613356590270996
2015-02-04,8.64141480101636,8.64141480101636,8.557245254516602,8.557245254516602
2015-02-05,8.557244648630142,8.578286866535187,8.529188135116733,8.536202430725098
2015-02-06,8.529185040201527,8.55022725047116,8.45904411632949,8.480086326599121
2015-02-09,8.494113026178669,8.494113026178669,8.416957820303647,8.430986404418945
2015-02-10,8.423975234588706,8.501130469060225,8.416960939931307,8.473073959350586
2015-02-11,8.473070818925427,8.473070818925427,8.402929236188347,8.430986404418945
2015-02-12,8.438002683637755,8.473073486045744,8.3678617477417,8.3678617477417
2015-02-13,8.395916975979995,8.41695918664907,8.339803968249255,8.381888389587402
2015-02-17,8.381889477969802,8.402931691371192,8.297719955444336,8.297719955444336
2015-02-18,8.330847057541135,8.394280012340058,8.316751218785061,8.380184173583984
2015-02-19,8.380186149170708,8.429522604685742,8.34494553573477,8.38723373413086
2015-02-20,8.387228547456019,8.450661477981926,8.351988627971297,8.422469139099121
2015-02-23,8.45770937485049,8.492949965010702,8.366084109297272,8.415420532226562
2015-02-24,8.415421352830498,8.50704662731827,8.40132551868691,8.499999046325684
2015-02-25,8.521146171826185,8.584579128485323,8.47885731000054,8.528194427490234
2015-02-26,8.52819277099826,8.52819277099826,8.42247097304858,8.464759826660156
2015-02-27,8.485906165638802,8.521146774291992,8.4224732044948,8.521146774291992
2015-03-02,8.542290870620425,8.542290870620425,8.514098518129613,8.521146774291992
2015-03-03,8.514097916162136,8.54933852232373,8.450664959502998,8.528194427490234
2015-03-04,8.549337387084961,8.598673825864774,8.514096785602852,8.549337387084961
2015-03-05,8.577531631141442,8.648012849695716,8.563435118567101,8.598675727844238
2015-03-06,8.556384759614518,8.556384759614518,8.408374786376953,8.408374786376953
2015-03-09,8.464759826660156,8.492952171681699,8.429519227343597,8.464759826660156
2015-03-10,8.492952525139211,8.528193125922405,8.471808433532715,8.471808433532715
2015-03-11,8.492951817918634,8.507047653762998,8.394278278374092,8.408374786376953
2015-03-12,8.45770937485049,8.478853460083277,8.415420532226562,8.415420532226562
2015-03-13,8.436568260192871,8.464760607816096,8.387231147733285,8.436568260192871
2015-03-16,8.478855309915772,8.492951817918634,8.401326532375522,8.408374786376953
2015-03-17,8.429521979705738,8.443617820739746,8.373137271252222,8.443617820739746
2015-03-18,8.464759473509458,8.54228825104456,8.401326531817784,8.507047653198242
2015-03-19,8.478854286872679,8.521143133620273,8.443613693276086,8.499999046325684
2015-03-20,8.497875150762964,8.63242454349585,8.462467202564696,8.604098320007324
2015-03-23,8.63242687111238,8.63242687111238,8.512040895338535,8.540367126464844
2015-03-24,8.540366672160134,8.56161117553711,8.469550760436103,8.56161117553711
2015-03-25,8.568692382028736,8.568692382028736,8.519120976688532,8.547447204589844
2015-03-26,8.554525820659489,8.667830691076125,8.52619960305533,8.533281326293945
2015-03-27,8.56869125366211,8.61118025224365,8.547446079020885,8.56869125366211
2015-03-30,8.58285515830412,8.58285515830412,8.519120976688532,8.547447204589844
2015-03-31,8.540365410003554,8.582854410478175,8.504957459374381,8.512039184570312
2015-04-01,8.547447204589844,8.63242588829378,8.540366154127424,8.547447204589844
2015-04-02,8.56161117553711,8.582855678914084,8.497876990055598,8.56161117553711
2015-04-06,8.589937862098228,8.589937862098228,8.504959168719301,8.540367126464844
2015-04-07,8.547447464035557,8.561610916091396,8.519121235274442,8.554529190063477
2015-04-08,8.540366413358202,8.582855418824591,8.526202961302362,8.554529190063477
2015-04-09,8.540368260070254,8.575775547164959,8.512042025184064,8.519123077392578
2015-04-10,8.547447723052068,8.632426411910554,8.547447723052068,8.56161117553711
2015-04-13,8.554530462095917,8.611182928042194,8.554530462095917,8.597020149230957
2015-04-14,8.61117949992935,8.689077116107418,8.561608780798139,8.681995391845703
2015-04-15,8.667835893700685,8.70324385579609,8.582857189882134,8.618265151977539
2015-04-16,8.63242286674177,8.710320472717285,8.625341818757885,8.710320472717285
2015-04-17,8.703241674822763,8.774057581267588,8.67491544731494,8.745731353759766
2015-04-20,8.759894518907505,8.781139021644309,8.618263375077866,8.689079284667969
2015-04-21,8.708285350461516,8.729629676025583,8.630024858900187,8.644253730773926
2015-04-22,8.67983341217041,8.708291855679056,8.665604529667494,8.67983341217041
2015-04-23,8.686948643909796,8.765209197998047,8.686948643909796,8.765209197998047
2015-04-24,8.76520468661804,8.76520468661804,8.686944172809842,8.715402603149414
2015-04-27,8.69406253934579,8.786552645759368,8.68694775919795,8.75097942352295
2015-04-28,8.750977832894456,8.829238364787265,8.750977832894456,8.807894706726074
2015-04-29,8.779434462348533,8.800778116015612,8.729632377624512,8.729632377624512
2015-04-30,8.72252014495375,8.758093363778734,8.622915267944336,8.622915267944336
2015-05-01,8.679823691789942,8.708282103428518,8.637136413583107,8.651365280151367
2015-05-04,8.637142181396484,8.672714710823207,8.622912626823789,8.637142181396484
2015-05-05,8.66559886932373,8.686942518387902,8.615796116837505,8.66559886932373
2015-05-06,8.63714419382339,8.65137307320886,8.50908088684082,8.50908088684082
2015-05-07,8.542678243740632,8.59271950119007,8.521232380120422,8.56412410736084
2015-05-08,8.614165925864828,8.664206504821777,8.59986822801898,8.664206504821777
2015-05-11,8.664203376711855,8.678501069395686,8.599865123137638,8.635608673095703
2015-05-12,8.592716423482974,8.599864587628266,8.54982402985388,8.578418731689453
2015-05-13,8.59271950119007,8.62846237997318,8.514083531663115,8.56412410736084
2015-05-14,8.54267406463623,8.571268762725126,8.528377056467473,8.54267406463623
2015-05-15,8.556972978799445,8.5998646911936,8.492634728456736,8.571269989013672
2015-05-18,8.571271207147356,8.621312454387612,8.542676500903598,8.599865913391113
2015-05-19,8.506934683205808,8.635611228430488,8.506934683205808,8.56412410736084
2015-05-20,8.583515272167547,8.633795744555753,8.569149912207152,8.597881317138672
2015-05-21,8.612251404834131,8.612251404834131,8.5547885634266,8.590703010559082
2015-05-22,8.605066655784917,8.605066655784917,8.540421485900879,8.540421485900879
2015-05-26,8.55478702923278,8.55478702923278,8.41112995147705,8.41112995147705
2015-05-27,8.45422739768245,8.468592762919183,8.375215491341992,8.447044372558594
2015-05-28,8.44704439216873,8.461409757438812,8.41112995147705,8.41112995147705
2015-05-29,8.439862298428853,8.439862298428853,8.346485016330014,8.368033409118652
2015-06-01,8.403942950174471,8.475771797573405,8.403942950174471,8.461405754089355
2015-06-02,8.4614068053173,8.540418684274533,8.432675399790325,8.511687278747559
2015-06-03,8.497320177788822,8.511686221272871,8.447040395615963,8.461405754089355
2015-06-04,8.47577578804304,8.47577578804304,8.411129931950292,8.447044372558594
2015-06-05,8.418312976617582,8.475775807719875,8.368032485644841,8.41112995147705
2015-06-08,8.418311154590445,8.447042563923075,8.310567855834961,8.310567855834961
2015-06-09,8.310567031135822,8.310567031135822,8.159726975855422,8.21718978881836
2015-06-10,8.181275257380705,8.25310342416864,8.174092235198701,8.202823638916016
2015-06-11,8.210007676802446,8.210007676802446,8.152544862258784,8.174093246459961
2015-06-12,8.188461545215944,8.195644570863521,8.145364761352539,8.145364761352539
2015-06-15,8.181274199097118,8.238736999098679,8.13817675659064,8.188456535339355
2015-06-16,8.195640616734012,8.260286446350642,8.159726190834697,8.202823638916016
2015-06-17,8.210007554839635,8.274653391493612,8.210007554839635,8.231555938720703
2015-06-18,8.217190895823965,8.25310533001682,8.210008556994078,8.238739967346191
2015-06-19,8.229352907457278,8.287102699279785,8.222134699803332,8.287102699279785
2015-06-22,8.301544702734475,8.301544702734475,8.236575981868274,8.272669792175293
2015-06-23,8.279889749584141,8.323201776739442,8.236577033996582,8.236577033996582
2015-06-24,8.279889411523135,8.279889411523135,8.171607971191406,8.171607971191406
2015-06-25,8.157167971611575,8.200479981668026,8.121074170943208,8.149949073791504
2015-06-26,8.142727776406693,8.186040462131398,8.09941577911377,8.09941577911377
2015-06-29,8.149950634291415,8.171606643466193,8.034451000783106,8.084981918334961
2015-06-30,8.07776147245477,8.157167971611575,8.027230564578248,8.149949073791504
2015-07-01,8.135515258186247,8.186046186507417,8.121077456704617,8.178827285766602
2015-07-02,8.19326168338628,8.214917688179547,8.157167883109516,8.186042785644531
2015-07-06,8.214916346898155,8.214916346898155,8.16438544782025,8.200478553771973
2015-07-07,8.222137480399626,8.251012386075914,8.20048078481837,8.243793487548828
2015-07-08,8.222139921088901,8.236577033996582,8.193265006841282,8.236577033996582
2015-07-09,8.292436623768612,8.321456496013864,8.26341675152336,8.314201354980469
2015-07-10,8.285183272671992,8.36498776561537,8.285183272671992,8.350478172302246
2015-07-13,8.343219952607404,8.357730232457417,8.270669937133789,8.270669937133789
2015-07-14,8.270672170721582,8.343222205788148,8.263417720725656,8.335967063903809
2015-07-15,8.335967063903809,8.335967063903809,8.263417720725656,8.335967063903809
2015-07-16,8.335964714577203,8.335964714577203,8.263415391845639,8.306944847106934
2015-07-17,8.306948250416994,8.335968129776544,8.256163634509905,8.29969310760498
2015-07-20,8.306944847106934,8.335964714577203,8.256160252006017,8.306944847106934
2015-07-21,8.314202330139205,8.343222205788148,8.299692046370525,8.335967063903809
2015-07-22,8.348364125576767,8.362946754997795,8.297326313279255,8.319199562072754
2015-07-23,8.341069472928346,8.37023402476126,8.260867129222278,8.275449752807617
2015-07-24,8.297326313279255,8.341072810866253,8.282743683858227,8.319199562072754
2015-07-27,8.304617627989769,8.333782191493782,8.275453064485756,8.319199562072754
2015-07-28,8.319196219007065,8.319196219007065,8.260867115438566,8.311904907226562
2015-07-29,8.304618353696826,8.355656170454328,8.166086143443462,8.282744407653809
2015-07-30,8.260871156948895,8.282744407653809,8.224415275548635,8.282744407653809
2015-07-31,8.282741305261489,8.37752628326416,8.2754506879827,8.37752628326416
2015-08-03,8.37752628326416,8.392108908497422,8.341070415518848,8.37752628326416
2015-08-04,8.377526051048816,8.377526051048816,8.297323700502522,8.355652809143066
2015-08-05,8.355654007048804,8.362945320508643,8.28274226312624,8.326489448547363
2015-08-06,8.33377979824006,8.38481759588079,8.326488485623429,8.37752628326416
2015-08-07,8.37752677193375,8.406691328763628,8.370235458891809,8.39940071105957
2015-08-10,8.399400221114051,8.399400221114051,8.33377979824006,8.37752628326416
2015-08-11,8.355654702927236,8.42127513885498,8.355654702927236,8.42127513885498
2015-08-12,8.421273954847509,8.443147198635447,8.37752677193375,8.39940071105957
2015-08-13,8.399400221114051,8.399400221114051,8.34836172813548,8.37752628326416
2015-08-14,8.370241165161133,8.384823801186478,8.355659224474145,8.370241165161133
2015-08-17,8.377527229019746,8.443147659301758,8.355653984038383,8.443147659301758
2015-08-18,8.443146714930204,8.443146714930204,8.384817604612104,8.392108917236328
2015-08-19,8.39940522121106,8.435860415320008,8.362949331763858,8.428569793701172
2015-08-20,8.419037844319275,8.433692728059075,8.375074590666511,8.404383659362793
2015-08-21,8.426363202649926,8.477653885490232,8.367745079751534,8.455672264099121
2015-08-24,8.228530356919721,8.455676213326933,8.20654872526208,8.353094100952148
2015-08-25,8.41171250836445,8.47033135921586,8.404385763443582,8.433694839477539
2015-08-26,8.463001975724515,8.484983603015747,8.419038022358716,8.448347091674805
2015-08-27,8.484982774185035,8.484982774185035,8.287146750322307,8.331110000610352
2015-08-28,8.279818534851074,8.33110922165254,8.25050947113835,8.279818534851074
2015-08-31,8.331112140890701,8.426366806030273,8.30913051009955,8.426366806030273
2015-09-01,8.389729499816895,8.404384384821691,8.338438799866864,8.389729499816895
2015-09-02,8.411712478676392,8.411712478676392,8.353094326815361,8.367749214172363
2015-09-03,8.38973330406626,8.411714942757452,8.279824411826597,8.323787689208984
2015-09-04,8.3457670211792,8.382402839543213,8.3457670211792,8.3457670211792
2015-09-08,8.353096817378495,8.375079154968262,8.323787732709167,8.375079154968262
2015-09-09,8.353095643240444,8.38240472378999,8.33844145235747,8.36042308807373
2015-09-10,8.353094100952148,8.389730619570534,8.34576735625525,8.353094100952148
2015-09-11,8.375074590666511,8.441020169928974,8.375074590666511,8.404383659362793
2015-09-14,8.433694249221803,8.477657510804104,8.404385175239124,8.426366806030273
2015-09-15,8.44834896902943,8.455676412682557,8.375076628848621,8.382403373718262
2015-09-16,8.411708322533755,8.455672264099121,8.389726701142646,8.455672264099121
2015-09-17,8.441021139187246,8.484984397888184,8.397057181702909,8.484984397888184
2015-09-18,8.499642528954755,8.54360580444336,8.47766019242679,8.54360580444336
2015-09-21,8.578214521742042,8.585577964782715,8.534035267931161,8.585577964782715
2015-09-22,8.55611990494317,8.600299835205078,8.541393729666646,8.600299835205078
2015-09-23,8.600300417573306,8.60766315460205,8.497214374792508,8.60766315460205
2015-09-24,8.622391207584638,8.644480826112224,8.58557470856112,8.637117385864258
2015-09-25,8.651845932006836,8.659209373672406,8.585576361449599,8.651845932006836
2015-09-28,8.666570805160598,8.666570805160598,8.61502742767334,8.61502742767334
2015-09-29,8.644482490341266,8.68866243811824,8.644482490341266,8.651845932006836
2015-09-30,8.688659854116272,8.69602329359196,8.563484191894531,8.563484191894531
2015-10-01,8.615026010481602,8.65920594074351,8.585572957712385,8.600299835205078
2015-10-02,8.651846477310942,8.725479494174653,8.651846477310942,8.703389167785645
2015-10-05,8.732832550116475,8.74019598408072,8.67392648283394,8.710742950439453
2015-10-06,8.725475311279297,8.7475649248623,8.688658820496856,8.725475311279297
2015-10-07,8.740205216756873,8.75493210024204,8.6886625289917,8.6886625289917
2015-10-08,8.732838047662861,8.740201486262581,8.710748434079859,8.725475311279297
2015-10-09,8.747564434585946,8.777017485117907,8.718111384053984,8.740200996398926
2015-10-12,8.754927872772965,8.784380923304926,8.696021771709042,8.740200996398926
2015-10-13,8.76965799700126,8.784384880008652,8.688662247109912,8.732841491699219
2015-10-14,8.754927525466485,8.791743310508874,8.718111038208008,8.718111038208008
2015-10-15,8.754932560476838,8.762295300390017,8.703389167785645,8.703389167785645
2015-10-16,8.740200649676659,8.76229026114531,8.718111038208008,8.718111038208008
2015-10-19,8.747564087571572,8.799106748403787,8.718111038208008,8.718111038208008
2015-10-20,8.71811515952833,8.791747466637444,8.71811515952833,8.784384727478027
2015-10-21,8.796955615901611,8.841346921505682,8.796955615901611,8.833948135375977
2015-10-22,8.84135209254784,8.900541005029144,8.819156426764225,8.856149673461914
2015-10-23,8.915333371628574,8.930130238300903,8.804353696444236,8.833948135375977
2015-10-26,8.856149858727049,8.952332019918112,8.848751068115234,8.848751068115234
2015-10-27,8.878343640536471,8.967126992271353,8.819154739379883,8.819154739379883
2015-10-28,8.804357161297057,8.870944851495057,8.796959077843002,8.819154739379883
2015-10-29,8.833955577754192,8.870948833981496,8.819158698615876,8.841354370117188
2015-10-30,8.8635488220806,8.907940864562988,8.856150736323185,8.907940864562988
2015-11-02,8.9523337824614,9.011522707834066,8.944934990392905,8.967130661010742
2015-11-03,8.989326144598905,8.996724936513463,8.930137220457707,8.974529266357422
2015-11-04,8.996724709634869,9.01152229309082,8.930136995258318,9.01152229309082
2015-11-05,9.07070675837852,9.107699993252243,9.026314735412598,9.026314735412598
2015-11-06,9.018916076304853,9.018916076304853,8.878342628479004,8.878342628479004
2015-11-09,8.841349812168522,8.863545472227388,8.759965254894476,8.804356575012207
2015-11-10,8.767364627264708,8.841350400916765,8.767364627264708,8.819154739379883
2015-11-11,8.84135227750342,8.967128895554232,8.84135227750342,8.848751068115234
2015-11-12,8.82655396113141,9.018917546527012,8.82655396113141,8.981925010681152
2015-11-13,8.952330002816257,8.989322536365309,8.907937974735107,8.937532424926758
2015-11-16,8.930133635982008,8.937532424926758,8.922735552624607,8.937532424926758
2015-11-17,8.88574369542056,8.900540570023956,8.848750450530881,8.863547325134277
2015-11-18,8.885742957040387,8.893141746520996,8.85614850470535,8.893141746520996
2015-11-19,8.928079755382138,8.980116628515589,8.890910256451434,8.920645713806152
2015-11-20,8.905777716122461,8.980116714697296,8.838873468144188,8.846306800842285
2015-11-23,8.876048175795713,8.980122701393041,8.853746744935465,8.905783653259277
2015-11-24,8.935514495427471,8.972683288314352,8.861175491755148,8.898344993591309
2015-11-25,8.913208992761781,8.913208992761781,8.80913527778128,8.876039505004883
2015-11-27,8.838874119473244,8.861175537109375,8.81657199288783,8.861175537109375
2015-11-30,8.890912811069628,8.89834685478163,8.824007835560458,8.831441879272461
2015-12-01,8.898350315605665,8.957821270532794,8.846312698332147,8.905783653259277
2015-12-02,8.92064812314253,8.928082166726343,8.831441726985036,8.838875770568848
2015-12-03,8.838874657614248,8.861176076608166,8.712498768399838,8.742234230041504
2015-12-04,8.771974008853864,8.809143531436444,8.742238532577737,8.78684139251709
2015-12-07,8.76453516065795,8.883477000596933,8.74966778514022,8.824006080627441
2015-12-08,8.80170396885677,8.846306800842285,8.749667095223923,8.846306800842285
2015-12-09,8.8240132339039,8.846314669734024,8.749674878153533,8.779410362243652
2015-12-10,8.809138855919578,8.868609776907194,8.786836728837248,8.816572189331055
2015-12-11,8.861175491755148,9.06188966735157,8.85374144959806,8.898344993591309
2015-12-14,8.89834508506395,8.89834508506395,8.712498282921967,8.824006080627441
2015-12-15,8.77197385423689,8.794275283813477,8.719936239958637,8.794275283813477
2015-12-16,8.786836383549172,8.883476803593785,8.779403050429796,8.868609428405762
2015-12-17,8.831442023143389,8.942949844842266,8.831442023143389,8.928082466125488
2015-12-18,8.957815912949455,9.009852790150513,8.868609533912236,8.898344993591309
2015-12-21,8.925981606261253,8.993206687381118,8.896103871579244,8.94092082977295
2015-12-22,8.955861169738148,8.963330783019297,8.896105688172009,8.925983428955078
2015-12-23,8.955859113002257,8.993206458489563,8.925981379080683,8.985736846923828
2015-12-24,8.993208290011763,9.030555643105087,8.940922423086015,9.015616416931152
2015-12-28,9.023084192411135,9.030553803976868,8.96332872456799,8.985736846923828
2015-12-29,9.008147516185696,9.038025256192055,8.970800163092372,9.015616416931152
2015-12-30,9.015615988221509,9.08284107812451,8.985738249635894,9.067902565002441
2015-12-31,9.08284326412668,9.097782493185708,9.052965518350277,9.075373649597168
2016-01-04,9.090315304388977,9.097784920911742,9.038029413413295,9.082845687866211
2016-01-05,9.097781021526716,9.142597276771012,9.090311408205489,9.112719535827637
2016-01-06,9.172473990667505,9.202351728265453,9.142596253069557,9.187413215637207
2016-01-07,9.22475753920898,9.22475753920898,9.18741020137931,9.202348709106445
2016-01-08,9.232228871044864,9.26957621872143,9.165004500036735,9.209820747375488
2016-01-11,9.22475952293833,9.22475952293833,9.172472953796387,9.172472953796387
2016-01-12,9.202350688016908,9.209820299657382,9.127656708636293,9.172472953796387
2016-01-13,9.17994856563665,9.17994856563665,9.075376071343445,9.082845687866211
2016-01-14,9.12018446613681,9.157531801224385,9.067898624418905,9.127654075622559
2016-01-15,9.127656780081193,9.209820371745401,9.127656780081193,9.142595291137695
2016-01-19,9.172476417724514,9.239701523193167,9.10525131225586,9.10525131225586
2016-01-20,9.140523429319765,9.148027420043945,9.042964393023475,9.148027420043945
2016-01-21,9.185544490847873,9.245580673217773,9.155526399662921,9.245580673217773
2016-01-22,9.290610548213106,9.440701042592977,9.260592449337134,9.305619239807129
2016-01-25,9.32063126977857,9.37316277867114,9.268099760885999,9.313126564025879
2016-01-26,9.358154539798333,9.3656585302293,9.29061361610246,9.3506498336792
2016-01-27,9.290613603135839,9.38817263548392,9.283108897027178,9.373163223266602
2016-01-28,9.403178446870516,9.425692558288574,9.32813355587416,9.425692558288574
2016-01-29,9.425694685493962,9.538262405236926,9.410685274494575,9.463216781616211
2016-02-01,9.493234141518304,9.568279759238532,9.388171135535645,9.530756950378418
2016-02-02,9.575784707195341,9.575784707195341,9.455712288345806,9.523252487182617
2016-02-03,9.560776213081432,9.703362760893544,9.530758105492799,9.598299026489258
2016-02-04,9.650829073699155,9.733379393827219,9.628315675340605,9.658333778381348
2016-02-05,9.710863613432274,9.748386414716435,9.598295925267696,9.60580062866211
2016-02-08,9.650829366180343,9.650829366180343,9.500738846427936,9.530756950378418
2016-02-09,9.583288154466402,9.71086454598328,9.515747248806424,9.703360557556152
2016-02-10,9.71086574242607,9.8084247608784,9.688352342994936,9.695857048034668
2016-02-11,9.748386419708918,9.748386419708918,9.583287239074707,9.583287239074707
2016-02-12,9.590792709724422,9.590792709724422,9.448206901550293,9.448206901550293
2016-02-16,9.448208108823614,9.463216804170665,9.365657779506458,9.418190002441406
2016-02-17,9.365656122446296,9.598296942513489,9.365656122446296,9.410683631896973
2016-02-18,9.408422721821927,9.498888960915947,9.363190321230961,9.468733787536621
2016-02-19,9.453657167371638,9.589355826090186,9.415963015621358,9.574277877807617
2016-02-22,9.642124490804752,9.649663462822172,9.536581039428711,9.536581039428711
2016-02-23,9.551662095897381,9.687360760604916,9.551662095897381,9.657205581665039
2016-02-24,9.627049994823858,9.70997655365585,9.627049994823858,9.69489860534668
2016-02-25,9.67981946144021,9.702435660474602,9.657203262405819,9.664741516113281
2016-02-26,9.649665981635135,9.657204955620422,9.431040768754729,9.461195945739746
2016-02-29,9.498887266111824,9.611968966369094,9.453654154635366,9.551658630371094
2016-03-01,9.604433645406809,9.604433645406809,9.47627395295683,9.49889087677002
2016-03-02,9.536582388423069,9.536582388423069,9.46119481445278,9.468733787536621
2016-03-03,9.51396733551623,9.574277689548335,9.491351132493225,9.521506309509277
2016-03-04,9.581813798370094,9.642124134368094,9.536580686893636,9.551658630371094
2016-03-07,9.589355826090186,9.589355826090186,9.476273370839348,9.574277877807617
2016-03-08,9.64966484503878,9.64966484503878,9.50642723201425,9.529044151306152
2016-03-09,9.551658630371094,9.611968966369094,9.506425518894636,9.551658630371094
2016-03-10,9.574274826631365,9.574274826631365,9.483809322634366,9.551658630371094
2016-03-11,9.559200455614858,9.559200455614858,9.483812153635332,9.491351127624512
2016-03-14,9.544118864831763,9.566735059211007,9.461192339470633,9.51396369934082
2016-03-15,9.529043531073919,9.529043531073919,9.453655242919922,9.453655242919922
2016-03-16,9.506426623693322,9.506426623693322,9.423500081797663,9.483810424804688
2016-03-17,9.536583533647322,9.551661481625679,9.468734924613106,9.491351127624512
2016-03-18,9.529043541537956,9.566736966700347,9.483810424804688,9.483810424804688
2016-03-21,9.521503814349815,9.574275180559866,9.483809673218662,9.536581039428711
2016-03-22,9.541881099354496,9.655474629642743,9.519161815528806,9.64790153503418
2016-03-23,9.678196747667082,9.753926277160645,9.594894842992415,9.753926277160645
2016-03-24,9.753926357159388,9.76149945461292,9.71606159210205,9.71606159210205
2016-03-28,9.746351515101836,9.753924611199778,9.70091438293457,9.70091438293457
2016-03-29,9.67062294232438,9.716060075532694,9.549455568611723,9.587320327758789
2016-03-30,9.625187287376079,9.64790585917406,9.519166081968205,9.541885375976562
2016-03-31,9.57217698600601,9.602468655617628,9.504020548827278,9.526739120483398
2016-04-01,9.534310447554638,9.564602111539942,9.49644568702045,9.504018783569336
2016-04-04,9.53431224822998,9.564603917936248,9.511593676502873,9.53431224822998
2016-04-05,9.594891382864851,9.632756133956775,9.557026631772926,9.610036849975586
2016-04-06,9.647905379851483,9.700916341026943,9.594895140886365,9.655478477478027
2016-04-07,9.67820172833072,9.700921032196945,9.64791004538644,9.693347930908203
2016-04-08,9.753926579992063,9.753926579992063,9.655478477478027,9.655478477478027
2016-04-11,9.685770145773859,9.731208009322774,9.647905379851483,9.655478477478027
2016-04-12,9.700916149627583,9.723634719848633,9.663051384452281,9.723634719848633
2016-04-13,9.746353290069683,9.746353290069683,9.670624481929407,9.723634719848633
2016-04-14,9.71606181406969,9.723634911696232,9.647905379851483,9.655478477478027
2016-04-15,9.70091909536647,9.731210772262884,9.663054318693314,9.685772895812988
2016-04-18,9.723633797162393,9.738779268469147,9.700915229097133,9.731206893920898
2016-04-19,9.70091611940531,9.731207787009115,9.647905159440908,9.71606159210205
2016-04-20,9.7137802225234,9.774633914680225,9.698566436767578,9.698566436767578
2016-04-21,9.751814842224121,9.774635524616546,9.736601779395855,9.751814842224121
2016-04-22,9.759420961392662,9.805061597119995,9.744207899772414,9.767027854919434
2016-04-25,9.76702772412081,9.76702772412081,9.736600875854492,9.736600875854492
2016-04-26,9.76702772412081,9.789847678962227,9.72138708900469,9.736600875854492
2016-04-27,9.789849794256192,9.896344148915196,9.774636729552586,9.81266975402832
2016-04-28,9.827877856518965,10.033258826475741,9.78223723795467,9.79745101928711
2016-04-29,9.843093263642723,9.858307048609287,9.774633407592773,9.774633407592773
2016-05-02,9.843093605051006,9.858307390545262,9.774633746626524,9.78223991394043
2016-05-03,9.820273918643101,9.858307657977281,9.79745396521589,9.843093872070312
2016-05-04,9.88872936950992,9.88872936950992,9.835482597351074,9.835482597351074
2016-05-05,9.86590995948171,9.86590995948171,9.797449405627368,9.85830307006836
2016-05-06,9.820271388406232,9.926765686016552,9.805058331852216,9.888731956481934
2016-05-09,9.934377554702856,10.116938677422949,9.92677065989783,10.063691139221191
2016-05-10,10.101722500231284,10.101722500231284,9.881127681057933,10.025655746459961
2016-05-11,10.063692267948733,10.078906059265137,10.033265410749424,10.078906059265137
2016-05-12,10.056079109225672,10.101719000590325,10.033258438110352,10.033258438110352
2016-05-13,10.116939812122649,10.147366669321958,10.040872306407627,10.078906059265137
2016-05-16,10.094116332657423,10.124543179252601,10.025655746459961,10.025655746459961
2016-05-17,10.078899915985142,10.101719863617062,9.980012509002755,9.987619400024414
2016-05-18,10.018047056911222,10.018047056911222,9.873519017427482,9.957193374633789
2016-05-19,9.919164108687324,9.919164108687324,9.751816044347017,9.81266975402832
2016-05-20,9.848575553425913,9.963182422063099,9.772170488565989,9.856215476989746
2016-05-23,9.91733793853694,9.963181117179326,9.733966681272607,9.833292961120605
2016-05-24,9.894420109662084,9.924981996362742,9.779813216697828,9.863858222961426
2016-05-25,9.879137706315118,9.932620816001641,9.856215749032849,9.924980163574219
2016-05-26,9.955541179460289,9.986103057861328,9.902058074421632,9.986103057861328
2016-05-27,9.993745391258592,9.993745391258592,9.894419087578544,9.909700393676758
2016-05-31,9.81801501941825,9.81801501941825,9.73396929081779,9.756891250610352
2016-06-01,9.802731791964387,9.917338653857843,9.756889338668067,9.871496200561523
2016-06-02,9.924977678768325,9.970820853202902,9.85621328144273,9.940258979797363
2016-06-03,9.986103057861328,9.986103057861328,9.909698726185056,9.986103057861328
2016-06-06,10.001384361388176,10.031946239789217,9.947901256349521,9.986103057861328
2016-06-07,10.062508247806893,10.108350701672627,9.993743838355622,10.039587020874023
2016-06-08,10.054870718467038,10.07015202693631,9.871499388753127,10.001387596130371
2016-06-09,10.062506473419516,10.070147123934035,9.940258979797363,9.940258979797363
2016-06-10,10.01666817594675,10.047230064232402,9.97082570784472,10.001387596130371
2016-06-13,9.986102627919653,10.07778825917534,9.986102627919653,10.016664505004883
2016-06-14,10.062507722954697,10.123631477355957,10.024305194290754,10.123631477355957
2016-06-15,10.100714384018366,10.161838163426559,10.054871185135758,10.146556854248047
2016-06-16,10.115993325872035,10.215319633483887,10.085431441118605,10.215319633483887
2016-06-17,10.238240329036007,10.291724171044876,10.077790260314941,10.077790260314941
2016-06-20,10.131274313706946,10.177116775067859,9.955542935416023,9.970824241638184
2016-06-21,10.060610902405369,10.122002826562955,9.983871363133115,10.083633422851562
2016-06-22,10.106653222374957,10.229437046525256,10.09130487843151,10.183393478393555
2016-06-23,10.121997005091496,10.21408557021438,10.106649398803711,10.106649398803711
2016-06-24,10.175722029962776,10.27548409674863,10.075959963176924,10.19874382019043
2016-06-27,10.28315835377071,10.298506703038374,10.15270031239388,10.252462387084961
2016-06-28,10.290827880872559,10.290827880872559,10.183392411917106,10.275480270385742
2016-06-29,10.306176856771598,10.53639615117109,10.298502685131805,10.482678413391113
2016-06-30,10.551747183831425,10.620813282494238,10.47500691157286,10.605464935302734
2016-07-01,10.659182371080593,10.75894442247271,10.628486411563742,10.666855812072754
2016-07-05,10.689878330597445,10.743596076789583,10.605463893039051,10.666855812072754
2016-07-06,10.720574334616584,10.789640426778552,10.66685585635205,10.712900161743164
2016-07-07,10.781969143795617,10.812665111667329,10.65918527230877,10.674532890319824
2016-07-08,10.712897320927167,10.835681126944799,10.666853027745951,10.789637565612793
2016-07-11,10.843354292028884,10.920093797747473,10.774288224587755,10.781962394714355
2016-07-12,10.851035286796064,10.912427222722382,10.720577239990234,10.720577239990234
2016-07-13,10.774294253822848,10.88173050016857,10.559422492980957,10.559422492980957
2016-07-14,10.636158468005746,10.712898722732998,10.229436874389648,10.229436874389648
2016-07-15,10.306170422911839,10.39058406270458,10.260126153666544,10.367562294006348
2016-07-18,10.375245999427946,10.551747608130734,10.375245999427946,10.4059419631958
2016-07-19,10.521048396182076,10.697549950393245,10.475004098820875,10.682202339172363
2016-07-20,10.710710296586086,10.841704657561076,10.664477424982115,10.8262939453125
2016-07-21,10.849410381114485,10.93417113562726,10.795471785957105,10.8262939453125
2016-07-22,10.895647493102386,10.949586105613779,10.841708145732515,10.849413871765137
2016-07-25,10.918765226964739,10.94188167293654,10.618248489897047,10.664482116699219
2016-07-26,10.726127327519412,10.772360223191386,10.656777249152825,10.741538047790527
2016-07-27,10.81088249820568,10.903348976271866,10.7569439030483,10.8262939453125
2016-07-28,10.864823639244307,10.926467968230394,10.803179310258217,10.911056518554688
2016-07-29,10.918761349162883,10.918761349162883,10.787766977081091,10.834000587463379
2016-08-01,10.880230482028871,10.887936204124427,10.672181129455566,10.672181129455566
2016-08-02,10.703011228114509,10.703011228114509,10.533488890461761,10.556605339050293
2016-08-03,10.649071777455367,10.75694976137969,10.602838880672547,10.733833312988281
2016-08-04,10.772357316843385,10.818590934900302,10.695302266559763,10.74924087524414
2016-08-05,10.756949219784632,10.756949219784632,10.695304870605469,10.695304870605469
2016-08-08,10.772359692803924,10.810887593872694,10.610543831060548,10.641366004943848
2016-08-09,10.703011852143945,10.718422573815257,10.57972240447998,10.57972240447998
2016-08-10,10.64136749574131,10.672189673942627,10.525783776342347,10.57972240447998
2016-08-11,10.610543531177393,10.610543531177393,10.494959831237793,10.494959831237793
2016-08-12,10.518078915817684,10.649073367694985,10.518078915817684,10.595134735107422
2016-08-15,10.595133741731416,10.67989454711614,10.57972228537491,10.602839469909668
2016-08-16,10.672186964998904,10.679891956449438,10.602836897934539,10.649069786071777
2016-08-17,10.656777249152825,10.772360223191386,10.618249346187095,10.741538047790527
2016-08-18,10.733825436503812,10.903346913457437,10.641358975931444,10.672181129455566
2016-08-19,10.710716724970466,10.76465608735955,10.572017292055342,10.602839469909668
2016-08-22,10.685628890991211,10.747529649141532,10.61599035359329,10.685628890991211
2016-08-23,10.732053361288678,10.879068205340893,10.701102984316927,10.84811782836914
2016-08-24,10.871331956538212,10.956445320709706,10.778480812556047,10.817168235778809
2016-08-25,10.886804145610155,10.91775451945316,10.492187063590611,10.585038185119629
2016-08-26,10.662415623197669,10.739791940350807,10.453500747548594,10.50766372680664
2016-08-29,10.585038022434246,10.662413586894987,10.484449124511686,10.608250617980957
2016-08-30,10.600515703511466,10.662416466966384,10.55409049987793,10.55409049987793
2016-08-31,10.585040380277354,10.646941140800534,10.507664060665745,10.515401840209961
2016-09-01,10.554087811276624,10.600513003083572,10.499924103615024,10.585038185119629
2016-09-02,10.608254107243939,10.608254107243939,10.507665176235705,10.546353340148926
2016-09-06,10.546354110249446,10.623729705810547,10.530878548387985,10.623729705810547
2016-09-07,10.631467690054022,10.724318849252239,10.561829136176504,10.67789363861084
2016-09-08,10.631466275445856,10.88680711374451,10.577303290932603,10.824906349182129
2016-09-09,10.770743171970144,10.778480951880837,10.55409049987793,10.55409049987793
2016-09-12,10.592776128741473,10.654677619622998,10.5618257522583,10.5618257522583
2016-09-13,10.646942759663613,10.778482080254681,10.569566428286965,10.639204978942871
2016-09-14,10.708844343819319,10.755269555842826,10.646943569177681,10.739794731140137
2016-09-15,10.75526567927698,10.763003457797085,10.631464174616006,10.66241455078125
2016-09-16,10.739794571736931,10.801695345459818,10.708844184875488,10.708844184875488
2016-09-19,10.770744451397148,10.77848223222699,10.68563107601508,10.724318504333496
2016-09-20,10.78621962205105,10.817170008450455,10.67789363861084,10.67789363861084
2016-09-21,10.768792665795948,10.799871403639024,10.621168846285226,10.714405059814453
2016-09-22,10.784332405205264,10.854259750596077,10.706635190109795,10.714405059814453
2016-09-23,10.784338205579061,10.830955966929336,10.667792320251463,10.667792320251465
2016-09-26,10.660020449036834,10.714408070299914,10.58232321211035,10.64448070526123
2016-09-27,10.675560540112324,10.706639289855957,10.628942785984792,10.706639289855957
2016-09-28,10.714405059814453,10.729944799223771,10.636707844718984,10.714405059814453
2016-09-29,10.698872438159372,10.761029950892858,10.621175176754514,10.72218132019043
2016-09-30,10.729949862171651,10.729949862171651,10.496858847876348,10.535707473754883
2016-10-03,10.481318063009521,10.551245434469728,10.473548190408202,10.512396812438965
2016-10-04,10.465781393197286,10.465781393197286,10.302617737054755,10.31038761138916
2016-10-05,10.333690174697177,10.372538781638536,10.069520536666602,10.147217750549316
2016-10-06,10.053983521444195,10.100602010599367,9.97628702748657,10.038444519042969
2016-10-07,10.077294082613665,10.193839204979781,9.890820849461736,9.95297908782959
2016-10-10,9.968517545534251,10.154990027493904,9.74319644458906,9.921899795532227
2016-10-11,9.87528064546266,9.898589518908,9.774274539231877,9.782044410705566
2016-10-12,9.820895687494424,9.84420456725394,9.64996217364747,9.696579933166504
2016-10-13,9.657731923131669,9.71988942900899,9.548955917358398,9.548955917358398
2016-10-14,9.548951121383727,9.57225998913683,9.416866302490234,9.416866302490234
2016-10-17,9.447947192442209,9.494565679545529,9.300323341737176,9.370250701904297
2016-10-18,9.416871032125112,9.548955917358398,9.362483399726436,9.548955917358398
2016-10-19,9.595574502253065,9.750968268322863,9.572264881610652,9.74319839477539
2016-10-20,9.758016586303711,9.867218532048515,9.695615261911689,9.758016586303711
2016-10-21,9.828218709723915,9.843818669591,9.797018046107242,9.820418357849121
2016-10-24,9.890618823818127,9.890618823818127,9.83601711127428,9.851617813110352
2016-10-25,9.843822056405465,9.859422765522549,9.73461932423414,9.781420707702637
2016-10-26,9.789218264930815,9.789218264930815,9.680015563964844,9.680015563964844
2016-10-27,9.6332150106691,9.672215284846933,9.55521297454834,9.55521297454834
2016-10-28,9.594215454914577,9.594215454914577,9.492813090055328,9.539613723754883
2016-10-31,9.594213992608719,9.594213992608719,9.477210938427579,9.55521297454834
2016-11-01,9.524008535745542,9.563009538354876,9.446006530526873,9.47720718383789
2016-11-02,9.477211709906214,9.524013084164977,9.4616117477417,9.4616117477417
2016-11-03,9.461609135354717,9.469409486224572,9.453808784484863,9.453808784484863
2016-11-04,9.492809296450966,9.492809296450966,9.430407980533845,9.469408988952637
2016-11-07,9.492810000523724,9.5006103515625,9.44600863817349,9.5006103515625
2016-11-08,9.469412100765261,9.53181343718854,9.453811394718137,9.4616117477417
2016-11-09,9.383611706028736,9.399212415402216,9.313410001613608,9.336811065673828
2016-11-10,9.329005317268134,9.329005317268134,9.126200675964355,9.126200675964355
2016-11-11,9.032601439189794,9.149603751723562,8.884398460388184,8.884398460388184
2016-11-14,8.821996032291885,8.884397357078253,8.572389989263941,8.759593963623047
2016-11-15,8.697193213083033,8.970199584960938,8.697193213083033,8.970199584960938
2016-11-16,8.946798577679267,9.01700025321705,8.915597915649414,8.915597915649414
2016-11-17,8.892198831665697,8.907799538078862,8.814197531247737,8.837597846984863
2016-11-18,8.87659457400146,8.884394923433675,8.775192263029469,8.798592567443848
2016-11-21,8.774078914562121,8.938592926896154,8.774078914562121,8.868086814880371
2016-11-22,8.883751227994827,8.915087180856387,8.852415275133266,8.899418830871582
2016-11-23,8.789746284484863,8.828916425329403,8.750576143640322,8.789746284484863
2016-11-25,8.633060344982637,8.758404109095062,8.484214064768306,8.664396286010742
2016-11-28,8.719240872169575,8.781912803649902,8.69573908464154,8.781912803649902
2016-11-29,8.789745901163077,8.813247685801567,8.734907407528913,8.742741584777832
2016-11-30,8.71140064583021,8.805408477783203,8.664397103407632,8.805408477783203
2016-12-01,8.774076718272772,8.781910894782037,8.617396923628439,8.711404800415039
2016-12-02,8.648732317681716,8.695736626559114,8.601728008804317,8.687902450561523
2016-12-05,8.664404755231672,8.672238187814843,8.625234603881836,8.625234603881836
2016-12-06,8.625229847270921,8.695735931396484,8.625229847270921,8.695735931396484
2016-12-07,8.758404823069162,8.891582770072054,8.74273647772396,8.83674430847168
2016-12-08,8.82891590828047,8.844583515435765,8.774077415466309,8.774077415466309
2016-12-09,8.805414591177936,8.828917125814325,8.774078625437772,8.781912803649902
2016-12-12,8.742742525726337,8.813248634338379,8.703572382374276,8.813248634338379
2016-12-13,8.828916425329403,8.828916425329403,8.750576143640322,8.789746284484863
2016-12-14,8.821080649385753,8.95425865586076,8.813246473214715,8.8759183883667
2016-12-15,8.836749470440058,8.844583647688975,8.703571445641506,8.742741584777832
2016-12-16,8.719240872169575,8.78974698186203,8.719240872169575,8.781912803649902
2016-12-19,8.766240770925135,9.59664463545534,8.766240770925135,9.14227294921875
2016-12-20,9.087434367015367,9.110936142484201,8.977758169647522,9.040430068969727
2016-12-21,9.000069814010033,9.055140683469949,8.944999694824219,8.944999694824219
2016-12-22,8.929269790649414,8.992207312939632,8.913535034939637,8.929269790649414
2016-12-23,8.937137457812916,8.976473601388562,8.913536071777344,8.913536071777344
2016-12-27,8.811261391158933,8.92926980839343,8.811261391158933,8.874198913574219
2016-12-28,8.8505975302371,8.889933669315266,8.819128769029456,8.874198913574219
2016-12-29,8.874200445700598,8.921403970798952,8.866333816746355,8.905669212341309
2016-12-30,8.882067367442842,8.984341041326008,8.866333360070184,8.952872276306152
2017-01-03,8.93713196683516,9.007936831713875,8.90566322136396,8.976468086242676
2017-01-04,9.0394086031833,9.094479488898774,8.992205844312123,9.055143356323242
2017-01-05,9.10234759495538,9.10234759495538,9.023676067289077,9.047277450561523
2017-01-06,9.047275753878276,9.063010506625384,8.96860349069135,8.992205619812012
2017-01-09,9.015810131352074,9.094482421875,9.015810131352074,9.094482421875
2017-01-10,9.063007600985774,9.125945091247559,9.063007600985774,9.125945091247559
2017-01-11,9.063013076782227,9.125950605070337,9.000074798219597,9.063013076782227
2017-01-12,9.141683948934295,9.1574187050023,9.07087904717721,9.110215187072754
2017-01-13,9.141681591678294,9.157416343688965,9.078744084184152,9.157416343688965
2017-01-17,9.181015089602202,9.196749086828296,9.133811597375805,9.16528034210205
2017-01-18,9.1574187050023,9.165285332761837,9.086613803245214,9.110215187072754
2017-01-19,9.125950315509902,9.14168432194544,9.031543275798692,9.078746795654297
2017-01-20,9.030314491681198,9.101419448852539,8.998712372211042,9.101419448852539
2017-01-23,9.148821086699696,9.172522484921672,9.046114023132652,9.117218971252441
2017-01-24,9.061916145196935,9.133021098712133,9.038213991722587,9.077716827392578
2017-01-25,9.077716821501802,9.109318939326503,9.030314021491712,9.093518257141113
2017-01-26,9.061916145196935,9.101418980866924,9.061916145196935,9.077716827392578
2017-01-27,9.093518312582592,9.148821830749512,9.077716876846942,9.148821830749512
2017-01-30,9.156722331372814,9.1962251663208,9.117219496424827,9.1962251663208
2017-01-31,9.18042495528412,9.212027076766265,9.148822833801976,9.204126358032227
2017-02-01,9.196228521246155,9.196228521246155,9.125123543090373,9.172526359558105
2017-02-02,9.140920639038086,9.17252275541728,9.133020675033702,9.140920639038086
2017-02-03,9.204124385118593,9.204124385118593,9.140920155702196,9.16462230682373
2017-02-06,9.172528252269348,9.219931831972787,9.172528252269348,9.188329696655273
2017-02-07,9.196226392752196,9.204126358032227,9.164624271270052,9.204126358032227
2017-02-08,9.219923973083496,9.25942679692251,9.219923973083496,9.219923973083496
2017-02-09,9.227824688542038,9.235724650546883,9.180421149244482,9.219923973083496
2017-02-10,9.219930142537534,9.219930142537534,9.101422345175497,9.156725883483887
2017-02-13,9.172526359558105,9.172526359558105,9.133024263653056,9.172526359558105
2017-02-14,9.18832419033382,9.18832419033382,9.069815688821427,9.140920639038086
2017-02-15,9.109319158741618,9.117219876751577,9.046114921569824,9.046114921569824
2017-02-16,9.045085262690504,9.076822374758201,9.013348150622807,9.068888664245605
2017-02-17,9.068886428481235,9.076820137037924,9.029214859008789,9.029214859008789
2017-02-21,9.045082528438975,9.09268856048584,9.045082528438975,9.09268856048584
2017-02-22,9.084754095699328,9.09268856048584,9.053016993225487,9.09268856048584
2017-02-23,9.108556521596737,9.124425450800782,9.07681941986084,9.07681941986084
2017-02-24,9.116490576209324,9.1402939689449,9.09268794014591,9.132359504699707
2017-02-27,9.108559608459473,9.12442854304145,9.068888785349424,9.108559608459473
2017-02-28,9.116490696883961,9.15616226196289,9.10062252485569,9.15616226196289
2017-03-01,9.140297477623427,9.148231188241969,9.076822495967965,9.108559608459473
2017-03-02,9.11649227142334,9.11649227142334,9.076820699492602,9.11649227142334
2017-03-03,9.116493954010933,9.116493954010933,9.045085262690504,9.068888664245605
2017-03-06,9.09269130912827,9.09269130912827,9.037151552177908,9.068888664245605
2017-03-07,9.053022384643555,9.053022384643555,9.021285263269055,9.053022384643555
2017-03-08,9.013345810198118,9.029214740447625,8.973674997918833,9.005412101745605
2017-03-09,8.989547311224548,8.989547311224548,8.870533306235705,8.92607307434082
2017-03-10,8.926069993228998,8.949872634676023,8.894332885742188,8.894332885742188
2017-03-13,8.926070960165795,8.926070960165795,8.878464915442382,8.910202026367188
2017-03-14,8.886397256444008,8.910199894775191,8.870529083113963,8.878462791442871
2017-03-15,8.878464915442382,8.989545182015403,8.838794094290686,8.910202026367188
2017-03-16,8.957808071090598,8.957808071090598,8.862596738316187,8.910202026367188
2017-03-17,8.910201061149428,8.941938925308566,8.894332885742188,8.894332885742188
2017-03-20,8.902268108230952,8.997479438781738,8.902268108230952,8.997479438781738
2017-03-21,8.973675635466249,8.989543810170892,8.9340040636962,8.981609344482422
2017-03-22,9.004479098739562,9.020415834449127,8.972604867378816,8.988541603088379
2017-03-23,8.996512031984402,9.036355018615723,8.996512031984402,9.036355018615723
2017-03-24,9.020415189159348,9.060258165495455,9.004478454589844,9.004478454589844
2017-03-27,9.03635326608584,9.076196244989926,9.03635326608584,9.04432201385498
2017-03-28,9.04432445794917,9.076198697697654,9.012450218200684,9.012450218200684
2017-03-29,9.036352702024297,9.084163665771484,9.036352702024297,9.084163665771484
2017-03-30,9.068227497220787,9.084164232817452,9.03635326608584,9.04432201385498
2017-03-31,9.036353227240399,9.076196205973208,9.02041573177063,9.052289962768555
2017-04-03,9.036354223785413,9.124008178710938,9.02838547517172,9.124008178710938
2017-04-04,9.124005997457305,9.124005997457305,9.060257543671346,9.10010051727295
2017-04-05,9.092134782187502,9.108072280883789,9.052291795388554,9.108072280883789
2017-04-06,9.116038631792797,9.131976127624512,9.060258916265054,9.131976127624512
2017-04-07,9.131976127624512,9.171819107262168,9.131976127624512,9.131976127624512
2017-04-10,9.171823110151266,9.211666107177734,9.124011361731112,9.211666107177734
2017-04-11,9.219629970840884,9.227598718666822,9.187755739478748,9.195724487304688
2017-04-12,9.211663359564378,9.22760009765625,9.187757112513967,9.22760009765625
2017-04-13,9.243537595689856,9.243537595689856,9.203694610547574,9.22760009765625
2017-04-17,9.251504898071289,9.267442394921934,9.187756430552065,9.251504898071289
2017-04-18,9.251508344262243,9.283382589895025,9.211666107177734,9.211666107177734
2017-04-19,9.202620145574404,9.250634151688105,9.194617684029332,9.21862506866455
2017-04-20,9.226629257202148,9.234631720906984,9.21062509294942,9.226629257202148
2017-04-21,9.250633822831182,9.258635520935059,9.210622279684952,9.258635520935059
2017-04-24,9.242631871125921,9.242631871125921,9.194617864072043,9.210622787475586
2017-04-25,9.210624286595763,9.210624286595763,9.162610271727129,9.186616897583008
2017-04-26,9.186613547437831,9.242630004882812,9.178611850508489,9.242630004882812
2017-04-27,9.218622614346984,9.258633385106616,9.218622614346984,9.234626770019531
2017-04-28,9.250633643070554,9.266637802124023,9.21862456180692,9.266637802124023
2017-05-01,9.258633982846375,9.282641362639918,9.218623209503637,9.250632286071777
2017-05-02,9.258636113441893,9.274641036987305,9.226627029507828,9.274641036987305
2017-05-03,9.274640954776254,9.290645115023047,9.210622787475586,9.210622787475586
2017-05-04,9.218624740945538,9.274640443456235,9.218624740945538,9.258635520935059
2017-05-05,9.266636621984032,9.306648159257135,9.21062092769565,9.242630004882812
2017-05-08,9.226629257202148,9.258638348864547,9.226629257202148,9.226629257202148
2017-05-09,9.218625249177357,9.250634332827692,9.202620325773815,9.210622787475586
2017-05-10,9.218626749600014,9.250635838460145,9.186616897583008,9.186616897583008
2017-05-11,9.194621644243552,9.210626574227181,9.162612547433366,9.178617477416992
2017-05-12,9.202620407346469,9.274641036987305,9.202620407346469,9.274641036987305
2017-05-15,9.266640299002242,9.290646925629332,9.258637835740911,9.282645225524902
2017-05-16,9.290644602820702,9.306649525341879,9.250633822831182,9.258635520935059
2017-05-17,9.298647659148664,9.314652582694077,9.2666385752146,9.274641036987305
2017-05-18,9.274640263229106,9.298646883387658,9.210622100701837,9.266637802124023
2017-05-19,9.234629228597958,9.274640773166587,9.21862506866455,9.21862506866455
2017-05-22,9.217583043278706,9.281873010414648,9.217583043278706,9.241691589355469
2017-05-23,9.241688649808145,9.30597859649508,9.241688649808145,9.297942161560059
2017-05-24,9.31401538848877,9.31401538848877,9.281870413913005,9.31401538848877
2017-05-25,9.322050338046376,9.322050338046376,9.24168753121632,9.281868934631348
2017-05-26,9.273833623151612,9.322051466365123,9.273833623151612,9.297942161560059
2017-05-30,9.297942339935219,9.322051645202805,9.273833801064265,9.305978775024414
2017-05-31,9.402413446329499,9.402413446329499,9.330087065247511,9.346159934997559
2017-06-01,9.354197492483486,9.378306033605245,9.346161056643998,9.36223316192627
2017-06-02,9.3863445579946,9.410453104480737,9.362235245111588,9.370271682739258
2017-06-05,9.410452323976997,9.410452323976997,9.354198798042724,9.378307342529297
2017-06-06,9.402409735289066,9.41848259869531,9.394373303585946,9.410446166992188
2017-06-07,9.43456200444677,9.43456200444677,9.386344909667969,9.386344909667969
2017-06-08,9.442595733619685,9.442595733619685,9.378305781425924,9.402414321899414
2017-06-09,9.410453104480737,9.418489542108409,9.370271682739258,9.370271682739258
2017-06-12,9.354197240952434,9.402414321899414,9.354197240952434,9.402414321899414
2017-06-13,9.370271682739258,9.3863445579946,9.354199573880791,9.370271682739258
2017-06-14,9.402416666853068,9.426525213339204,9.354199573880791,9.370271682739258
2017-06-15,9.354197240952434,9.402414321899414,9.354197240952434,9.402414321899414
2017-06-16,9.418487014848829,9.418487014848829,9.370269168417957,9.394377708435059
2017-06-19,9.43456200444677,9.43456200444677,9.386344909667969,9.386344909667969
2017-06-20,9.418486595153809,9.418486595153809,9.386341621097857,9.418486595153809
2017-06-21,9.449957847595215,9.45802802189853,9.401537571389516,9.449957847595215
2017-06-22,9.474171082877165,9.498381614685059,9.433820966145138,9.498381614685059
2017-06-23,9.498380845561135,9.5225906057942,9.466100139097847,9.490310668945312
2017-06-26,9.514520645141602,9.522590821940602,9.474170530761015,9.514520645141602
2017-06-27,9.530659789758197,9.530659789758197,9.458029747009277,9.458029747009277
2017-06-28,9.506449262432342,9.506449262432342,9.458029747009277,9.458029747009277
2017-06-29,9.425746144618891,9.441885720272927,9.377325878428744,9.417675971984863
2017-06-30,9.409607846952795,9.417678021342955,9.377327919006348,9.377327919006348
2017-07-03,9.385400036049313,9.417679970677277,9.385400036049313,9.4096097946167
2017-07-05,9.409608582402312,9.417678757423232,9.336978546442536,9.353118896484375
2017-07-06,9.345050042189301,9.345050042189301,9.312770107157784,9.336979866027832
2017-07-07,9.34505173806965,9.369261501333131,9.304701619554182,9.312771797180176
2017-07-10,9.35311816545006,9.377327919006348,9.33697781666974,9.377327919006348
2017-07-11,9.377329859988734,9.4096097946167,9.353120101421348,9.4096097946167
2017-07-12,9.409611331339088,9.441891271238822,9.401541153960535,9.425751686096191
2017-07-13,9.449957118688808,9.474166870117188,9.409607019898758,9.474166870117188
2017-07-14,9.498381614685059,9.52259137687849,9.449961320683734,9.498381614685059
2017-07-17,9.538729753177629,9.538729753177629,9.433819770812988,9.433819770812988
2017-07-18,9.490310668945312,9.506450252562555,9.458030732096427,9.490310668945312
2017-07-19,9.514522738999808,9.52259291757481,9.458033028203966,9.506452560424805
2017-07-20,9.521848678588867,9.529952565070918,9.505640905624766,9.521848678588867
2017-07-21,9.56236743927002,9.56236743927002,9.497537892386493,9.56236743927002
2017-07-24,9.481329221672409,9.51374399204553,9.46512222290039,9.46512222290039
2017-07-25,9.651506697278855,9.651506697278855,9.44891419474041,9.481328964233398
2017-07-26,9.521847801378168,9.529951687113641,9.46512214688803,9.505640029907227
2017-07-27,9.627197124473136,9.627197124473136,9.448915481567383,9.448915481567383
2017-07-28,9.481327355255317,9.546156883239746,9.465120359673678,9.546156883239746
2017-07-31,9.724442999306577,9.724442999306577,9.546161327927088,9.716339111328125
2017-08-01,9.716334155990213,9.716334155990213,9.619089868331324,9.692023277282715
2017-08-02,9.74064580752661,9.74064580752661,9.651504630884286,9.692023277282715
2017-08-03,9.773060169855894,9.773060169855894,9.70822987457598,9.740645408630371
2017-08-04,9.797370230499162,9.797370230499162,9.683918189256929,9.708229064941406
2017-08-07,10.445667472675229,10.445667472675229,9.692023277282715,9.692023277282715
2017-08-08,9.692023277282715,9.724438039835679,9.675815509591784,9.692023277282715
2017-08-09,9.76495842392116,9.76495842392116,9.659610233669957,9.66771411895752
2017-08-10,9.756853797557564,9.756853797557564,9.594779968261719,9.594779968261719
2017-08-11,9.513741768293096,9.67581558227539,9.513741768293096,9.67581558227539
2017-08-14,9.805477045387827,9.805477045387827,9.610987663269043,9.610987663269043
2017-08-15,9.724439770312383,9.724439770312383,9.635299350636307,9.66771411895752
2017-08-16,9.700127233994415,9.732541996790873,9.651504703385273,9.67581558227539
2017-08-17,9.724437641603176,9.7487485193151,9.683918996864055,9.740645408630371
2017-08-18,9.813580482113261,9.813580482113261,9.724440059783705,9.7325439453125
2017-08-21,9.764956987733374,9.821682630745274,9.756853103637695,9.756853103637695
2017-08-22,9.878089386536617,9.878089386536617,9.788583963892707,9.812994956970215
2017-08-23,9.82926817636841,9.845542171753415,9.796720961585208,9.812994956970215
2017-08-24,9.85367957361702,9.869953570951134,9.772311914907162,9.780448913574219
2017-08-25,9.69908097435109,9.772312414121796,9.69908097435109,9.764175415039062
2017-08-28,9.796723365783691,9.829270588554255,9.772313142702519,9.796723365783691
2017-08-29,9.86181643437981,9.959458089058396,9.837406214706887,9.886226654052734
2017-08-30,9.951325618484535,9.951325618484535,9.845547693109273,9.86995792388916
2017-08-31,9.943190112873792,9.943190112873792,9.821137398153784,9.902505874633789
2017-09-01,9.821131178675907,9.86181539115161,9.796720961585208,9.812994956970215
2017-09-05,9.861818399807767,10.122196197509766,9.74790272531962,10.122196197509766
2017-09-06,9.910639767474528,9.910639767474528,9.764176866166176,9.82927131652832
2017-09-07,9.886226654052734,9.886226654052734,9.804858996480693,9.886226654052734
2017-09-08,9.886228514328208,9.886228514328208,9.821134065627103,9.837408065795898
2017-09-11,9.902499603627314,9.902499603627314,9.804857959277712,9.812994956970215
2017-09-12,9.796723193813397,9.95945930480957,9.796723193813397,9.95945930480957
2017-09-13,9.959459530676618,10.008280753076162,9.869954861595627,9.926912307739258
2017-09-14,9.9431869926556,9.951323216960574,9.82927131652832,9.82927131652832
2017-09-15,9.894368618626839,9.91877885055135,9.878095389339594,9.910642623901367
2017-09-18,9.926912057480878,9.935049057006836,9.869954612773151,9.935049057006836
2017-09-19,10.008280526101915,10.008280526101915,9.93504908215689,9.95945930480957
2017-09-20,10.008281299008665,10.122196197509766,9.967597074120965,10.122196197509766
2017-09-21,10.113209541886356,10.211237326736356,10.088702790437752,10.137716293334961
2017-09-22,10.129547299335034,10.178561582172515,10.056027043662205,10.11320972442627
2017-09-25,10.12138004919905,10.145886803869121,10.072365760803223,10.072365760803223
2017-09-26,10.113210875022805,10.170393562292638,9.957999610925137,10.064196586608887
2017-09-27,10.056027402661801,10.056027402661801,9.819126715110425,9.86814022064209
2017-09-28,9.843638217402312,9.876314163208008,9.80279309038119,9.876314163208008
2017-09-29,9.892646202212472,9.90898455548643,9.835463523864746,9.835463523864746
2017-10-02,9.85997085720284,9.900815963745117,9.85997085720284,9.900815963745117
2017-10-03,9.941661070287394,9.941661070287394,9.843633282019296,9.900815963745117
2017-10-04,9.925322716048239,9.925322716048239,9.83546410489972,9.900815963745117
2017-10-05,9.892646197306933,9.90081537393986,9.851801872253418,9.851801872253418
2017-10-06,9.892648876168707,9.925324812493276,9.851804540054825,9.884480476379395
2017-10-09,9.966169361486466,9.966169361486466,9.917155849311948,9.958000183105469
2017-10-10,9.966168403625488,9.990675157357371,9.933492472297758,9.966168403625488
2017-10-11,9.998847948717781,10.015186309814453,9.941665242991304,10.015186309814453
2017-10-12,10.023351669311523,10.023351669311523,9.949830630515692,10.023351669311523
2017-10-13,9.990675157357371,10.04785862147264,9.957999226029642,9.966168403625488
2017-10-16,9.990678768169445,10.015186309814453,9.941665242991304,10.015186309814453
2017-10-17,10.007013524948043,10.129548072814941,9.990675169736107,10.129548072814941
2017-10-18,10.08053435323911,10.08053435323911,9.99067495957503,10.023351669311523
2017-10-19,10.047859009841371,10.072365764520487,10.039689831929772,10.064196586608887
2017-10-20,10.031523692146076,10.064199634632965,10.007016930044887,10.04786205291748
2017-10-23,10.063440598015369,10.11265013663782,9.981423657415931,9.99782657623291
2017-10-24,10.006028426727157,10.038835046532629,9.981423657415931,9.99782657623291
2017-10-25,10.006031718763948,10.022435425149347,9.883007049560547,9.883007049560547
2017-10-26,9.89940997654991,9.89940997654991,9.776385307312012,9.776385307312012
2017-10-27,9.817391627103751,9.817391627103751,9.702568054199219,9.702568054199219
2017-10-30,9.743580375509772,9.768185157212873,9.727176666259766,9.727176666259766
2017-10-31,9.75997874341011,9.768180594203784,9.694365501403809,9.694365501403809
2017-11-01,9.735373216908634,9.743575067065146,9.68616368031252,9.71897029876709
2017-11-02,9.743575290350995,9.743575290350995,9.686163902282715,9.686163902282715
2017-11-03,9.702566368041705,9.702566368041705,9.661557900404473,9.669759750366211
2017-11-06,9.67796160032795,9.694364518079965,9.669759750366211,9.669759750366211
2017-11-07,9.677962806277778,9.743576049804688,9.677962806277778,9.743576049804688
2017-11-08,9.776381462989468,9.776381462989468,9.71897007754364,9.751776695251465
2017-11-09,9.743576528963095,9.751778380350189,9.677963282209532,9.702568054199219
2017-11-10,9.686163450289689,9.694364518079965,9.653356832614197,9.669759750366211
2017-11-13,9.67796376218147,9.67796376218147,9.653358988971528,9.66156005859375
2017-11-14,9.661557900404473,9.67796160032795,9.653356832614197,9.669759750366211
2017-11-15,9.65335728307634,9.751777140695463,9.65335728307634,9.686163902282715
2017-11-16,9.677967102853565,9.727176666259766,9.677967102853565,9.727176666259766
2017-11-17,9.710769428041232,9.759978969600633,9.710769428041232,9.743576049804688
2017-11-20,9.702567352197482,9.718971053784829,9.694365501403809,9.694365501403809
2017-11-21,9.726484772070583,9.726484772070583,9.68530559539795,9.68530559539795
2017-11-22,9.710017169770433,9.718253165907704,9.635894775390625,9.635894775390625
2017-11-24,9.693545470135893,9.701780680426692,9.660601487261568,9.67707347869873
2017-11-27,9.652366276970767,9.67707347869873,9.611187083805643,9.67707347869873
2017-11-28,9.751193526533322,9.751193526533322,9.668835159990115,9.710014343261719
2017-11-29,9.71001589139433,9.734723091125488,9.652365496879053,9.734723091125488
2017-11-30,9.751195611138135,9.767666816711426,9.677073222488927,9.767666816711426
2017-12-01,9.685309474417311,9.710016676145274,9.660601487261568,9.67707347869873
2017-12-04,9.652369197332385,9.668840408325195,9.602953993497916,9.668840408325195
2017-12-05,9.668835097963763,9.718250274658203,9.635891908643332,9.718250274658203
2017-12-06,9.71825175956445,9.767666158381607,9.685308565210445,9.751194953918457
2017-12-07,9.751195869310399,9.751195869310399,9.652366276970767,9.67707347869873
2017-12-08,9.693543141209632,9.710014343261719,9.611184774666425,9.710014343261719
2017-12-11,9.710014343261719,9.734721539053643,9.64412796419819,9.710014343261719
2017-12-12,9.677071153729955,9.710014343261719,9.602948780926587,9.710014343261719
2017-12-13,9.685308879933771,9.685308879933771,9.602950498658672,9.652365684509277
2017-12-14,9.668836403420372,9.693544387817383,9.635893209652052,9.693544387817383
2017-12-15,9.726489162044977,9.726489162044977,9.619423568543903,9.635894775390625
2017-12-18,9.594716894019609,9.65236808944737,9.594716894019609,9.611188888549805
2017-12-19,9.586481383481882,9.635895794676934,9.578245386473403,9.627659797668457
2017-12-20,9.553535697778809,9.611186090998197,9.553535697778809,9.602950096130371
2017-12-21,9.577312959031126,9.60212442995042,9.560772241332408,9.569042205810547
2017-12-22,9.610393923800228,9.610393923800228,9.535958732054084,9.560770988464355
2017-12-26,9.618664675936985,9.618664675936985,9.552500236327598,9.560770988464355
2017-12-27,9.544229507446289,9.56904097517468,9.519418039717896,9.544229507446289
2017-12-28,9.511146567453519,9.52768807051495,9.478064350072938,9.49460506439209
2017-12-29,9.502874354889482,9.519415855407715,9.502874354889482,9.519415855407715
2018-01-02,9.478064350072938,9.49460506439209,9.478064350072938,9.49460506439209
2018-01-03,9.527688791874807,9.6186646993738,9.502876535404077,9.544229507446289
2018-01-04,9.527689044008548,9.585582733154297,9.527689044008548,9.585582733154297
2018-01-05,9.618664553539165,9.676558240275096,9.593853086186956,9.635205268859863
2018-01-08,9.701369707627304,9.701369707627304,9.618664553539165,9.635205268859863
2018-01-09,9.651746772922886,9.651746772922886,9.618664553539165,9.635205268859863
2018-01-10,9.602123914534717,9.602123914534717,9.560771728136379,9.593853950500488
2018-01-11,9.626934959239293,9.626934959239293,9.552499771118164,9.552499771118164
2018-01-12,9.585582692667389,9.585582692667389,9.511147499084473,9.511147499084473
2018-01-16,9.527688768659662,9.569040951858776,9.50287651224939,9.560770988464355
2018-01-17,9.535959243774414,9.56904146535437,9.519418527355624,9.535959243774414
2018-01-18,9.535958033303388,9.535958033303388,9.486335101603652,9.49460506439209
2018-01-19,9.527689003766167,9.527689003766167,9.46979452612259,9.511147499084473
2018-01-22,9.494605994402777,9.527689003766167,9.486336030804285,9.511147499084473
2018-01-23,9.526929534086106,9.526929534086106,9.485399605338745,9.493705749511719
2018-01-24,9.526928215541044,9.526928215541044,9.485398292541504,9.485398292541504
2018-01-25,9.468784755890283,9.477090897816623,9.427255630493164,9.427255630493164
2018-01-26,9.443867920335155,9.443867920335155,9.277749028356002,9.302666664123535
2018-01-29,9.327583904953505,9.327583904953505,9.186383446837787,9.19468879699707
2018-01-30,9.194689551890967,9.194689551890967,9.144854278374437,9.186384201049805
2018-01-31,9.26113445711634,9.26113445711634,9.161463146531332,9.169769287109375
2018-02-01,9.194691377666128,9.202997522274018,9.136549949645996,9.136549949645996
2018-02-02,9.119936000988496,9.119936000988496,8.98704087991373,8.995347023010254
2018-02-05,8.937203020253515,8.962120650217617,8.754471885576692,8.80430793762207
2018-02-06,8.804309160090751,8.887368202209473,8.771085384819806,8.887368202209473
2018-02-07,8.837534529192675,8.978735797588872,8.837534529192675,8.953817367553711
2018-02-08,8.90398236061872,8.945512286480763,8.83753479608643,8.912287712097168
2018-02-09,8.85414691949799,8.903982992492566,8.85414691949799,8.879064559936523
2018-02-12,8.879062718048921,8.887368860511229,8.829227447509766,8.829227447509766
2018-02-13,8.829226855226235,8.887368264327446,8.812614571416008,8.837532997131348
2018-02-14,8.829228958451575,8.854146597985297,8.779392887266653,8.845840454101562
2018-02-15,8.837534276328457,8.870758056640625,8.7876982098015,8.870758056640625
2018-02-16,8.895676289556087,8.895676289556087,8.829228724482,8.862452507019043
2018-02-20,8.862451891225428,8.87912589319458,8.829103092189037,8.837440490722656
2018-02-21,8.837442777888638,8.862454184864463,8.81243057581452,8.829105377197266
2018-02-22,8.820765693655417,8.845777094158189,8.804091691686265,8.837440490722656
2018-02-23,8.820769533613792,8.862455749331122,8.820769533613792,8.854118347167969
2018-02-26,8.862453081913618,8.887464485776722,8.837441678050514,8.870790481567383
2018-02-27,8.862451691932895,8.895800490219361,8.820765495300293,8.820765495300293
2018-02-28,8.854111502084354,8.854111502084354,8.762402534484863,8.762402534484863
2018-03-01,8.795758214565032,8.804095616815715,8.737397193908691,8.737397193908691
2018-03-02,8.72905864520826,8.754070051298743,8.720721244812012,8.720721244812012
2018-03-05,8.729056022384178,8.770742216741686,8.729056022384178,8.754067420959473
2018-03-06,8.75406956086012,8.79575576540767,8.75406956086012,8.787418365478516
2018-03-07,8.762403358792175,8.804089546203613,8.762403358792175,8.804089546203613
2018-03-08,8.787418365478516,8.804093165336823,8.779080965549362,8.787418365478516
2018-03-09,8.770746802911424,8.770746802911424,8.737397193908691,8.737397193908691
2018-03-12,8.729058069957288,8.779080878841715,8.712383270263672,8.712383270263672
2018-03-13,8.71238174042383,8.754067937239824,8.679032941990648,8.704044342041016
2018-03-14,8.687370340373462,8.71238174042383,8.687370340373462,8.704044342041016
2018-03-15,8.695705789458174,8.712379787387952,8.6790309964305,8.687368392944336
2018-03-16,8.662361560087568,8.70404697441244,8.662361560087568,8.670698165893555
2018-03-19,8.645683529679346,8.704043724019089,8.629009529195713,8.679032325744629
2018-03-20,8.687369860133687,8.687369860133687,8.612334869032463,8.637346267700195
2018-03-21,8.620607643690182,8.654085699079706,8.578759874908329,8.612237930297852
2018-03-22,8.587129588300659,8.620607643690182,8.587129588300659,8.612237930297852
2018-03-23,8.645719143351016,8.645719143351016,8.570393291668484,8.578763008117676
2018-03-26,8.528543748928676,8.637347645791388,8.528543748928676,8.628978729248047
2018-03-27,8.587133267451103,8.628981054162608,8.562024116516113,8.562024116516113
2018-03-28,8.587129588300659,8.612237930297852,8.545281819518804,8.612237930297852
2018-03-29,8.562019501819348,8.628976403377886,8.562019501819348,8.587128639221191
2018-04-02,8.60386821690552,8.612237930297852,8.570390161515997,8.612237930297852
2018-04-03,8.612239152751746,8.612239152751746,8.5620216634495,8.603869438171387
2018-04-04,8.595499297120403,8.645715981088074,8.570390156956767,8.637346267700195
2018-04-05,8.587131212382463,8.64571762084961,8.587131212382463,8.64571762084961
2018-04-06,8.63734954087975,8.66245869055866,8.628980622500215,8.654088973999023
2018-04-09,8.679191059922076,8.695930480957031,8.612234972141309,8.695930480957031
2018-04-10,8.662456088711782,8.670825004577637,8.620608316663056,8.670825004577637
2018-04-11,8.67040299886235,8.720812672657065,8.67040299886235,8.712410926818848
2018-04-12,8.737620774449647,8.737620774449647,8.67040836858735,8.678810119628906
2018-04-13,8.662003517150879,8.687207957687624,8.662003517150879,8.662003517150879
2018-04-16,8.620000613901514,8.704015731811523,8.620000613901514,8.704015731811523
2018-04-17,8.645201804782857,8.687209748493547,8.645201804782857,8.653603553771973
2018-04-18,8.628399108039511,8.670406250515319,8.628399108039511,8.653603553771973
2018-04-19,8.603194115265188,8.628399362977255,8.594792366027832,8.594792366027832
2018-04-20,8.56105152612464,8.729742846433952,8.56105152612464,8.645397186279297
2018-04-23,8.670703345934463,8.670703345934463,8.62009657710038,8.628530502319336
2018-04-24,8.628531521495532,8.645400982686189,8.611662864685059,8.611662864685059
2018-04-25,8.561052322387695,8.603225156387516,8.561052322387695,8.561052322387695
2018-04-26,8.561051030142282,8.59478913137357,8.561051030142282,8.586355209350586
2018-04-27,8.603227117902295,8.645399961517422,8.594792388303253,8.628530502319336
2018-04-30,8.586359927855034,8.65383616739816,8.586359927855034,8.636966705322266
2018-05-01,8.679135289465194,8.679135289465194,8.62009380998483,8.645397186279297
2018-05-02,8.704438665759659,8.704438665759659,8.645397186279297,8.645397186279297
2018-05-03,8.611661438635196,8.687572392662291,8.611661438635196,8.670702934265137
2018-05-04,8.653833847967718,8.70444061187115,8.653833847967718,8.679137229919434
2018-05-07,8.679136736369516,8.729744301775096,8.679136736369516,8.704440116882324
2018-05-08,8.687571464667107,8.712874845179915,8.670702008071927,8.704440116882324
2018-05-09,8.670702068860281,8.696006253930454,8.670702068860281,8.68757152557373
2018-05-10,8.704441046679396,8.72131050507655,8.670702934265137,8.670702934265137
2018-05-11,8.687571464667107,8.729744301775096,8.679136736369516,8.704440116882324
2018-05-14,8.746613888292233,8.746613888292233,8.670702934265137,8.670702934265137
2018-05-15,8.670704825093829,8.687574287169722,8.636966705322266,8.636966705322266
2018-05-16,8.645399961517422,8.662269420715507,8.628530502319336,8.628530502319336
2018-05-17,8.679139100687317,8.679139100687317,8.611662864685059,8.611662864685059
2018-05-18,8.620097595280386,8.63696625209086,8.611662864685059,8.611662864685059
2018-05-21,8.611659481615261,8.636962859080692,8.59479002705173,8.603224754333496
2018-05-22,8.594791612290996,8.66226863861084,8.594791612290996,8.66226863861084
2018-05-23,8.611463993896997,8.704606380889222,8.611463993896997,8.66226863861084
2018-05-24,8.67073719347956,8.696140325837124,8.67073719347956,8.68767261505127
2018-05-25,8.687670458268544,8.713072776794434,8.687670458268544,8.713072776794434
2018-05-29,8.721539921585572,8.78081226348877,8.721539921585572,8.78081226348877
2018-05-30,8.780812967335201,8.806215286254883,8.763878357230466,8.806215286254883
2018-05-31,8.823149005283916,8.823149005283916,8.772343569700276,8.789278984069824
2018-06-01,8.789278984069824,8.797746691254599,8.763876670040505,8.789278984069824
2018-06-04,8.780815161186919,8.797750583048058,8.772347450256348,8.772347450256348
2018-06-05,8.780809340341994,8.797744750976562,8.755407031914968,8.797744750976562
2018-06-06,8.755409946605269,8.78081226348877,8.746942238469073,8.78081226348877
2018-06-07,8.7384716212804,8.797744750976562,8.7384716212804,8.797744750976562
2018-06-08,8.797744750976562,8.814679354086305,8.780809340341994,8.797744750976562
2018-06-11,8.797750583048058,8.81468519738384,8.755412835920566,8.772347450256348
2018-06-12,8.780809340341994,8.797744750976562,8.755407031914968,8.797744750976562
2018-06-13,8.76387892765884,8.780813538865825,8.738475799560547,8.738475799560547
2018-06-14,8.755412835920566,8.772347450256348,8.730010510654216,8.772347450256348
2018-06-15,8.738476681304565,8.772346714661353,8.738476681304565,8.755412101745605
2018-06-18,8.75541235652929,8.75541235652929,8.704606901253012,8.730010032653809
2018-06-19,8.721540620680893,8.806215286254883,8.721540620680893,8.806215286254883
2018-06-20,8.806215286254883,8.823150703884776,8.797748384965095,8.806215286254883
2018-06-21,8.763715642108268,8.831717247754787,8.763715642108268,8.789216041564941
2018-06-22,8.80621664838196,8.814717052338064,8.755215845931616,8.772215843200684
2018-06-25,8.7552197681157,8.780720180764607,8.746719360351562,8.746719360351562
2018-06-26,8.729715444706443,8.780716247156787,8.729715444706443,8.772215843200684
2018-06-27,8.755215340553121,8.80621614005954,8.755215340553121,8.763715744018555
2018-06-28,8.7552197681157,8.780720180764607,8.746719360351562,8.746719360351562
2018-06-29,8.814716746383938,8.814716746383938,8.755215542042745,8.780715942382812
2018-07-02,8.79771223633823,8.823212623596191,8.78921183703801,8.823212623596191
2018-07-03,8.840216086176985,8.840216086176985,8.797715694256617,8.806215286254883
2018-07-05,8.80621664838196,8.80621664838196,8.746715441975512,8.772215843200684
2018-07-06,8.746712477774977,8.789213672508996,8.72971248626709,8.72971248626709
2018-07-09,8.755213737487793,8.772213730662898,8.729713342403665,8.755213737487793
2018-07-10,8.755213737487793,8.772213730662898,8.755213737487793,8.755213737487793
2018-07-11,8.7552197681157,8.780720180764607,8.746719360351562,8.746719360351562
2018-07-12,8.763714139396818,8.772213730662898,8.746713335578768,8.755213737487793
2018-07-13,8.738218952587426,8.763720175879836,8.738218952587426,8.746719360351562
2018-07-16,8.746714937087686,8.772215336840896,8.746714937087686,8.763715744018555
2018-07-17,8.76371682996062,8.831718444824219,8.755216425441871,8.831718444824219
2018-07-18,8.83171649417872,8.840216086176985,8.806215286254883,8.806215286254883
2018-07-19,8.806217231267974,8.840218038699774,8.806217231267974,8.831718444824219
2018-07-20,8.80621583461838,8.848717039828315,8.80621583461838,8.840216636657715
2018-07-23,8.840213463413981,8.840213463413981,8.763416923230753,8.789015769958496
2018-07-24,8.831680358261414,8.831680358261414,8.771948635592407,8.797548294067383
2018-07-25,8.831680358261414,8.831680358261414,8.789015074575724,8.797548294067383
2018-07-26,8.797548990125298,8.814614616686239,8.789015769958496,8.789015769958496
2018-07-27,8.831681057019845,8.848746683580785,8.789015769958496,8.789015769958496
2018-07-30,8.814614616686239,8.848746683580785,8.763416923230753,8.789015769958496
2018-07-31,8.77195225945813,8.806084337752795,8.754886627197266,8.754886627197266
2018-08-01,8.77195225945813,8.78901870549193,8.746353404180367,8.754886627197266
2018-08-02,8.746352195739746,8.789017491156457,8.746352195739746,8.746352195739746
2018-08-03,8.754883010381691,8.797548294067383,8.754883010381691,8.797548294067383
2018-08-06,8.771951603457085,8.806083679199219,8.754885972472456,8.806083679199219
2018-08-07,8.780485153198242,8.814617230212919,8.780485153198242,8.780485153198242
2018-08-08,8.780481855084066,8.80608069978644,8.780481855084066,8.797548294067383
2018-08-09,8.797548990125298,8.831681057019845,8.789015769958496,8.789015769958496
2018-08-10,8.797552148054383,8.840216636657715,8.797552148054383,8.840216636657715
2018-08-13,8.823151003970974,8.857283083117414,8.823151003970974,8.840216636657715
2018-08-14,8.823150379608427,8.848749233713537,8.806083934356419,8.814617156982422
2018-08-15,8.823151763956044,8.865817070007324,8.814618539991182,8.865817070007324
2018-08-16,8.865816306347263,8.865816306347263,8.840216636657715,8.840216636657715
2018-08-17,8.857282011694533,8.857282011694533,8.831683158874512,8.831683158874512
2018-08-20,8.874348270379983,8.891414715983077,8.857282638549805,8.857282638549805
2018-08-21,8.848749233713537,8.865815678965543,8.814617156982422,8.814617156982422
2018-08-22,8.806081396519437,8.823147836853042,8.678086349108057,8.789015769958496
2018-08-23,8.814717292785645,8.823283783629504,8.763319164668017,8.814717292785645
2018-08-24,8.848984946835692,8.848984946835692,8.780454634555797,8.806153297424316
2018-08-27,8.848984946835692,8.848984946835692,8.789021127827224,8.806153297424316
2018-08-28,8.848981103437836,8.857547592988562,8.780450820922852,8.780450820922852
2018-08-29,8.780450820922852,8.806149472629619,8.780450820922852,8.780450820922852
2018-08-30,8.780452146355737,8.814717292785645,8.780452146355737,8.814717292785645
2018-08-31,8.823281288146973,8.823281288146973,8.797582639829255,8.823281288146973
2018-09-04,8.814717084249734,8.883247375488281,8.806150593608537,8.883247375488281
2018-09-05,8.891813872942473,8.977476328583537,8.883247382294712,8.90894603729248
2018-09-06,8.900380363590234,8.90894603729248,8.874680891646953,8.90894603729248
2018-09-07,8.891813866129478,8.900380356770675,8.840415739227812,8.883247375488281
2018-09-10,8.806153431243178,8.857551574707031,8.806153431243178,8.857551574707031
2018-09-11,8.88325010297564,8.88325010297564,8.797587621098652,8.806153297424316
2018-09-12,8.857547805779463,8.857547805779463,8.737619400024414,8.737619400024414
2018-09-13,8.737618813552835,8.76331746415208,8.729052324371297,8.746185302734375
2018-09-14,8.746186477979728,8.754752968312365,8.720487823927298,8.729053497314453
2018-09-17,8.711919991768157,8.720486480781368,8.669088363647461,8.669088363647461
2018-09-18,8.643390646581746,8.677655789388055,8.60912550377544,8.617691993713379
2018-09-19,8.660525177596051,8.660525177596051,8.557729721069336,8.557729721069336
2018-09-20,8.592128792438942,8.60933064558713,8.55772590637207,8.55772590637207
2018-09-21,8.566331223816807,8.592133196534983,8.531928320115934,8.540529251098633
2018-09-24,8.531924678720387,8.54912571311452,8.51472282409668,8.51472282409668
2018-09-25,8.51472425009634,8.566329002380371,8.51472425009634,8.566329002380371
2018-09-26,8.540527036353211,8.566329002380371,8.52332517884863,8.566329002380371
2018-09-27,8.54912714487579,8.600731897159823,8.53192610760092,8.566329002380371
2018-09-28,8.55772807362808,8.635134791939274,8.55772807362808,8.566329002380371
2018-10-01,8.566330214744804,8.58353125445408,8.55772928477525,8.574931144714355
2018-10-02,8.480318297382798,8.574926839083497,8.480318297382798,8.523322105407715
2018-10-03,8.523323020305199,8.55772590637207,8.506121987386514,8.55772590637207
2018-10-04,8.48032080345853,8.514723695999209,8.463119767303022,8.471720695495605
2018-10-05,8.50612433327592,8.50612433327592,8.411515755327956,8.428717613220215
2018-10-08,8.394316930724816,8.43732076656317,8.377115068297496,8.402917861938477
2018-10-09,8.394315897765633,8.420117868001617,8.359912997374375,8.368513107299805
2018-10-10,8.385713934560604,8.385713934560604,8.30830721315867,8.325509071350098
2018-10-11,8.325507552822177,8.377111477524691,8.325507552822177,8.342708587646484
2018-10-12,8.342711012261232,8.359912872314453,8.308308112384621,8.359912872314453
2018-10-15,8.385714842164452,8.385714842164452,8.359912872314453,8.359912872314453
2018-10-16,8.385715999511156,8.402917861938477,8.359914026100123,8.402917861938477
2018-10-17,8.402916080414814,8.428718048355506,8.385714221634503,8.411516189575195
2018-10-18,8.334111232459142,8.402917861938477,8.334111232459142,8.402917861938477
2018-10-19,8.385715429622488,8.428719262538324,8.385715429622488,8.42011833190918
2018-10-22,8.359913457964941,8.43732019316747,8.359913457964941,8.42011833190918
2018-10-23,8.420115731697807,8.471932190889914,8.402843304102213,8.428751945495605
2018-10-24,8.480571050430422,8.48920726776123,8.437391610966408,8.48920726776123
2018-10-25,8.420119867736439,8.506480400946128,8.420119867736439,8.480571746826172
2018-10-26,8.446024674911932,8.549656783510232,8.446024674911932,8.506477355957031
2018-10-29,8.480566940556056,8.515110969543457,8.463295337859662,8.515110969543457
2018-10-30,8.54101902215823,8.54101902215823,8.420114517211914,8.420114517211914
2018-10-31,8.463294756378067,8.480566357887792,8.411478304659772,8.420114517211914
2018-11-01,8.411483580894211,8.48057167745882,8.411483580894211,8.437392234802246
2018-11-02,8.437390713768039,8.463298539410514,8.402845848118167,8.454662322998047
2018-11-05,8.523745505701958,8.566925739339457,8.506473906403631,8.558289527893066
2018-11-06,8.489203933334442,8.566928211592806,8.489203933334442,8.541020393371582
2018-11-07,8.541017928594739,8.644649995168065,8.532381717148349,8.558289527893066
2018-11-08,8.489204792628572,8.636017150067298,8.489204792628572,8.610109329223633
2018-11-09,8.549656390897203,8.636016889227378,8.541020999939986,8.601472854614258
2018-11-12,8.627380935254484,8.627380935254484,8.592836899598007,8.610109329223633
2018-11-13,8.584199952235663,8.653288841247559,8.584199952235663,8.653288841247559
2018-11-14,8.644651150955541,8.679195177765177,8.610107124145907,8.636014938354492
2018-11-15,8.610109717957428,8.661925361984158,8.610109717957428,8.627381324768066
2018-11-16,8.584198486342757,8.679195177765177,8.584198486342757,8.636014938354492
2018-11-19,8.558292045763466,8.627380110471561,8.541020441383791,8.618743896484375
2018-11-20,8.575567245483398,8.610111289002573,8.541023201964224,8.575567245483398
2018-11-21,8.58423390242362,8.662272527760756,8.566892445085161,8.592905044555664
2018-11-23,8.644932563578095,8.688287454800957,8.601577672355234,8.670945167541504
2018-11-26,8.618919403795552,8.627590547698027,8.575565338134766,8.575565338134766
2018-11-27,8.584234237670898,8.610247665082953,8.549550494713818,8.584234237670898
2018-11-28,8.549552821440662,8.61892032623291,8.549552821440662,8.61892032623291
2018-11-29,8.662272788816708,8.662272788816708,8.610247588307812,8.65360164642334
2018-11-30,8.670945689684144,8.670945689684144,8.610249334472618,8.636261940002441
2018-12-03,8.696959157417673,8.748985200560924,8.653604259285947,8.7056303024292
2018-12-04,8.757655113057265,8.801009178161621,8.705629077235939,8.801009178161621
2018-12-06,8.636261947123732,8.861706733703613,8.636261947123732,8.861706733703613
2018-12-07,8.818351465743993,8.818351465743993,8.731641681683708,8.801009178161621
2018-12-10,8.87037462852097,9.113161637116066,8.827020573417043,8.896388053894043
2018-12-11,8.913730363967371,8.9744275353902,8.8010079906686,8.853034019470215
2018-12-12,8.88785541549713,8.88785541549713,8.76598442578865,8.774689674377441
2018-12-13,8.757279163970692,8.783394077043758,8.687638012145651,8.765983581542969
2018-12-14,8.818212874921135,8.818212874921135,8.678932253154555,8.731162071228027
2018-12-17,8.73986661548621,8.73986661548621,8.652815818786621,8.652815818786621
2018-12-18,8.67893481765125,8.696344485427376,8.652819070719707,8.687639236450195
2018-12-19,8.670232280267363,8.705052456887774,8.635412103646953,8.64411735534668
2018-12-20,8.644113704873682,8.722459276728317,8.522242723080009,8.57447338104248
2018-12-21,8.513537298238907,8.574473202959236,8.49612763273176,8.522242546081543
2018-12-24,8.557064056396484,8.583178973863593,8.539654388144497,8.557064056396484
2018-12-26,8.539653493613446,8.557063160041766,8.487422833972145,8.49612808227539
2018-12-27,8.50483512878418,8.57447546957809,8.48742462849653,8.50483512878418
2018-12-28,8.52224249237016,8.58317756652832,8.513537244582388,8.58317756652832
2018-12-31,8.661523533928012,8.661523533928012,8.574473542588038,8.617998123168945
2019-01-02,8.591882175407102,8.748573303222656,8.591882175407102,8.748573303222656
2019-01-03,8.765984207581466,8.809509619263768,8.748574541015453,8.792099952697754
2019-01-04,8.800802569190871,8.800802569190871,8.739867503417186,8.783392906188965
2019-01-07,8.792100112528864,8.879150107297766,8.792100112528864,8.835624694824219
2019-01-08,8.870444189077554,8.931380094011335,8.826919610068165,8.879149436950684
2019-01-09,8.879153294362583,8.948793647245544,8.87044804270759,8.940089225769043
2019-01-10,8.879150500659332,8.992316246032715,8.879150500659332,8.992316246032715
2019-01-11,9.027134787135319,9.053249699005871,8.983609380565678,9.035840034484863
2019-01-14,9.009726464632744,9.070661544799805,9.009726464632744,9.070661544799805
2019-01-15,9.07066008520319,9.079365332448603,9.01842943190878,9.04454517364502
2019-01-16,9.131595883906648,9.140301131846396,9.018430151224315,9.053250312805176
2019-01-17,9.053249807508244,9.053249807508244,8.992314735687295,9.027134895324707
2019-01-18,8.992320900142914,9.009731406985994,8.983615646721374,9.001026153564453
2019-01-22,9.009725173454667,9.009725173454667,8.974905014038086,8.974905014038086
2019-01-23,9.03608004442244,9.03608004442244,8.974907623128184,9.02734088897705
2019-01-24,9.027340698214646,9.027340698214646,8.966168278213063,8.992384910583496
2019-01-25,8.992382484509077,9.001121637412039,8.9399484005028,8.948687553405762
2019-01-28,8.948688946673206,8.966167255200418,8.913733163030406,8.931211471557617
2019-01-29,8.913733990228627,8.974907242339146,8.913733990228627,8.957428932189941
2019-01-30,8.974904896037772,9.001121520996094,8.94868743766797,9.001121520996094
2019-01-31,9.027338145954415,9.132205479199179,8.966165743247839,9.001121520996094
2019-02-01,9.01860173353166,9.03608004442244,8.983645945161838,9.02734088897705
2019-02-04,9.053557521901483,9.053557521901483,9.01860173353166,9.02734088897705
2019-02-05,9.0098602410814,9.044816017150879,8.992381936340939,9.044816017150879
2019-02-06,9.018601608051593,9.071035706582654,9.009863286139518,9.053557395935059
2019-02-07,9.062293488479899,9.088510112179149,9.044816017150879,9.044816017150879
2019-02-08,9.009861898868234,9.097250938415527,9.009861898868234,9.097250938415527
2019-02-11,9.1234680080736,9.1234680080736,9.071034748492306,9.079773902893066
2019-02-12,9.07977231208692,9.114728090153958,9.027338228280616,9.062294006347656
2019-02-13,9.053554853478024,9.105988937284327,9.053554853478024,9.062294006347656
2019-02-14,9.053556439690785,9.097251378282952,9.053556439690785,9.079773902893066
2019-02-15,9.079772393780905,9.123466491699219,9.079772393780905,9.123466491699219
2019-02-19,9.08851166239147,9.14968490600586,9.08851166239147,9.14968490600586
2019-02-20,9.149685149986826,9.167229652404785,9.132139810961055,9.167229652404785
2019-02-21,9.176002672238129,9.176002672238129,9.105822986671354,9.132140159606934
2019-02-22,9.167228433012863,9.167228433012863,9.088276091114473,9.09704875946045
2019-02-25,9.088276091114473,9.114594096152402,9.079504259376195,9.09704875946045
2019-02-26,9.097050073980759,9.12336724621381,9.097050073980759,9.114595413208008
2019-02-27,9.105822743594384,9.12336724621381,9.088277404367135,9.114595413208008
2019-02-28,9.070733143887967,9.132140159606934,9.070733143887967,9.132140159606934
2019-03-01,9.140911348448627,9.158455848693848,9.132138680022164,9.158455848693848
2019-03-04,9.176000595092773,9.176000595092773,9.140910760252574,9.176000595092773
2019-03-05,9.097049969517323,9.167229652404785,9.097049969517323,9.167229652404785
2019-03-06,9.158456455742014,9.193546295166016,9.140911954333895,9.193546295166016
2019-03-07,9.202318554367027,9.228636560218831,9.158456047888414,9.219863891601562
2019-03-08,9.219863891601562,9.246181060845641,9.219863891601562,9.219863891601562
2019-03-11,9.272498230089719,9.272498230089719,9.219863891601562,9.219863891601562
2019-03-12,9.15845689176332,9.272499084472656,9.15845689176332,9.272499084472656
2019-03-13,9.27249640659426,9.281269073486328,9.219862078456982,9.281269073486328
2019-03-14,9.281273421820764,9.281273421820764,9.246183574420245,9.254956245422363
2019-03-15,9.219866992495929,9.254956842158954,9.219866992495929,9.237411499023438
2019-03-18,9.298816235941523,9.298816235941523,9.219863891601562,9.219863891601562
2019-03-19,9.290043567324254,9.290043567324254,9.219863891601562,9.219863891601562
2019-03-20,9.255090683330627,9.299120777465479,9.246284496542817,9.27270221710205
2019-03-21,9.31673235324561,9.31673235324561,9.281508445739746,9.281508445739746
2019-03-22,9.351954399764082,9.351954399764082,9.281506598771076,9.316730499267578
2019-03-25,9.360758691769679,9.360758691769679,9.281504721729434,9.299117088317871
2019-03-26,9.334342852520743,9.334342852520743,9.272700396910423,9.290312767028809
2019-03-27,9.325536684342712,9.360760584839216,9.281506598771076,9.316730499267578
2019-03-28,9.316730542789005,9.36076062856632,9.2991190123605,9.325536727905273
2019-03-29,9.36076056789429,9.36076056789429,9.272700396910423,9.290312767028809
2019-04-01,9.360761599848368,9.360761599848368,9.272701419156522,9.35195541381836
2019-04-02,9.387177448130698,9.387177448130698,9.316729653532656,9.360759735107422
2019-04-03,9.378372192382812,9.387178377530434,9.30792439080992,9.378372192382812
2019-04-04,9.34314922778835,9.369567785878377,9.307925323472436,9.35195541381836
2019-04-05,9.395983695983887,9.395983695983887,9.334342085244494,9.395983695983887
2019-04-08,9.448817108261352,9.448817108261352,9.299116205491044,9.33434009552002
2019-04-09,9.334342886219396,9.387178317157238,9.316730516037426,9.343148231506348
2019-04-10,9.404788902294962,9.422400429330201,9.351952641581494,9.413594245910645
2019-04-11,9.413594245910645,9.422400429330201,9.395982718875405,9.413594245910645
2019-04-12,9.431209408480195,9.431209408480195,9.34314922778835,9.35195541381836
2019-04-15,9.334342946252784,9.395984562678056,9.334342946252784,9.378372192382812
2019-04-16,9.343148214688949,9.351954399764082,9.246282698274571,9.316730499267578
2019-04-17,9.316732311236903,9.316732311236903,9.255090683330627,9.27270221710205
2019-04-18,9.307924148616788,9.307924148616788,9.22867016395847,9.237476348876953
2019-04-22,9.281675338745117,9.281675338745117,9.246316609270641,9.281675338745117
2019-04-23,9.29935481132814,9.343552589416504,9.26399524002772,9.343552589416504
2019-04-24,9.387750637732738,9.387750637732738,9.334712970055346,9.361231803894043
2019-04-25,9.405430696000524,9.405430696000524,9.361232076304173,9.378911018371582
2019-04-26,9.387749379505754,9.423108100891113,9.378909488404812,9.423108100891113
2019-04-29,9.423109722855994,9.449628557704997,9.414269830233474,9.431949615478516
2019-04-30,9.467310238936314,9.484989184703299,9.431951504383616,9.458470344543457
2019-05-01,9.502667441230487,9.502667441230487,9.431949983527934,9.47614860534668
2019-05-02,9.42310878054648,9.476147287959202,9.396589948349357,9.40542984008789
2019-05-03,9.45846719930596,9.484986030647459,9.42310847651115,9.467307090759277
2019-05-06,9.449628557704997,9.467308342950039,9.423109722855994,9.431949615478516
2019-05-07,9.476146595886206,9.493825535053647,9.431947983439981,9.449626922607422
2019-05-08,9.396590603959313,9.449628272054053,9.396590603959313,9.440789222717285
2019-05-09,9.47614820933165,9.502667044107218,9.467308316733607,9.484987258911133
2019-05-10,9.493829079096155,9.493829079096155,9.458470344543457,9.458470344543457
2019-05-13,9.46730871237921,9.49382754826302,9.458468819411744,9.47614860534668
2019-05-14,9.520346641540527,9.520346641540527,9.476148022440572,9.520346641540527
2019-05-15,9.529188800542684,9.564547538757324,9.529188800542684,9.564547538757324
2019-05-16,9.573386786661983,9.582226681372546,9.52918815612793,9.52918815612793
2019-05-17,9.54686733520301,9.599905014038084,9.54686733520301,9.599905014038086
2019-05-20,9.582223607575791,9.599902548307087,9.582223607575791,9.591063499450684
2019-05-21,9.591061881663867,9.591061881663867,9.546863272763163,9.555703163146973
2019-05-22,9.599905014038084,9.599905014038084,9.564546280475133,9.599905014038086
2019-05-23,9.59990197010631,9.617647112370996,9.573285102844238,9.573285102844238
2019-05-24,9.573288375541535,9.617650400233769,9.573288375541535,9.582160949707031
2019-05-28,9.61764698776684,9.626519558784231,9.59103012084961,9.59103012084961
2019-05-29,9.591028937795269,9.662007804909262,9.591028937795269,9.608773231506348
2019-05-30,9.582160712282004,9.644267037631126,9.582160712282004,9.599905014038086
2019-05-31,9.599906548403432,9.635396003723145,9.591034819175023,9.635396003723145
2019-06-03,9.608773231506348,9.635390095140384,9.591028937795269,9.608773231506348
2019-06-04,9.608774541238654,9.62651968350334,9.573285102844238,9.573285102844238
2019-06-05,9.564411228026392,9.608773231506348,9.564411228026392,9.608773231506348
2019-06-06,9.555539504238272,9.617645801429306,9.546666934315313,9.608773231506348
2019-06-07,9.564412590036778,9.626519742206955,9.564412590036778,9.617647171020508
2019-06-10,9.582157732409673,9.635391467258444,9.582157732409673,9.617647171020508
2019-06-11,9.66200918081779,9.66200918081779,9.608774599834058,9.617647171020508
2019-06-12,9.626520156860352,9.644264453862608,9.599902442154473,9.626520156860352
2019-06-13,9.626524274494736,9.644268579086912,9.599906548403432,9.635396003723145
2019-06-14,9.670882688257624,9.724117279052734,9.644265815927625,9.724117279052734
2019-06-17,9.724117100723712,9.732989673382704,9.688627656222845,9.697500228881836
2019-06-18,9.750733016863315,9.82171189890817,9.706371004051526,9.786222457885742
2019-06-19,9.768481295703818,9.812843322753906,9.768481295703818,9.812843322753906
2019-06-20,9.786124018289954,9.786124018289954,9.732697064061403,9.74160099029541
2019-06-21,9.795029748639449,9.795029748639449,9.768316268920898,9.768316268920898
2019-06-24,9.777220196022943,9.786124972331196,9.741601939996139,9.768316268920898
2019-06-25,9.768317542972605,9.768317542972605,9.723794504830545,9.75941276550293
2019-06-26,9.768317431250434,9.812840468883277,9.750507876514774,9.786126136779785
2019-06-27,9.803934524947703,9.821743228358,9.768316268920898,9.768316268920898
2019-06-28,9.821744918823244,9.84845925234593,9.768317950190582,9.821744918823242
2019-07-01,9.866267315582537,9.866267315582537,9.803935573172746,9.839553833007812
2019-07-02,9.875175084044054,9.884079864001663,9.812843322753906,9.812843322753906
2019-07-03,9.84845872914829,9.87517221204547,9.786126136779785,9.786126136779785
2019-07-05,9.786124972331196,9.857361484384805,9.768316268920898,9.768316268920898
2019-07-08,9.812840581114667,9.821744509378023,9.75941276550293,9.75941276550293
2019-07-09,9.812840790325609,9.839554274097852,9.759412973574785,9.7772216796875
2019-07-10,9.75941549221481,9.848461593377785,9.75941549221481,9.812843322753906
2019-07-11,9.866271585686224,9.973126411437988,9.830653310435636,9.973126411437988
2019-07-12,9.839555064971231,10.026551164819784,9.839555064971231,9.955314636230469
2019-07-15,9.928601833732676,10.09778925215371,9.928601833732676,10.06217098236084
2019-07-16,10.0354558279389,10.053264535278496,9.973123229234329,9.982028007507324
2019-07-17,9.982025784880268,9.9909305611705,9.946407528925548,9.964216232299805
2019-07-18,9.964218565399328,9.964218565399328,9.946409857855203,9.955314636230469
2019-07-19,9.955314957801086,9.955314957801086,9.928600621812379,9.946410179138184
2019-07-22,9.928599037455344,9.95531336918111,9.928599037455344,9.937503814697266
2019-07-23,9.982186122754864,9.982186122754864,9.910693363329122,9.946439743041992
2019-07-24,9.928566320698295,9.991123125611596,9.919630364791482,9.982186317443848
2019-07-25,10.017932697853905,10.017932697853905,9.94643993703379,9.982186317443848
2019-07-26,9.955376745201539,10.008995889686156,9.94643993703379,9.982186317443848
2019-07-29,10.017932891845703,10.03580565626636,9.991123319084242,10.017932891845703
2019-07-30,10.000058444821343,10.0447416305542,10.000058444821343,10.0447416305542
2019-07-31,10.053681373596191,10.116237340530562,10.0447445633881,10.053681373596191
2019-08-01,10.107303619384766,10.160922787977258,10.071557222902664,10.107303619384766
2019-08-02,10.21453861980183,10.277094574925695,10.160918620937828,10.23241138458252
2019-08-05,10.259220957884038,10.303904148227213,10.196665002760174,10.23241138458252
2019-08-06,10.321781320635424,10.321781320635424,10.125175726760686,10.169858932495117
2019-08-07,10.178792924972965,10.223475266070901,10.169856115848969,10.187728881835938
2019-08-08,10.250286797721087,10.250286797721087,10.160920401375593,10.20560359954834
2019-08-09,10.196665690959934,10.259221650305864,10.187728881835938,10.187728881835938
2019-08-12,10.241349915386825,10.241349915386825,10.151983519671766,10.196666717529297
2019-08-13,10.143049349958964,10.20560532663041,10.143049349958964,10.169858932495117
2019-08-14,10.169856449460704,10.268158796266306,10.160919640043543,10.241349220275879
2019-08-15,10.23241456849702,10.38433695157935,10.214541798155047,10.28603458404541
2019-08-16,10.294970512390137,10.339652860543469,10.259223270249613,10.294970512390137
2019-08-19,10.29496845850783,10.330714841255663,10.232411649503378,10.277094841003418
2019-08-20,10.23241252684591,10.321778917508398,10.23241252684591,10.268158912658691
2019-08-21,10.268155771765905,10.384331703186035,10.268155771765905,10.384331703186035
2019-08-22,10.357434432307256,10.357434432307256,10.27672701551652,10.294661521911621
2019-08-23,10.312595647559814,10.35743319098151,10.258790424412775,10.303627967834473
2019-08-26,10.330529771062213,10.348464273162197,10.30362673510488,10.312594413757324
2019-08-27,10.348464669412685,10.348464669412685,10.330530166625977,10.330530166625977
2019-08-28,10.348464669412685,10.375366851195217,10.312594808634328,10.330530166625977
2019-08-29,10.39330031230058,10.402267989659709,10.330528281196244,10.357430458068848
2019-08-30,10.402272103397037,10.491946346837024,10.348466873168947,10.348466873168945
2019-09-03,10.393300612499486,10.393300612499486,10.321560901963899,10.375365257263184
2019-09-04,10.393302374976896,10.49194427988964,10.36640019276523,10.438139915466309
2019-09-05,10.447107269418488,10.447107269418488,10.267757953566775,10.366400718688965
2019-09-06,10.420204390969397,10.420204390969397,10.312594808634328,10.330530166625977
2019-09-09,10.375366453914625,10.375366453914625,10.25878919704756,10.312594413757324
2019-09-10,10.366399630467086,10.375366453914625,10.30362673510488,10.312594413757324
2019-09-11,10.357433444320138,10.357433444320138,10.20498630608058,10.240856170654297
2019-09-12,10.249828229476288,10.285698109374145,10.070477974781603,10.142218589782715
2019-09-13,10.106343918110674,10.160148284844215,9.90905924460938,9.9180269241333
2019-09-16,9.953893938859803,10.007698290197999,9.88215423360571,9.944926261901855
2019-09-17,10.142212053981465,10.142212053981465,9.962861914862836,10.079439163208008
2019-09-18,10.204984268356394,10.339496019847365,10.124276875379868,10.18704891204834
2019-09-19,10.22291876945959,10.22291876945959,10.133244553533896,10.18704891204834
2019-09-20,10.196048278081674,10.205047644115007,10.151052306141791,10.18704891204834
2019-09-23,10.133055969780285,10.205049192516846,10.106057867583893,10.178051948547363
2019-09-24,10.223044985609455,10.223044985609455,10.14205327020729,10.214046478271484
2019-09-25,10.22304551795489,10.22304551795489,10.124055066268573,10.18704891204834
2019-09-26,10.187051731396863,10.214049836968805,10.133057236707018,10.205050468444824
2019-09-27,10.232046301138706,10.232046301138706,10.169052446634215,10.196049690246582
2019-09-30,10.22304693385895,10.241045668418462,10.142055203021847,10.196049690246582
2019-10-01,10.232048034667969,10.250046772276855,10.1870520488728,10.232048034667969
2019-10-02,10.241047084313728,10.25904496313467,10.205050468444824,10.205050468444824
2019-10-03,10.259045600891113,10.259045600891113,10.232048351867899,10.259045600891113
2019-10-04,10.28604193126042,10.28604193126042,10.196049972426101,10.241045951843262
2019-10-07,10.277042563731605,10.277042563731605,10.223047216785627,10.241045951843262
2019-10-08,10.259043868497802,10.268043236061553,10.18705064444165,10.223047256469727
2019-10-09,10.187048381577359,10.241043716738872,10.187048381577359,10.214046478271484
2019-10-10,10.17805040424179,10.268041489894774,10.17805040424179,10.18704891204834
2019-10-11,10.205049448140098,10.214048815764318,10.097059611330252,10.106058120727539
2019-10-14,10.12405776977539,10.169053753730907,10.106059032902381,10.12405776977539
2019-10-15,10.178053580280094,10.178053580280094,10.097060977160103,10.133057594299316
2019-10-16,10.169052581148566,10.18705045771925,10.106057867583893,10.178051948547363
2019-10-17,10.214046478271483,10.223044985609455,10.16905050867468,10.214046478271484
2019-10-18,10.214048559915643,10.22304706908753,10.160053213749768,10.178051948547363
2019-10-21,10.16905357512659,10.178052943405035,10.124057591961362,10.160054206848145
2019-10-22,10.160051672175124,10.205047644115007,10.133054432301906,10.18704891204834
2019-10-23,10.202401606926408,10.211430487412386,10.157258065537953,10.19337272644043
2019-10-24,10.139198483491066,10.319772616612441,10.139198483491066,10.265600204467773
2019-10-25,10.211428642272947,10.24754329664974,10.175313987896157,10.21142864227295
2019-10-28,10.229484920672949,10.229484920672949,10.121140964090857,10.148226737976074
2019-10-29,10.184340903098155,10.184340903098155,10.121140480041504,10.121140480041504
2019-10-30,10.175314839298112,10.175314839298112,10.121142422679501,10.157257080078125
2019-10-31,10.202396003668486,10.247539520263672,10.166281362600532,10.247539520263672
2019-11-01,10.247543742715896,10.247543742715896,10.193371328271994,10.202400207519531
2019-11-04,10.238513419648337,10.238513419648337,10.15725523996205,10.175312995910645
2019-11-05,10.17531477510912,10.17531477510912,10.121142358832245,10.139199256896973
2019-11-06,10.130169467080352,10.175312995910645,10.130169467080352,10.175312995910645
2019-11-07,10.166284480066095,10.166284480066095,10.057940523638827,10.09405517578125
2019-11-08,10.094056574248954,10.139199249900296,10.066969935608535,10.085027694702148
2019-11-11,10.11211296159635,10.130170719777968,10.075998306274414,10.075998306274414
2019-11-12,10.13017116690495,10.13017116690495,10.04891297358368,10.066969871520996
2019-11-13,10.085027659032306,10.103084557020708,9.940569030959722,10.04891300201416
2019-11-14,10.021827196157039,10.085027630499651,10.021827196157039,10.066969871520996
2019-11-15,10.075998751010324,10.09405650998898,10.04891297358368,10.066969871520996
2019-11-18,10.12114136787271,10.12114136787271,10.048912060603069,10.103083610534668
2019-11-19,10.121142422679501,10.16628595968812,10.094056644890872,10.157257080078125
2019-11-20,10.226641721646413,10.271932601928711,10.19946753901771,10.271932601928711
2019-11-21,10.27829279839745,10.27829279839745,10.11471227039069,10.141975402832031
2019-11-22,10.251029320891863,10.251029320891863,10.087449651240842,10.151063919067383
2019-11-25,10.14197541045807,10.151063410171801,10.114712277996228,10.123800277709961
2019-11-26,10.096538618857057,10.178328901880201,10.096538618857057,10.114714622497559
2019-11-27,10.114713298827466,10.169239569254234,10.114713298827466,10.160152435302734
2019-11-29,10.123801726152829,10.18741599989173,10.123801726152829,10.16923999786377
2019-12-02,10.11471411856303,10.132889254618457,10.087450981140137,10.087450981140137
2019-12-03,10.078361145820654,10.14197541045807,10.078361145820654,10.123800277709961
2019-12-04,10.096537152087894,10.141976287908445,10.096537152087894,10.10562515258789
2019-12-05,10.060186161721257,10.160152435302734,10.060186161721257,10.160152435302734
2019-12-06,10.151064939009787,10.187416076660156,10.132888936844859,10.187416076660156
2019-12-09,10.2510290934484,10.269205093383789,10.187414827033292,10.269205093383789
2019-12-10,10.205590974753745,10.305557250976562,10.205590974753745,10.305557250976562
2019-12-11,10.314644596481877,10.314644596481877,10.223766326904297,10.223766326904297
2019-12-12,10.241943216475452,10.260118351960895,10.151064939009787,10.187416076660156
2019-12-13,10.160152940092251,10.241943216475452,10.160152940092251,10.187416076660156
2019-12-16,10.187415570516118,10.187415570516118,10.160152435302734,10.160152435302734
2019-12-17,10.232855071083662,10.232855071083662,10.123801659670486,10.132888793945312
2019-12-18,10.123801726152829,10.18741599989173,10.123801726152829,10.16923999786377
2019-12-19,10.187415570516118,10.187415570516118,10.151064434671792,10.160152435302734
2019-12-20,10.19650357114706,10.214678705729503,10.141976434040851,10.160152435302734
2019-12-23,10.184771064798166,10.221242904663086,10.184771064798166,10.221242904663086
2019-12-24,10.221245482537078,10.248599151945255,10.203009123226646,10.239480972290039
2019-12-26,10.25771427154541,10.25771427154541,10.2121242564271,10.25771427154541
2019-12-27,10.257714940003314,10.27595129506192,10.193889436412732,10.203006744384766
2019-12-30,10.23947944352248,10.24859762181634,10.193890291167865,10.212125778198242
2019-12-31,10.25771427154541,10.25771427154541,10.2121242564271,10.25771427154541
2020-01-02,10.266832255060406,10.285067739029857,10.230360417564304,10.27595043182373
2020-01-03,10.275950743000331,10.39448356628418,10.275950743000331,10.39448356628418
2020-01-06,10.321541014531045,10.385367391209462,10.312423706054688,10.312423706054688
2020-01-07,10.35800875166339,10.385363274922325,10.32153692354178,10.330655097961426
2020-01-08,10.385366731765943,10.385366731765943,10.339776714049727,10.358012199401855
2020-01-09,10.30330467224121,10.33977651178929,10.26683283269313,10.303304672241211
2020-01-10,10.303305151553094,10.339776992797852,10.303305151553094,10.339776992797852
2020-01-13,10.321538925170898,10.367128936553303,10.30330344235222,10.321538925170898
2020-01-14,10.321539216889322,10.394482889339926,10.321539216889322,10.37624740600586
2020-01-15,10.394480422832817,10.421834945678711,10.385363118107811,10.421834945678711
2020-01-16,10.421836387293753,10.45830821990967,10.358010028048088,10.458308219909668
2020-01-17,10.440071868823171,10.467425525895838,10.403600036207255,10.458308219909668
2020-01-21,10.48566304063637,10.513016700744629,10.476544864081225,10.513016700744629
2020-01-22,10.531251632860059,10.576841639927093,10.485661625793025,10.549487113952637
2020-01-23,10.574186068700131,10.58333262516712,10.519302368164062,10.519302368164062
2020-01-24,10.546745514020126,10.583334362936403,10.519304095419661,10.555892944335938
2020-01-27,10.601627565011729,10.610774993896484,10.583332707242219,10.610774993896484
2020-01-28,10.629068369131584,10.638215797491208,10.52844927421606,10.537596702575684
2020-01-29,10.610775518158293,10.70224719448482,10.583333230148147,10.592480659484863
2020-01-30,10.610774433382774,10.683952115901542,10.601627004981232,10.6748046875
2020-01-31,10.720539781828078,10.720539781828078,10.638214679933377,10.665656089782715
2020-02-03,10.619919825136025,10.729686336880064,10.619919825136025,10.665656089782715
2020-02-04,10.693098671956298,10.693098671956298,10.638215846240616,10.6748046875
2020-02-05,10.683952115901542,10.693098671956298,10.647363274642158,10.6748046875
2020-02-06,10.683950041444948,10.720538875600036,10.665655188194096,10.71139144897461
2020-02-07,10.72968759933258,10.80286615478547,10.72968759933258,10.766277313232422
2020-02-10,10.793717335607344,10.793717335607344,10.747981071472168,10.747981071472168
2020-02-11,10.793718860778913,10.812012845609948,10.747982590181122,10.775424003601074
2020-02-12,10.81201457977295,10.83030943988514,10.67480661831929,10.81201457977295
2020-02-13,10.830306438598146,10.830306438598146,10.766276190643383,10.802865028381348
2020-02-14,10.848603462553633,10.88519231054879,10.848603462553633,10.85775089263916
2020-02-18,10.903487170719842,10.903487170719842,10.812014614558478,10.85775089263916
2020-02-19,10.857748642114501,10.930926322937012,10.848601213924997,10.930926322937012
2020-02-20,10.874947137934974,10.957540935330298,10.874947137934974,10.939187049865723
2020-02-21,10.920829067425974,10.920829067425974,10.884120432123142,10.911652565002441
2020-02-24,10.96671508035524,10.96671508035524,10.87494392969961,10.911652565002441
2020-02-25,10.911657501158345,10.920834007733093,10.85659408569336,10.85659408569336
2020-02-26,10.939186487237281,10.948363867099133,10.829060554504396,10.829060554504395
2020-02-27,10.829059388768302,10.83823676764222,10.71893346789035,10.746464729309082
2020-02-28,10.773996784552734,10.773996784552734,10.48032764057407,10.572099685668945
2020-03-02,10.599632208184302,10.884124006405973,10.544568799546099,10.69140338897705
2020-03-03,10.764819599924019,10.865769026396915,10.728110956261993,10.838237762451172
2020-03-04,10.746466071637593,10.902478031169387,10.673048781881825,10.865769386291504
2020-03-05,10.645516979016863,10.838237573686751,10.645516979016863,10.801528930664062
2020-03-06,10.80153154543167,10.85659408569336,10.792354163653624,10.85659408569336
2020-03-09,10.874945989415707,10.874945989415707,10.526213450387365,10.67304801940918
2020-03-10,10.728110769415599,10.865768837152997,10.700579505949353,10.801528930664062
2020-03-11,10.682227692024627,10.682227692024627,10.39773499706793,10.42526626586914
2020-03-12,10.122419648146348,10.159128298154368,9.40660053538834,9.470840454101562
2020-03-13,9.718626121037271,10.06735879195231,9.718626121037271,9.847105979919434
2020-03-16,9.746155830800234,9.746155830800234,9.2047025832219,9.379069328308105
2020-03-17,9.213879537539864,9.70026934959954,9.213879537539864,9.351536750793457
2020-03-18,8.94774375438277,8.993629794830547,8.342050471041714,8.525593757629395
2020-03-19,8.286985211867334,8.663249084829161,8.14015061512157,8.617363929748535
2020-03-20,8.663245894848128,9.636026052896483,8.626537259178544,8.956915855407715
2020-03-23,8.65193568385957,8.845429481221109,8.522939526047066,8.707219123840332
2020-03-24,8.817788820545761,9.121850443411846,8.734862763634169,9.094208717346191
2020-03-25,9.094207571829445,9.803685188293455,9.094207571829445,9.803685188293457
2020-03-26,9.610190990630281,10.135388092412091,9.610190990630281,10.024820327758789
2020-03-27,9.951108495103442,9.951108495103442,9.600976800643167,9.73918628692627
2020-03-30,9.600977172344521,9.858968633461199,9.591762971911725,9.803685188293457
2020-03-31,9.748403027851637,9.840543295199042,9.7207612991333,9.7207612991333
2020-04-01,9.720756921017577,9.720756921017577,9.342983576724414,9.361411094665527
2020-04-02,9.28770308285585,9.333773214715617,9.16792109150633,9.31534481048584
2020-04-03,9.407484215863223,9.407484215863223,9.204776181404211,9.269274711608887
2020-04-06,9.4627683545313,9.518051803635643,9.306130450878028,9.453554153442383
2020-04-07,9.53647782379913,9.619402976742661,9.518049426224326,9.573333740234375
2020-04-08,9.610191594547487,9.79447121388337,9.610191594547487,9.766829490661621
2020-04-09,9.877395919877795,10.052461314776023,9.647046207334936,9.987963676452637
2020-04-13,9.785255178805054,9.941893045554428,9.785255178805054,9.914251327514648
2020-04-14,9.923466682434082,10.015606046204942,9.840540639940174,9.923466682434082
2020-04-15,9.997177914991688,9.997177914991688,9.840540039552046,9.89582347869873
2020-04-16,9.923465135876397,9.923465135876397,9.794468992243683,9.849752426147461
2020-04-17,9.905036738765578,9.905036738765578,9.803683190799092,9.849752426147461
2020-04-20,9.849754006032402,9.849754006032402,9.794470563261246,9.831326484680176
2020-04-21,9.785256836945905,9.849754482872834,9.674689067336375,9.71154499053955
2020-04-22,9.845592456894275,9.845592456894275,9.605231236756092,9.651453971862793
2020-04-23,9.568252563476562,9.623720198515326,9.549762764035531,9.568252563476562
2020-04-24,9.605229290611325,9.605229290611325,9.466558468461264,9.50353717803955
2020-04-27,9.420336723327637,9.512783956369683,9.392602906071886,9.420336723327637
2020-04-28,9.512783042253432,9.512783042253432,9.401846902248508,9.475804328918457
2020-04-29,9.595989237019017,9.651456888566438,9.53127668299955,9.642212867736816
2020-04-30,9.725414247365556,9.725414247365556,9.595988270717205,9.632966995239258
2020-05-01,9.632966023350061,9.669944744141256,9.614476222133339,9.6237211227417
2020-05-04,9.706922537140748,9.706922537140748,9.540517868664272,9.605231285095215
2020-05-05,9.64220806010422,9.697675683995325,9.623718264379196,9.688430786132812
2020-05-06,9.762392025889385,9.762392025889385,9.679189683366682,9.75314712524414
2020-05-07,9.762390152272648,9.845591597184919,9.762390152272648,9.836347579956055
2020-05-08,9.854836451877206,9.882570266723635,9.854836451877206,9.882570266723633
2020-05-11,9.965772592904996,9.965772592904996,9.845591553047704,9.882570266723633
2020-05-12,9.919549020461714,9.928793919328553,9.873326289411681,9.901060104370117
2020-05-13,9.91030495521721,9.91030495521721,9.827102629102969,9.84559154510498
2020-05-14,9.808612823486328,9.836347519929918,9.706921581452734,9.808612823486328
2020-05-15,9.808612823486328,9.827102621115388,9.771634109870288,9.808612823486328
2020-05-18,9.873328152658226,9.873328152658226,9.762391990247064,9.771636009216309
2020-05-19,9.679187818036722,9.827102673286149,9.679187818036722,9.799368858337402
2020-05-20,9.864081350706707,9.882570266723635,9.836347535860279,9.882570266723633
2020-05-21,9.961595530575682,9.980146412783693,9.924494650714413,9.970870971679688
2020-05-22,9.989422532141662,10.091449737548828,9.989422532141662,10.091449737548828
2020-05-26,10.100725004678694,10.174926768156654,10.09144956310525,10.156375885009766
2020-05-27,10.1749267578125,10.202752197949748,10.137825876111238,10.1749267578125
2020-05-28,10.212026596069334,10.267677470657537,10.147099396310162,10.212026596069336
2020-05-29,10.378978975075105,10.378978975075105,10.24912635879514,10.26767635345459
2020-06-01,10.276952574006977,10.360429767704446,10.26767713369511,10.351154327392578
2020-06-02,10.434632389178748,10.434632389178748,10.36043062962008,10.397531509399414
2020-06-03,10.481007838094714,10.481007838094714,10.323328891011645,10.351154327392578
2020-06-04,10.34187888317721,10.378979759856007,10.332604327423516,10.360429763793945
2020-06-05,10.323327226906876,10.360428097619073,10.230574607849121,10.230574607849121
2020-06-08,10.202752962749534,10.35115650067893,10.202752962749534,10.258404731750488
2020-06-09,10.29550379250634,10.360430107710808,10.212026596069334,10.212026596069336
2020-06-10,10.267678246057118,10.34188000748146,10.258403689295152,10.295504570007324
2020-06-11,10.276954836739606,10.304780279247014,10.156376739801006,10.202753067016602
2020-06-12,10.369703531548293,10.369703531548293,10.230574603027234,10.249125480651855
2020-06-15,10.276952570127985,10.360429763793945,10.267677129819617,10.360429763793945
2020-06-16,10.36042889174445,10.36042889174445,10.314052578660835,10.323328018188477
2020-06-17,10.369707199430502,10.434633524972783,10.304779989333378,10.332606315612793
2020-06-18,10.360430989887876,10.360430989887876,10.230577463867377,10.239852905273438
2020-06-19,10.212028222066527,10.332606315612793,10.212028222066527,10.332606315612793
2020-06-22,10.278511446476248,10.436785697937013,10.278511446476248,10.436785697937012
2020-06-23,10.427475929260254,10.548509240619095,10.427475929260254,10.427475929260254
2020-06-24,10.464718818664549,10.483339741351685,10.408857826392072,10.46471881866455
2020-06-25,10.483337534701487,10.492647994085285,10.362304226394947,10.41816520690918
2020-06-26,10.464717435791616,10.539199340908725,10.455406975678391,10.483338356018066
2020-06-29,10.52057989288345,10.539199926249701,10.250582749864861,10.325064659118652
2020-06-30,10.380925674589854,10.408857056554755,10.343684719864383,10.362305641174316
2020-07-01,10.418166601738692,10.455407556365587,10.325064659118652,10.325064659118652
2020-07-02,10.408857056554755,10.455407584040795,10.334375147103813,10.362305641174316
2020-07-06,10.55781970023769,10.55781970023769,10.408855897917363,10.427475929260254
2020-07-07,10.455407432340884,10.501958847045897,10.41816647815575,10.501958847045898
2020-07-08,10.567132191317542,10.585752226240013,10.520580772169662,10.576441764831543
2020-07-09,10.60437208067265,10.678853988647461,10.576440699261312,10.678853988647461
2020-07-10,10.641610644166834,10.762643939411012,10.632300185787855,10.697471618652344
2020-07-13,10.77195636408748,10.77195636408748,10.660233497619629,10.660233497619629
2020-07-14,10.697475148303306,10.744026567663742,10.63230369393538,10.650923728942871
2020-07-15,10.669543471695498,10.688163504643441,10.604372024536133,10.604372024536133
2020-07-16,10.632303669746808,10.632303669746808,10.576441789062477,10.613682746887207
2020-07-17,10.63230369393538,10.669544651844834,10.63230369393538,10.650923728942871
2020-07-20,10.678853988647461,10.688163561223528,10.632302574189609,10.678853988647461
2020-07-21,10.706784482164421,10.73471497568138,10.669543528177014,10.678853988647461
2020-07-22,10.678856176408063,10.734717174886137,10.678856176408063,10.725407600402832
2020-07-23,10.680459369111606,10.708491820601385,10.661770474028042,10.671114921569824
2020-07-24,10.736522965001745,10.736522965001745,10.643081174366445,10.680458068847656
2020-07-27,10.970128778293176,10.970128778293176,10.652424729635156,10.680458068847656
2020-07-28,10.74586787561859,10.76455676923427,10.699146532714888,10.717835426330566
2020-07-29,10.70849152385259,10.764557316414045,10.699147076569757,10.727179527282715
2020-07-30,10.81127875291914,10.867344550574991,10.764558294530826,10.801935195922852
2020-07-31,10.951442386460656,10.951442386460656,10.811278343200684,10.811278343200684
2020-08-03,10.848655007438431,10.876688350162622,10.820622555849807,10.86734390258789
2020-08-04,10.811277014377739,10.89537525177002,10.811277014377739,10.89537525177002
2020-08-05,10.979474600077952,10.979474600077952,10.867343902587892,10.86734390258789
2020-08-06,10.988818284732574,10.988818284732574,10.801933801890627,10.886031150817871
2020-08-07,10.92340686470227,10.96078375722384,10.876686417401865,10.942095756530762
2020-08-10,10.951440178834389,11.054226410263254,10.951440178834389,11.016849517822266
2020-08-11,11.259800888682014,11.259800888682014,10.979473721812884,10.988818168640137
2020-08-12,10.951440178834389,11.026193963716366,10.839309501511426,11.016849517822266
2020-08-13,11.016851312682748,11.016851312682748,10.951441963038409,10.97012996673584
2020-08-14,10.99816154088082,10.99816154088082,10.94209575653076,10.942095756530762
2020-08-17,10.998162615467391,10.998162615467391,10.960784828158376,10.988818168640137
2020-08-18,11.007505297728555,11.007505297728555,10.904719064191204,10.960783958435059
2020-08-19,10.932754320535377,10.942098769022262,10.895377417723497,10.914066314697266
2020-08-20,10.97012869478249,10.97012869478249,10.904719352722168,10.904719352722168
2020-08-21,10.91587861703468,10.91587861703468,10.850232692671623,10.897122383117676
2020-08-24,10.953391216295701,10.981524675459418,10.784588672620316,10.868989944458008
2020-08-25,10.831479150972728,10.878368849201804,10.737699754514574,10.775211334228516
2020-08-26,10.822102627306482,10.94401550292969,10.718945991477646,10.944015502929688
2020-08-27,10.925257653084273,10.925257653084273,10.690810056285498,10.775211334228516
2020-08-28,10.784590721130371,10.784590721130371,10.728322897768441,10.784590721130371
2020-08-31,10.897125400770525,10.953393223756873,10.784590649144533,10.812724113464355
2020-09-01,10.859611195294482,10.972145919753652,10.76583181107193,10.85023307800293
2020-09-02,10.82210049625832,10.962768689629298,10.803345154503917,10.906501770019531
2020-09-03,10.944015104201364,10.990904807632203,10.812724113464355,10.812724113464355
2020-09-04,10.822101745848038,10.822101745848038,10.66267729796792,10.737700462341309
2020-09-08,10.64392020107409,10.690809000325226,10.578274272298769,10.653297424316406
2020-09-09,10.73770062220882,10.868991608990301,10.73770062220882,10.831480026245117
2020-09-10,10.77521181181436,11.047171000381024,10.77521181181436,10.878369331359863
2020-09-11,10.972148968274508,11.019038673413702,10.906503917687681,10.944015502929688
2020-09-14,10.897124674874815,10.944014375182167,10.878369331359863,10.878369331359863
2020-09-15,10.878368878790289,10.925257682800293,10.822101061893031,10.925257682800293
2020-09-16,10.962768048389396,10.972146165891328,10.915879249572756,10.915879249572754
2020-09-17,10.897124221524969,10.962769262616261,10.897124221524969,10.925257682800293
2020-09-18,10.906501132070822,11.009657741552546,10.906501132070822,10.915879249572754
2020-09-21,10.953391860091198,10.953391860091198,10.859612464904785,10.859612464904785
2020-09-22,10.917871707867526,10.917871707867526,10.70139620575378,10.767279624938965
2020-09-23,10.710809116268303,10.786104714116693,10.682573491473738,10.701396942138672
2020-09-24,10.786105781493283,10.917873539564667,10.64492674595527,10.842577934265137
2020-09-25,10.739045218470423,10.880225143908099,10.701397417872583,10.833165168762207
2020-09-28,10.76728155379599,10.795518079300178,10.673162494898646,10.720222473144531
2020-09-29,10.644926866988888,10.720222473144533,10.644926866988888,10.720222473144531
2020-09-30,10.77669194392858,10.77669194392858,10.654336379793845,10.691984176635742
2020-10-01,10.654337594147735,10.757869720458984,10.644926317060298,10.757869720458984
2020-10-02,10.66374863717458,10.795516375953492,10.644925187402897,10.786104202270508
2020-10-05,10.729634317060675,10.79551864912026,10.663750882595565,10.776694297790527
2020-10-06,10.720220954200538,10.842576521265556,10.663748808788107,10.804927825927734
2020-10-07,10.908459724707159,10.936695348051403,10.739044189453125,10.739044189453125
2020-10-08,10.880225426148238,10.993168830871582,10.880225426148238,10.993168830871582
2020-10-09,11.0025801080694,11.0025801080694,10.946108854504924,10.993168830871582
2020-10-12,11.01199549234258,11.01199549234258,10.927287689713117,10.936699867248535
2020-10-13,10.936695690439047,10.955520038320719,10.92728351649821,10.946107864379883
2020-10-14,11.002579112836278,11.002579112836278,10.908460066210848,10.946107864379883
2020-10-15,10.974344253540039,11.011992054333195,10.955520801940649,10.974344253540039
2020-10-16,11.01199217189713,11.01199217189713,10.851988792419434,10.851988792419434
2020-10-19,10.899048805236815,10.9461087812887,10.720221973352919,10.899048805236816
2020-10-20,10.899048960652536,10.899048960652536,10.814341182070127,10.823753356933594
2020-10-21,10.870813698587142,10.880225873766575,10.786105917161112,10.81434154510498
2020-10-22,10.853922357855101,10.891707953061225,10.844475733833658,10.882262229919434
2020-10-23,10.938939222735632,10.938939222735632,10.806689200554318,10.844474792480469
2020-10-26,10.863368034362793,10.863368034362793,10.76890360414694,10.863368034362793
2020-10-27,10.863369873494358,10.90115547180176,10.844476623900796,10.901155471801758
2020-10-28,10.93893989501151,10.93893989501151,10.721672953303436,10.740565299987793
2020-10-29,10.835027809581625,10.835027809581625,10.740563390316714,10.759456634521484
2020-10-30,10.844475661517837,10.844475661517837,10.608315467834473,10.608315467834473
2020-11-02,10.608317223784587,10.702781677246094,10.608317223784587,10.702781677246094
2020-11-03,10.674439430236816,10.768902953868936,10.674439430236816,10.674439430236816
2020-11-04,10.768904329188096,10.768904329188096,10.721673011779785,10.721673011779785
2020-11-05,10.8539214156819,10.882261285286193,10.835029070158612,10.844474792480469
2020-11-06,10.929493141568695,10.929493141568695,10.816136360168457,10.816136360168457
2020-11-09,10.901152134905614,10.92004537871586,10.853919926259442,10.891705513000488
2020-11-10,10.82558244695718,10.882261285286193,10.82558244695718,10.844474792480469
2020-11-11,10.891707953061225,10.910601201104113,10.863368981876546,10.882262229919434
2020-11-12,10.9294953207883,10.957835197448729,10.910602970561145,10.95783519744873
2020-11-13,10.9578337771008,10.9578337771008,10.92004818066444,10.92949390411377
2020-11-16,10.95783329604637,10.95783329604637,10.938940048217773,10.938940048217773
2020-11-17,10.957831324861425,10.995616912841797,10.938938080431502,10.995616912841797
2020-11-18,10.948387014260112,11.023958206176756,10.948387014260112,11.023958206176758
2020-11-19,11.04284954071045,11.05229616405337,10.976724979069177,11.04284954071045
2020-11-20,11.05422454083965,11.082665689104534,10.949939727783205,10.949939727783203
2020-11-23,11.063704338340017,11.063704338340017,10.930977483527437,10.987860679626465
2020-11-24,11.006822449598312,11.054224967956543,10.949940150870706,11.054224967956543
2020-11-25,11.092147479773624,11.092147479773624,11.006823122339322,11.025784492492676
2020-11-27,11.025783818592739,11.063705652453756,10.987861984731722,11.054224967956543
2020-11-30,10.940460273935514,11.044745098719059,10.940460273935514,10.978382110595703
2020-12-01,10.949941492861075,11.073187694046005,10.949941492861075,10.997344017028809
2020-12-02,10.959423610331509,11.025786610359669,10.959423610331509,11.016305923461914
2020-12-03,11.073188037637884,11.092148505416537,11.025785511999288,11.06370735168457
2020-12-04,11.092148505416537,11.092148505416537,10.997344358267322,11.06370735168457
2020-12-07,11.092149610387828,11.139552140748542,11.006825236564158,11.016305923461914
2020-12-08,11.082667542874008,11.092148228590714,11.035265922546387,11.035265922546387
2020-12-09,11.111110427666057,11.130070896383838,11.02578605811599,11.120590209960938
2020-12-10,11.158512402961762,11.158512402961762,11.044745979777941,11.06370735168457
2020-12-11,11.016304360158335,11.139550559955321,11.016304360158335,11.082667350769043
2020-12-14,11.13006999974493,11.13006999974493,10.997344017028809,10.997344017028809
2020-12-15,11.092147479773624,11.092147479773624,11.025784492492674,11.025784492492676
2020-12-16,11.082667542874008,11.082667542874008,10.997344083807517,11.035265922546387
2020-12-17,11.044747080027115,11.044747080027115,10.997345453794468,11.016305923461914
2020-12-18,11.044744958518136,11.063706328671488,10.997343341390538,11.025784492492676
2020-12-21,11.063708429633945,11.139552116394043,10.997345429750876,11.139552116394043
2020-12-22,11.139548839952875,11.158510208129883,11.006821975097218,11.158510208129883
2020-12-23,11.103326937570392,11.131869940230313,11.036726295575342,11.055754661560059
2020-12-24,11.055755146857166,11.074784421042875,11.027212142944336,11.027212142944336
2020-12-28,11.084299751146574,11.093814389613174,10.941583803611037,10.951098442077637
2020-12-29,10.989154190361583,11.065269470214844,10.970124916715415,11.065269470214844
2020-12-30,11.093812022159433,11.169927298917266,11.084297385723286,11.150898933410645
2020-12-31,11.179443359375,11.179443359375,11.141385716148354,11.179443359375
2021-01-04,11.198473930358887,11.207987661741967,11.16993001411197,11.198473930358887
2021-01-05,11.207986364953538,11.227015640249753,11.179443359375,11.179443359375
2021-01-06,11.188957314084998,11.207985680853996,10.97012519836426,10.970125198364258
2021-01-07,11.084298150769994,11.084298150769994,10.998669139031506,11.027212142944336
2021-01-08,11.084297524375023,11.103326797485352,11.055754522075214,11.103326797485352
2021-01-11,11.074784737222746,11.160413751405901,10.989154815673828,10.989154815673828
2021-01-12,11.027212113402717,11.027212113402717,10.941582194527895,10.970125198364258
2021-01-13,11.04624272434918,11.04624272434918,10.894012129806782,10.932069778442383
2021-01-14,11.017696691537585,11.017696691537585,10.922552142372606,10.979639053344727
2021-01-15,11.017699885548568,11.017699885548568,10.903526937871465,10.941584587097168
2021-01-19,11.065270099858251,11.065270099858251,10.941582536217124,10.989154815673828
2021-01-20,10.998669940838205,11.036727584618305,10.941583021485156,10.960612297058105
2021-01-21,11.04846355869602,11.04846355869602,10.981619211437204,11.000718116760254
2021-01-22,11.019817694020078,11.048465145432958,10.972071334541239,10.981620788574219
2021-01-25,10.972070355652361,11.019816710871442,10.972070355652361,11.01026725769043
2021-01-26,11.029367446899414,11.077113807671966,10.981621086126863,11.029367446899414
2021-01-27,11.067562464019069,11.067562464019069,10.991168664098728,11.000718116760254
2021-01-28,11.077111916680595,11.077111916680595,10.991168664098728,11.000718116760254
2021-01-29,11.067562464019069,11.077111916680595,10.933872858815509,11.000718116760254
2021-02-01,11.04846355869602,11.077111916680595,10.981619211437204,11.000718116760254
2021-02-02,11.01026691321599,11.124857615745034,10.981619465255216,11.105759620666504
2021-02-03,11.077112519271534,11.077112519271534,11.01026725769043,11.01026725769043
2021-02-04,11.010268538315959,11.077113807671966,11.010268538315959,11.029367446899414
2021-02-05,11.019814142467583,11.09620792873851,11.019814142467583,11.086658477783203
2021-02-08,11.143956208753458,11.143956208753458,11.096209856368208,11.11530876159668
2021-02-09,11.124856327160622,11.153504682489027,11.115307786070332,11.14395523071289
2021-02-10,11.17260393700342,11.191702842712402,11.163054484148928,11.191702842712402
2021-02-11,11.153506253105585,11.229900056700611,11.153506253105585,11.182153701782227
2021-02-12,11.163053535225043,11.229898788838302,11.134406089782715,11.134406089782715
2021-02-16,11.124855370918667,11.182151165964745,11.077109937513661,11.086658477783203
2021-02-17,11.124857641023773,11.124857641023773,11.019816391138287,11.077112197875977
2021-02-18,11.078933173342808,11.078933173342808,10.992678360201117,11.011845588684082
2021-02-19,11.059766450189523,11.059766450189523,10.925592177640619,10.9447603225708
2021-02-22,10.906423138070387,10.935174436710335,10.83933646991474,10.868087768554688
2021-02-23,10.868089745324884,10.90642512181331,10.810586223598508,10.896841049194336
2021-02-24,10.916007898399043,10.99267864227295,10.829753083044057,10.99267864227295
2021-02-25,10.992678360201117,11.011845588684082,10.87767224734131,11.011845588684082
2021-02-26,11.184354516310712,11.184354516310712,11.07893248127149,11.098099708557129
2021-03-01,11.251442582383898,11.337697400866913,11.107685160903802,11.136436462402344
2021-03-02,11.069349858752854,11.16518783569336,11.050181714972313,11.16518783569336
2021-03-03,11.184357693497484,11.184357693497484,10.935177270087483,10.973512649536133
2021-03-04,11.040600004372433,11.040600004372433,10.868090343683013,10.88725757598877
2021-03-05,10.963925015794237,10.963925015794237,10.839335758535414,10.848918914794922
2021-03-08,10.92558932932631,10.92558932932631,10.82016730165633,10.839335441589355
2021-03-09,10.83933716362905,10.973510508527399,10.733914205223362,10.78183364868164
2021-03-10,10.829754368836456,10.90642512181331,10.829754368836456,10.896841049194336
2021-03-11,10.973508679633243,10.973508679633243,10.896837948473229,10.916006088256836
2021-03-12,10.868088030118992,10.954342842102053,10.839336730787082,10.95434284210205
2021-03-15,10.96392614649566,11.011845588684082,10.87767224734131,11.011845588684082
2021-03-16,11.050182098169493,11.069350242614746,10.983095420585974,11.069350242614746
2021-03-17,11.050180269362109,11.117267849830052,10.992677673517907,11.098099708557129
2021-03-18,11.069349215662475,11.078933286995946,10.983094401635942,11.040597915649414
2021-03-19,11.078933191301484,11.117268562316895,11.040597820286076,11.117268562316895
2021-03-22,11.117268039600535,11.155603408813477,11.117268039600535,11.155603408813477
2021-03-23,11.186287446939648,11.186287446939648,11.05162845573861,11.109339714050293
2021-03-24,11.147812207623327,11.186286069329883,11.013153233005767,11.042008399963379
2021-03-25,11.138194020199265,11.157431410573382,11.099720156740291,11.128575325012207
2021-03-26,11.13819408416748,11.13819408416748,11.070865052049912,11.13819408416748
2021-03-29,11.138193416555598,11.186285972595215,11.118956944513279,11.186285972595215
2021-03-30,11.195904537948678,11.224759704323487,11.09971942698038,11.167048454284668
2021-03-31,11.195905685424805,11.195905685424805,11.118957955679422,11.195905685424805
2021-04-01,11.195906665486959,11.224761837345063,11.147814100863865,11.205524444580078
2021-04-05,11.224759704323487,11.224759704323487,11.1574306770192,11.167048454284668
2021-04-06,11.224761837345063,11.234380533727558,11.157432797246358,11.205524444580078
2021-04-07,11.224760119786577,11.301707844493608,11.224760119786577,11.234378814697266
2021-04-08,11.27285385131836,11.31132771767961,11.234379984957108,11.27285385131836
2021-04-09,11.3017090486704,11.3017090486704,11.243997790346478,11.282471656799316
2021-04-12,11.301707872496104,11.320945262365145,11.234378842532939,11.243996620178223
2021-04-13,11.292089084952979,11.31132647466425,11.14781233127537,11.224760055541992
2021-04-14,11.243997184785746,11.349800999799838,11.243997184785746,11.340182304382324
2021-04-15,11.29208885917261,11.37865527656401,11.29208885917261,11.349800109863281
2021-04-16,11.349799822571242,11.349799822571242,11.301707267761229,11.30170726776123
2021-04-19,11.215139971181195,11.311325073242188,11.215139971181195,11.311325073242188
2021-04-20,11.340181734944947,11.417129459842632,11.234378842532939,11.243996620178223
2021-04-21,11.253616486282022,11.3017090486704,11.253616486282022,11.282471656799316
2021-04-22,11.245694160461426,11.303612305577543,11.245694160461426,11.245694160461426
2021-04-23,11.284304533862214,11.332569495304146,11.284304533862214,11.293957710266113
2021-04-26,11.284304942155472,11.573893800707511,11.284304942155472,11.351876258850098
2021-04-27,11.390488302780257,11.400141479751653,11.313264728164333,11.322916984558105
2021-04-28,11.419448365804973,11.419448365804973,11.351877959564696,11.371183395385742
2021-04-29,11.351875677585452,11.371181109525677,11.293957540609659,11.313263893127441
2021-04-30,11.390487299041316,11.429099082946777,11.313263731230396,11.429099082946777
2021-05-03,11.438752259067527,11.448404514610736,11.380834122920566,11.429099082946777
2021-05-04,11.438754081726074,11.44840633880728,11.40979454874939,11.438754081726074
2021-05-05,11.467710494995117,11.47736367080285,11.4290987123417,11.467710494995117
2021-05-06,11.467712197626499,11.496670808771718,11.467712197626499,11.487017631530762
2021-05-07,11.535283088684082,11.544936266336368,11.487018121000345,11.535283088684082
2021-05-10,11.564241237632206,11.583547592163086,11.544935803678982,11.583547592163086
2021-05-11,11.50632381439209,11.622159177822901,11.438753415868527,11.50632381439209
2021-05-12,11.487017545792519,11.496670722961424,11.371182181498572,11.496670722961426
2021-05-13,11.53528329456852,11.554589650217675,11.419447922406707,11.51597785949707
2021-05-14,11.51597785949707,11.554589650217675,11.51597785949707,11.51597785949707
2021-05-17,11.458058907392735,11.55458883769508,11.187776391354864,11.303611755371094
2021-05-18,11.284304487117286,11.535281549113607,11.284304487117286,11.400140762329102
2021-05-19,11.506324681672494,11.583548263113702,11.40979474458213,11.51597785949707
2021-05-20,11.595409672250414,11.595409672250414,11.391981399971286,11.479165077209473
2021-05-21,11.459791056184802,11.517913818359375,11.459791056184802,11.517913818359375
2021-05-24,11.527600175530166,11.537287456530922,11.459791056184802,11.517913818359375
2021-05-25,11.51791544303031,11.51791544303031,11.479167237391582,11.498540878295898
2021-05-26,11.469478337185556,11.527600175530166,11.469478337185556,11.517913818359375
2021-05-27,11.52760152520761,11.546976089477539,11.430731475348177,11.546976089477539
2021-05-28,11.537287569486713,11.537287569486713,11.508226650029888,11.527600288391113
2021-06-01,11.488851290520126,11.527599488383451,11.469477653503416,11.469477653503418
2021-06-02,11.440416878862493,11.527599632270757,11.430729598318267,11.479165077209473
2021-06-03,11.440416878862493,11.576035111161964,11.440416878862493,11.479165077209473
2021-06-04,11.479165077209473,11.498538714468003,11.450103235576798,11.479165077209473
2021-06-07,11.450103646796066,11.469478208580336,11.440417289733885,11.440417289733887
2021-06-08,11.48885100298487,11.48885100298487,11.421041889378607,11.450102806091309
2021-06-09,11.488851433923777,11.62447059005317,11.430729598318267,11.479165077209473
2021-06-10,11.546974193359208,11.546974193359208,11.440416878862493,11.479165077209473
2021-06-11,11.517913275556452,11.566347830617739,11.440416878862493,11.479165077209473
2021-06-14,11.450103235576798,11.498538714468003,11.440416878862493,11.479165077209473
2021-06-15,11.51791475211051,11.595411158739223,11.488852906752214,11.585723876953125
2021-06-16,11.624471664428711,11.63415894586827,11.585723462500482,11.624471664428711
2021-06-17,11.605097243460712,11.634159088134766,11.605097243460712,11.634159088134766
2021-06-18,11.634159616685277,11.634159616685277,11.605097770690918,11.605097770690918
2021-06-21,11.663220008978804,11.663220008978804,11.605097243460712,11.634159088134766
2021-06-22,11.66526651260465,11.66526651260465,11.606939772129907,11.655545234680176
2021-06-23,11.626380937482638,11.665265117457952,11.587496757507324,11.587496757507324
2021-06-24,11.655543818767272,11.655543818767272,11.597218012450025,11.606938362121582
2021-06-25,11.616660159517314,11.616660159517314,11.558334350585938,11.558334350585938
2021-06-28,11.616661071777344,11.616661071777344,11.52917142443767,11.616661071777344
2021-06-29,11.616661074176603,11.645823980938486,11.568055611525402,11.636103630065918
2021-06-30,11.636103151629426,11.655544779647279,11.597218968521668,11.626381874084473
2021-07-01,11.606939295669113,11.684708588800397,11.606939295669113,11.64582347869873
2021-07-02,11.616660536577053,11.752755640287743,11.616660536577053,11.743034362792969
2021-07-06,11.743033413988583,11.772196317044575,11.684707607876597,11.762475967407227
2021-07-07,11.811081411136762,11.820802688598633,11.781918505823192,11.820802688598633
2021-07-08,11.82080314276031,11.859687327029704,11.801361514161655,11.849966049194336
2021-07-09,11.820801245829426,11.879127976409633,11.820801245829426,11.869406700134277
2021-07-12,11.888850212097168,11.927735323368758,11.87912986135135,11.888850212097168
2021-07-13,11.90829087816377,11.90829087816377,11.81107996955407,11.869406700134277
2021-07-14,11.918014503576137,12.0055041531554,11.849966483307758,11.95689868927002
2021-07-15,12.01522457365837,12.01522457365837,11.781919458147827,11.840246200561523
2021-07-16,11.937455200485221,11.986060660574164,11.849965557739536,11.918013572692871
2021-07-19,11.888847872081115,11.888847872081115,11.781916618347168,11.781916618347168
2021-07-20,11.78191665228135,11.84024338080452,11.723590850830078,11.723590850830078
2021-07-21,11.801360582621175,11.888849295017327,11.665265484884928,11.811080932617188
2021-07-22,11.81303157494281,11.81303157494281,11.627691268920898,11.627691268920898
2021-07-23,11.754503448951802,11.754503448951802,11.608181273398701,11.627691268920898
2021-07-26,11.70573065071521,11.70573065071521,11.559409389696427,11.57891845703125
2021-07-27,11.56916198111102,11.608181041086741,11.500878858725448,11.539897918701172
2021-07-28,11.598427342288069,11.676465464718769,11.578917346536494,11.637446403503418
2021-07-29,11.695975873952737,11.715485871945846,11.637447740549218,11.666711807250977
2021-07-30,11.725240571562422,11.744749638769502,11.656956510617935,11.715485572814941
2021-08-02,11.764258907076838,11.822787035358195,11.695974850364822,11.803277969360352
2021-08-03,11.803277924251807,11.881316048520594,11.7837679280407,11.871561050415039
2021-08-04,11.900825934329376,11.900825934329376,11.803278737416969,11.861806869506836
2021-08-05,11.861805779130895,11.89106984248578,11.774012658778439,11.85205078125
2021-08-06,11.871561619447652,11.900825684879187,11.803278490011444,11.842297554016113
2021-08-09,11.891070686306053,11.891070686306053,11.783768492865175,11.842297554016113
2021-08-10,11.852051190344739,11.881316184997559,11.842297122414966,11.881316184997559
2021-08-11,11.89106984248578,11.89106984248578,11.85205078125,11.85205078125
2021-08-12,11.861804434314488,11.881314427864359,11.822785377502441,11.822785377502441
2021-08-13,11.852049612437133,11.861804609356021,11.7447474371925,11.764257431030273
2021-08-16,11.803278490011444,11.861806620874516,11.803278490011444,11.842297554016113
2021-08-17,11.881315774892686,11.881315774892686,11.822786717895115,11.85205078125
2021-08-18,11.881316618020787,11.891070686306053,11.842297554016115,11.842297554016113
2021-08-19,11.764258591185344,11.89106984248578,11.695974536306878,11.85205078125
2021-08-20,11.852051302952443,11.90082536421605,11.813032239999124,11.891070365905762
2021-08-23,11.863563947916298,11.912506230572408,11.716738033444363,11.834198951721191
2021-08-24,11.834198671912322,11.853775024414062,11.785256390413407,11.853775024414062
2021-08-25,11.8929293574921,11.902718001062842,11.804834365844728,11.804834365844727
2021-08-26,11.843987594951692,11.863563947916298,11.78525666906508,11.834198951721191
2021-08-27,11.83419879774207,11.83419879774207,11.765680163012876,11.775467872619629
2021-08-30,11.775468695690202,11.824410981130429,11.755892341611984,11.785257339477539
2021-08-31,11.795045158825904,11.795045158825904,11.765680163012876,11.775467872619629
2021-09-01,11.755892753601074,11.775469108365353,11.726526821209928,11.755892753601074
2021-09-02,11.726526821209928,11.775469108365353,11.726526821209928,11.755892753601074
2021-09-03,11.75589260504314,11.775468959560037,11.697161674499512,11.697161674499512
2021-09-07,11.628643858045773,11.706951148659156,11.628643858045773,11.638432502746582
2021-09-08,11.716738681488424,11.716738681488424,11.61885411076228,11.648219108581543
2021-09-09,11.726526956028254,11.726526956028254,11.64821966907788,11.67758560180664
2021-09-10,11.726526541981237,11.726526541981237,11.667796545590377,11.706950187683105
2021-09-13,11.765681249049825,11.765681249049825,11.677585319982615,11.697161674499512
2021-09-14,11.746104109470691,11.755892753601074,11.677585467550987,11.755892753601074
2021-09-15,11.736315727233887,11.78525801548145,11.726527082885074,11.736315727233887
2021-09-16,11.795045309297995,11.795045309297995,11.755891669882336,11.765680313110352
2021-09-17,11.775468022841967,11.785256666069982,11.765680313110352,11.765680313110352
2021-09-20,11.775468565303235,11.795045852661131,11.736314924083883,11.795045852661133
2021-09-21,11.79504639332547,11.853776391098357,11.765681394439026,11.824411392211914
2021-09-22,11.836099559891977,11.845922273816756,11.757519721984863,11.757519721984863
2021-09-23,11.718230178502079,11.796810018927015,11.718230178502079,11.7869873046875
2021-09-24,11.816453818850048,11.875389164091095,11.806632041931152,11.806632041931152
2021-09-27,11.81645328947158,11.836098715920324,11.767340660095217,11.767340660095215
2021-09-28,11.777165109497627,11.777165109497627,11.659295343665402,11.678940773010254
2021-09-29,11.728051893667615,11.747697322042237,11.678940196222223,11.708407402038574
2021-09-30,11.845922838507304,11.845922838507304,11.728052139282227,11.728052139282227
2021-10-01,11.796809059239017,11.855743466390523,11.570891333836878,11.639649391174316
2021-10-04,11.629827303511272,11.649471794703635,11.54142475128174,11.541424751281738
2021-10-05,11.62000516102967,11.678940510996398,11.580715239967054,11.659295082092285
2021-10-06,11.678939308190492,11.708406511766245,11.629826677733895,11.639649391174316
2021-10-07,11.718230432059014,11.718230432059014,11.639650589933783,11.659295082092285
2021-10-08,11.68876255093705,11.737875187553552,11.649472628992974,11.678940773010254
2021-10-11,11.708406580325304,11.757519211069482,11.708406580325304,11.718229293823242
2021-10-12,11.688761711120605,11.747697058175135,11.57089195375711,11.688761711120605
2021-10-13,11.610182446577614,11.669117796544343,11.610182446577614,11.659295082092285
2021-10-14,11.78698672875504,11.78698672875504,11.620004341824698,11.669116973876953
2021-10-15,11.728052209765462,11.728052209765462,11.62000516102967,11.659295082092285
2021-10-18,11.68876146465053,11.698584178410089,11.659294260117393,11.669116973876953
2021-10-19,11.65929432608674,11.777164081631744,11.600359916687013,11.600359916687012
2021-10-20,11.688761646278094,11.688761646278094,11.600360031305046,11.61018180847168
2021-10-21,11.681058470366159,11.690915188897828,11.56276844720546,11.592341423034668
2021-10-22,11.65148507592378,11.65148507592378,11.503623962402346,11.503623962402344
2021-10-25,11.58248328436671,11.61205531889218,11.5134815571146,11.602198600769043
2021-10-26,11.602198080799981,11.651484489440918,11.55291073208106,11.651484489440918
2021-10-27,11.681057456337982,11.681057456337982,11.641627765399981,11.671199798583984
2021-10-28,11.67120027900938,11.68105793716915,11.602198552047035,11.66134262084961
2021-10-29,11.602198054652197,11.690914154052734,11.582482739177868,11.690914154052734
2021-11-01,11.720487147275982,11.720487147275982,11.651484483075992,11.671199798583984
2021-11-02,11.621912430048544,11.720487127264231,11.621912430048544,11.690914154052734
2021-11-03,11.690913668945791,11.720486640930176,11.690913668945791,11.720486640930176
2021-11-04,11.799347886134726,11.819062263831984,11.720488495189509,11.779632568359375
2021-11-05,11.730345213999092,11.819062263831984,11.730345213999092,11.779632568359375
2021-11-08,11.78949018791839,11.858491919745749,11.78949018791839,11.838777542114258
2021-11-09,11.80920359376869,11.868348601952295,11.80920359376869,11.858490943908691
2021-11-10,11.819061299917559,11.878206308341893,11.799346923828125,11.799346923828125
2021-11-11,11.750060030913723,11.878206770756812,11.750060030913723,11.8092041015625
2021-11-12,11.819060793191044,11.878205799079613,11.819060793191044,11.848633766174316
2021-11-15,11.838776199876264,11.868348233009776,11.690914154052734,11.690914154052734
2021-11-16,11.720486665636042,11.730343382907002,11.681056976318358,11.68105697631836
2021-11-17,11.681059235856386,11.838778023635617,11.681059235856386,11.828920364379883
2021-11-18,11.82891899293272,11.82891899293272,11.730344291960407,11.740201950073242
2021-11-19,11.740203375846265,11.81906277016988,11.690916019374471,11.75006103515625
2021-11-22,11.79971122741699,11.79971122741699,11.760148110325648,11.799711227416992
2021-11-23,11.79971162591454,11.79971162591454,11.68102227063216,11.75025749206543
2021-11-24,11.69091222141198,11.700803236730936,11.592004897999823,11.671131134033203
2021-11-26,11.56233218845205,11.661240458001105,11.56233218845205,11.582114219665527
2021-11-29,11.532660657961136,11.661241037460538,11.532660657961136,11.651350021362305
2021-11-30,11.700802963059077,11.79971122741699,11.621676728876393,11.799711227416992
2021-12-01,11.799712349979735,11.849165543604295,11.582114713646698,11.592005729675293
2021-12-02,11.592004615887719,11.621676717863329,11.453533234569683,11.493096351623535
2021-12-03,11.473314770220908,11.522767956962431,11.45353274091704,11.48320484161377
2021-12-06,11.493097281124111,11.522769385499442,11.473316192626953,11.473316192626953
2021-12-07,11.601895272367893,11.601895272367893,11.473315842907635,11.562332153320312
2021-12-08,11.641458810566627,11.641458810566627,11.502987428504618,11.532659530639648
2021-12-09,11.522768515508265,11.572222647906063,11.522768515508265,11.532659530639648
2021-12-10,11.552442081002791,11.611786287944577,11.522769034272736,11.562332153320312
2021-12-13,11.542551650507363,11.710695150797399,11.542551650507363,11.631568908691406
2021-12-14,11.59200511464933,11.66124033665773,11.5029878616333,11.5029878616333
2021-12-15,11.522768453599145,11.582113600809478,11.483205336545293,11.493096351623535
2021-12-16,11.522768949381776,11.552441995893224,11.5029878616333,11.5029878616333
2021-12-17,11.522768576994077,11.582113724839925,11.502987489884877,11.572222709655762
2021-12-20,11.502988355714407,11.601895685223406,11.48320632385709,11.512879371643066
2021-12-21,11.59200567131517,11.59200567131517,11.453534277389608,11.55244255065918
2021-12-22,11.552442020879825,11.552442020879825,11.502987886512939,11.5227689743042
2021-12-23,11.562667250836991,11.562667250836991,11.483267033824612,11.503117561340332
2021-12-27,11.493192493306628,11.55274313034266,11.483267229379747,11.522967338562012
2021-12-28,11.493192540020933,11.632143395986267,11.48326727605371,11.622218132019043
2021-12-29,11.622217553206811,11.632142816679735,11.513042494580311,11.612292289733887
2021-12-30,11.602367556926545,11.602367556926545,11.522967338562012,11.522967338562012
2021-12-31,11.542818249869997,11.582518360371107,11.463418028867778,11.513043403625488
2022-01-03,11.513042849478586,11.58251780288023,11.513042849478586,11.552742958068848
2022-01-04,11.612292417435592,11.612292417435592,11.443566722641274,11.483266830444336
2022-01-05,11.542817465411543,11.572592309632531,11.46341724980542,11.483266830444336
2022-01-06,11.513042646490318,11.532892227172852,11.473342538600017,11.532892227172852
2022-01-07,11.522967699271856,11.542818227747015,11.463418006896973,11.463418006896973
2022-01-10,11.413792632234372,11.493192853084414,11.413792632234372,11.463418006896973
2022-01-11,11.463417583841862,11.463417583841862,11.294691884130987,11.374092102050781
2022-01-12,11.324466526598918,11.354241371154785,11.304616945736754,11.354241371154785
2022-01-13,11.354242086401685,11.364167350720619,11.23514175415039,11.23514175415039
2022-01-14,11.175592241406486,11.254992464187056,11.175592241406486,11.205367088317871
2022-01-18,11.2053671952876,11.2053671952876,10.947315995524654,10.977091789245605
2022-01-19,10.927465593869094,11.006865811456452,10.848065376281738,10.848065376281738
2022-01-20,10.867914574698474,10.977090579930358,10.818289203822637,10.857989311218262
2022-01-21,10.818342529538382,10.907997456719514,10.77849600079301,10.788457870483398
2022-01-24,10.609147496942619,10.768534554140384,10.609147496942619,10.71872615814209
2022-01-25,10.708764077693134,10.838265524727637,10.678879420690132,10.798418998718262
2022-01-26,10.798419740173786,10.907997456719514,10.748611341738027,10.788457870483398
2022-01-27,10.818342529538382,10.858189058283754,10.738649472047637,10.788457870483398
2022-01-28,10.77849589664649,10.798419635834755,10.698802839925776,10.738649368286133
2022-01-31,10.758573107474398,10.77849589664649,10.688840970331643,10.738649368286133
2022-02-01,10.728688444913908,10.848228029952704,10.728688444913908,10.828304290771484
2022-02-02,10.848227500915527,10.90799681551206,10.788457236302868,10.848227500915527
2022-02-03,10.688840863158312,10.798419527562716,10.688840863158312,10.778495788574219
2022-02-04,10.738649476760907,10.748611346455668,10.688841078303286,10.698802947998047
2022-02-07,10.708764182924973,10.768534447534442,10.708764182924973,10.758572578430176
2022-02-08,10.678879419233983,10.758572471241868,10.678879419233983,10.70876407623291
2022-02-09,10.708764817692806,10.76853508584519,10.678880158624708,10.698802947998047
2022-02-10,10.658956106354449,10.708764503350006,10.619109578761234,10.639033317565918
2022-02-11,10.609147497563397,10.629071235970335,10.479646997982847,10.539416313171387
2022-02-14,10.49957010834642,10.49957010834642,10.389992393796435,10.419877052307129
2022-02-15,10.409914864204907,10.409914864204907,10.340183679808677,10.360106468200684
2022-02-16,10.310298811830924,10.439799308776855,10.290375073829324,10.439799308776855
2022-02-17,10.390000343322754,10.539999961853027,10.380000114440918,10.520000457763672
2022-02-18,10.529999732971191,10.579999923706055,10.380000114440918,10.449999809265137
2022-02-22,10.4399995803833,10.449999809265137,10.350000381469727,10.369999885559082
2022-02-23,10.350000381469727,10.380000114440918,10.279999732971191,10.289999961853027
2022-02-24,10.210000038146973,10.350000381469727,10.210000038146973,10.350000381469727
2022-02-25,10.300000190734863,10.40999984741211,10.300000190734863,10.390000343322754
2022-02-28,10.34000015258789,10.4399995803833,10.329999923706055,10.420000076293945
2022-03-01,10.380000114440918,10.550000190734863,10.380000114440918,10.520000457763672
2022-03-02,10.479999542236328,10.539999961853027,10.40999984741211,10.539999961853027
2022-03-03,10.5,10.539999961853027,10.479999542236328,10.539999961853027
2022-03-04,10.489999771118164,10.5,10.449999809265137,10.460000038146973
2022-03-07,10.40999984741211,10.4399995803833,10.319999694824219,10.350000381469727
2022-03-08,10.3100004196167,10.350000381469727,10.25,10.329999923706055
2022-03-09,10.390000343322754,10.390000343322754,10.270000457763672,10.279999732971191
2022-03-10,10.25,10.260000228881836,10.15999984741211,10.170000076293945
2022-03-11,10.149999618530273,10.170000076293945,10.079999923706055,10.100000381469727
2022-03-14,10.09000015258789,10.100000381469727,10.010000228881836,10.039999961853027
2022-03-15,10.039999961853027,10.050000190734863,9.949999809265137,10.029999732971191
2022-03-16,10.050000190734863,10.069999694824219,9.960000038146973,10.020000457763672
2022-03-17,9.989999771118164,10.100000381469727,9.989999771118164,10.069999694824219
2022-03-18,10.050000190734863,10.140000343322754,10.050000190734863,10.100000381469727
2022-03-21,10.039999961853027,10.130000114440918,10.020000457763672,10.029999732971191
2022-03-22,10.020000457763672,10.09000015258789,9.979999542236328,10.0
2022-03-23,9.949999809265137,9.989999771118164,9.9399995803833,9.970000267028809
2022-03-24,9.970000267028809,9.970000267028809,9.899999618530273,9.90999984741211
2022-03-25,9.920000076293945,9.930000305175781,9.829999923706055,9.84000015258789
2022-03-28,9.84000015258789,9.930000305175781,9.739999771118164,9.800000190734863
2022-03-29,9.890000343322754,9.920000076293945,9.8100004196167,9.920000076293945
2022-03-30,9.920000076293945,9.989999771118164,9.890000343322754,9.970000267028809
2022-03-31,10.050000190734863,10.050000190734863,9.970000267028809,10.039999961853027
2022-04-01,9.989999771118164,10.039999961853027,9.970000267028809,10.0
2022-04-04,10.0,10.0600004196167,9.979999542236328,9.979999542236328
2022-04-05,9.949999809265137,9.989999771118164,9.84000015258789,9.84000015258789
2022-04-06,9.770000457763672,9.8100004196167,9.739999771118164,9.779999732971191
2022-04-07,9.619999885559082,9.770000457763672,9.619999885559082,9.710000038146973
2022-04-08,9.699999809265137,9.720000267028809,9.619999885559082,9.670000076293945
2022-04-11,9.640000343322754,9.670000076293945,9.529999732971191,9.5600004196167
2022-04-12,9.520000457763672,9.600000381469727,9.5,9.569999694824219
2022-04-13,9.5,9.5600004196167,9.489999771118164,9.520000457763672
2022-04-14,9.539999961853027,9.5600004196167,9.470000267028809,9.5
2022-04-18,9.430000305175781,9.529999732971191,9.430000305175781,9.489999771118164
2022-04-19,9.449999809265137,9.460000038146973,9.369999885559082,9.390000343322754
2022-04-20,9.390000343322754,9.579999923706055,9.390000343322754,9.550000190734863
2022-04-21,9.4399995803833,9.489999771118164,9.350000381469727,9.380000114440918
2022-04-22,9.369999885559082,9.399999618530273,9.270000457763672,9.300000190734863
2022-04-25,9.220000267028809,9.260000228881836,9.210000038146973,9.229999542236328
2022-04-26,9.210000038146973,9.270000457763672,9.199999809265137,9.199999809265137
2022-04-27,9.15999984741211,9.239999771118164,9.149999618530273,9.15999984741211
2022-04-28,9.100000381469727,9.289999961853027,9.100000381469727,9.260000228881836
2022-04-29,9.319999694824219,9.319999694824219,9.180000305175781,9.1899995803833
2022-05-02,9.15999984741211,9.220000267028809,9.149999618530273,9.199999809265137
2022-05-03,9.170000076293945,9.239999771118164,9.170000076293945,9.199999809265137
2022-05-04,9.100000381469727,9.300000190734863,9.079999923706055,9.260000228881836
2022-05-05,9.180000305175781,9.260000228881836,9.170000076293945,9.220000267028809
2022-05-06,9.180000305175781,9.279999732971191,9.15999984741211,9.210000038146973
2022-05-09,9.15999984741211,9.220000267028809,9.130000114440918,9.1899995803833
2022-05-10,9.199999809265137,9.25,9.149999618530273,9.239999771118164
2022-05-11,9.199999809265137,9.319999694824219,9.1899995803833,9.239999771118164
2022-05-12,9.1899995803833,9.3100004196167,9.180000305175781,9.220000267028809
2022-05-13,9.239999771118164,9.399999618530273,9.239999771118164,9.390000343322754
2022-05-16,9.34000015258789,9.550000190734863,9.34000015258789,9.40999984741211
2022-05-17,9.380000114440918,9.40999984741211,9.3100004196167,9.319999694824219
2022-05-18,9.329999923706055,9.329999923706055,9.170000076293945,9.199999809265137
2022-05-19,9.130000114440918,9.1899995803833,9.119999885559082,9.119999885559082
2022-05-20,9.170000076293945,9.1899995803833,9.100000381469727,9.140000343322754
2022-05-23,9.289999961853027,9.289999961853027,9.199999809265137,9.25
2022-05-24,9.220000267028809,9.369999885559082,9.220000267028809,9.289999961853027
2022-05-25,9.300000190734863,9.479999542236328,9.300000190734863,9.449999809265137
2022-05-26,9.40999984741211,9.5600004196167,9.40999984741211,9.449999809265137
2022-05-27,9.59000015258789,9.6899995803833,9.5600004196167,9.59000015258789
2022-05-31,9.550000190734863,9.579999923706055,9.479999542236328,9.529999732971191
2022-06-01,9.510000228881836,9.609999656677246,9.430000305175781,9.569999694824219
2022-06-02,9.5,9.649999618530273,9.5,9.600000381469727
2022-06-03,9.529999732971191,9.600000381469727,9.449999809265137,9.5
2022-06-06,9.470000267028809,9.5,9.390000343322754,9.390000343322754
2022-06-07,9.399999618530273,9.470000267028809,9.390000343322754,9.430000305175781
2022-06-08,9.460000038146973,9.470000267028809,9.369999885559082,9.40999984741211
2022-06-09,9.399999618530273,9.4399995803833,9.229999542236328,9.270000457763672
2022-06-10,9.199999809265137,9.260000228881836,9.140000343322754,9.140000343322754
2022-06-13,9.050000190734863,9.270000457763672,8.949999809265137,8.949999809265137
2022-06-14,8.989999771118164,9.010000228881836,8.869999885559082,8.90999984741211
2022-06-15,8.90999984741211,9.020000457763672,8.859999656677246,8.890000343322754
2022-06-16,8.819999694824219,8.819999694824219,8.65999984741211,8.699999809265137
2022-06-17,8.720000267028809,8.850000381469727,8.710000038146973,8.75
2022-06-21,8.84000015258789,8.84000015258789,8.680000305175781,8.720000267028809
2022-06-22,8.699999809265137,8.789999961853027,8.699999809265137,8.729999542236328
2022-06-23,8.779999732971191,8.859999656677246,8.779999732971191,8.8100004196167
2022-06-24,8.8100004196167,9.020000457763672,8.8100004196167,8.9399995803833
2022-06-27,8.930000305175781,9.069999694824219,8.890000343322754,9.050000190734863
2022-06-28,9.069999694824219,9.130000114440918,9.020000457763672,9.100000381469727
2022-06-29,9.130000114440918,9.270000457763672,9.010000228881836,9.260000228881836
2022-06-30,9.260000228881836,9.279999732971191,9.180000305175781,9.270000457763672
2022-07-01,9.289999961853027,9.359999656677246,9.289999961853027,9.34000015258789
2022-07-05,9.34000015258789,9.34000015258789,9.260000228881836,9.279999732971191
2022-07-06,9.3100004196167,9.390000343322754,9.3100004196167,9.319999694824219
2022-07-07,9.369999885559082,9.4399995803833,9.270000457763672,9.380000114440918
2022-07-08,9.359999656677246,9.420000076293945,9.34000015258789,9.380000114440918
2022-07-11,9.369999885559082,9.5,9.369999885559082,9.470000267028809
2022-07-12,9.5,9.520000457763672,9.460000038146973,9.520000457763672
2022-07-13,9.470000267028809,9.5,9.430000305175781,9.460000038146973
2022-07-14,9.380000114440918,9.460000038146973,9.319999694824219,9.380000114440918
2022-07-15,9.4399995803833,9.479999542236328,9.4399995803833,9.479999542236328
2022-07-18,9.470000267028809,9.479999542236328,9.399999618530273,9.420000076293945
2022-07-19,9.420000076293945,9.5,9.420000076293945,9.4399995803833
2022-07-20,9.460000038146973,9.529999732971191,9.460000038146973,9.520000457763672
2022-07-21,9.479999542236328,9.510000228881836,9.4399995803833,9.4399995803833
2022-07-22,9.460000038146973,9.529999732971191,9.319999694824219,9.420000076293945
2022-07-25,9.399999618530273,9.460000038146973,9.399999618530273,9.399999618530273
2022-07-26,9.40999984741211,9.550000190734863,9.40999984741211,9.539999961853027
2022-07-27,9.539999961853027,9.5600004196167,9.5,9.510000228881836
2022-07-28,9.579999923706055,9.670000076293945,9.520000457763672,9.670000076293945
2022-07-29,9.710000038146973,9.770000457763672,9.699999809265137,9.75
2022-08-01,9.710000038146973,9.869999885559082,9.680000305175781,9.680000305175781
2022-08-02,9.6899995803833,9.779999732971191,9.670000076293945,9.710000038146973
2022-08-03,9.739999771118164,9.869999885559082,9.720000267028809,9.779999732971191
2022-08-04,9.800000190734863,9.8100004196167,9.770000457763672,9.770000457763672
2022-08-05,9.720000267028809,9.75,9.640000343322754,9.640000343322754
2022-08-08,9.680000305175781,9.739999771118164,9.649999618530273,9.6899995803833
2022-08-09,9.710000038146973,9.710000038146973,9.680000305175781,9.680000305175781
2022-08-10,9.760000228881836,9.779999732971191,9.699999809265137,9.729999542236328
2022-08-11,9.770000457763672,9.770000457763672,9.699999809265137,9.720000267028809
2022-08-12,9.75,9.800000190734863,9.729999542236328,9.789999961853027
2022-08-15,9.789999961853027,9.859999656677246,9.710000038146973,9.720000267028809
2022-08-16,9.850000381469727,9.850000381469727,9.65999984741211,9.680000305175781
2022-08-17,9.649999618530273,9.670000076293945,9.5600004196167,9.569999694824219
2022-08-18,9.569999694824219,9.65999984741211,9.569999694824219,9.59000015258789
2022-08-19,9.539999961853027,9.579999923706055,9.489999771118164,9.510000228881836
2022-08-22,9.420000076293945,9.600000381469727,9.380000114440918,9.380000114440918
2022-08-23,9.369999885559082,9.420000076293945,9.329999923706055,9.380000114440918
2022-08-24,9.359999656677246,9.399999618530273,9.359999656677246,9.369999885559082
2022-08-25,9.369999885559082,9.40999984741211,9.34000015258789,9.34000015258789
2022-08-26,9.369999885559082,9.369999885559082,9.270000457763672,9.289999961853027
2022-08-29,9.270000457763672,9.300000190734863,9.170000076293945,9.1899995803833
2022-08-30,9.170000076293945,9.210000038146973,9.149999618530273,9.15999984741211
2022-08-31,9.210000038146973,9.239999771118164,9.130000114440918,9.1899995803833
2022-09-01,9.15999984741211,9.199999809265137,8.960000038146973,9.039999961853027
2022-09-02,9.0,9.300000190734863,9.0,9.25
2022-09-06,9.149999618530273,9.229999542236328,9.079999923706055,9.079999923706055
2022-09-07,9.079999923706055,9.119999885559082,9.010000228881836,9.0600004196167
2022-09-08,9.0,9.100000381469727,8.949999809265137,8.989999771118164
2022-09-09,9.050000190734863,9.09000015258789,8.930000305175781,9.0
2022-09-12,9.029999732971191,9.09000015258789,8.960000038146973,8.960000038146973
2022-09-13,8.960000038146973,8.989999771118164,8.890000343322754,8.930000305175781
2022-09-14,8.90999984741211,8.920000076293945,8.8100004196167,8.8100004196167
2022-09-15,8.850000381469727,8.859999656677246,8.800000190734863,8.819999694824219
2022-09-16,8.760000228881836,8.819999694824219,8.75,8.779999732971191
2022-09-19,8.789999961853027,8.859999656677246,8.789999961853027,8.84000015258789
2022-09-20,8.800000190734863,9.260000228881836,8.800000190734863,8.869999885559082
2022-09-21,8.850000381469727,8.850000381469727,8.75,8.800000190734863
2022-09-22,8.779999732971191,8.779999732971191,8.609999656677246,8.609999656677246
2022-09-23,8.579999923706055,8.710000038146973,8.529999732971191,8.670000076293945
2022-09-26,8.609999656677246,8.609999656677246,8.430000305175781,8.430000305175781
2022-09-27,8.489999771118164,8.489999771118164,8.329999923706055,8.390000343322754
2022-09-28,8.390000343322754,8.529999732971191,8.390000343322754,8.5
2022-09-29,8.460000038146973,8.510000228881836,8.380000114440918,8.479999542236328
2022-09-30,8.510000228881836,8.510000228881836,8.430000305175781,8.510000228881836
2022-10-03,8.479999542236328,8.609999656677246,8.420000076293945,8.5
2022-10-04,8.619999885559082,8.710000038146973,8.600000381469727,8.640000343322754
2022-10-05,8.600000381469727,8.600000381469727,8.390000343322754,8.420000076293945
2022-10-06,8.399999618530273,8.460000038146973,8.380000114440918,8.40999984741211
2022-10-07,8.34000015258789,8.420000076293945,8.34000015258789,8.390000343322754
2022-10-10,8.390000343322754,8.520000457763672,8.359999656677246,8.390000343322754
2022-10-11,8.399999618530273,8.4399995803833,8.369999885559082,8.369999885559082
2022-10-12,8.380000114440918,8.470000267028809,8.380000114440918,8.4399995803833
2022-10-13,8.34000015258789,8.550000190734863,8.34000015258789,8.390000343322754
2022-10-14,8.399999618530273,8.420000076293945,8.369999885559082,8.390000343322754
2022-10-17,8.369999885559082,8.4399995803833,8.350000381469727,8.369999885559082
2022-10-18,8.350000381469727,8.40999984741211,8.350000381469727,8.380000114440918
2022-10-19,8.359999656677246,8.369999885559082,8.329999923706055,8.329999923706055
2022-10-20,8.329999923706055,8.34000015258789,8.229999542236328,8.229999542236328
2022-10-21,8.180000305175781,8.220000267028809,8.149999618530273,8.1899995803833
2022-10-24,8.170000076293945,8.210000038146973,8.100000381469727,8.119999885559082
2022-10-25,8.119999885559082,8.170000076293945,8.109999656677246,8.170000076293945
2022-10-26,8.140000343322754,8.199999809265137,8.130000114440918,8.180000305175781
2022-10-27,8.220000267028809,8.229999542236328,8.15999984741211,8.1899995803833
2022-10-28,8.1899995803833,8.220000267028809,8.149999618530273,8.210000038146973
2022-10-31,8.149999618530273,8.229999542236328,8.079999923706055,8.100000381469727
2022-11-01,8.119999885559082,8.180000305175781,8.119999885559082,8.149999618530273
2022-11-02,8.109999656677246,8.210000038146973,8.109999656677246,8.130000114440918
2022-11-03,8.039999961853027,8.130000114440918,8.039999961853027,8.079999923706055
2022-11-04,8.119999885559082,8.15999984741211,8.09000015258789,8.100000381469727
2022-11-07,8.149999618530273,8.149999618530273,8.09000015258789,8.100000381469727
2022-11-08,8.100000381469727,8.15999984741211,8.100000381469727,8.119999885559082
2022-11-09,8.069999694824219,8.170000076293945,8.0600004196167,8.140000343322754
2022-11-10,8.199999809265137,8.420000076293945,8.199999809265137,8.359999656677246
2022-11-11,8.369999885559082,8.520000457763672,8.369999885559082,8.420000076293945
2022-11-14,8.420000076293945,8.449999809265137,8.369999885559082,8.40999984741211
2022-11-15,8.470000267028809,8.550000190734863,8.399999618530273,8.510000228881836
2022-11-16,8.449999809265137,8.59000015258789,8.449999809265137,8.569999694824219
2022-11-17,8.529999732971191,8.649999618530273,8.5,8.569999694824219
2022-11-18,8.539999961853027,8.630000114440918,8.539999961853027,8.609999656677246
2022-11-21,8.569999694824219,8.710000038146973,8.569999694824219,8.670000076293945
2022-11-22,8.619999885559082,8.8100004196167,8.619999885559082,8.720000267028809
2022-11-23,8.680000305175781,8.829999923706055,8.680000305175781,8.770000457763672
2022-11-25,8.75,8.789999961853027,8.75,8.770000457763672
2022-11-28,8.770000457763672,8.819999694824219,8.770000457763672,8.789999961853027
2022-11-29,8.770000457763672,8.869999885559082,8.770000457763672,8.819999694824219
2022-11-30,8.779999732971191,8.899999618530273,8.779999732971191,8.850000381469727
