Date,Open,High,Low,Close
2020-12-10,46.0,52.0,42.0,51.9900016784668
2020-12-11,47.63999938964844,49.75,44.77000045776367,48.29999923706055
2020-12-14,47.20000076293945,47.52000045776367,43.0,43.369998931884766
2020-12-15,43.720001220703125,48.439998626708984,41.59000015258789,48.130001068115234
2020-12-16,48.130001068115234,54.70000076293945,46.0099983215332,53.5
2020-12-17,53.95000076293945,56.88999938964844,52.25,52.90999984741211
2020-12-18,52.400001525878906,54.97999954223633,51.45199966430664,54.150001525878906
2020-12-21,53.04999923706055,56.040000915527344,52.220001220703125,55.0
2020-12-22,55.349998474121094,60.34400177001953,55.04999923706055,59.380001068115234
2020-12-23,60.060001373291016,60.49100112915039,57.029998779296875,57.439998626708984
2020-12-24,56.65999984741211,58.28300094604492,55.0,56.63999938964844
2020-12-28,55.61000061035156,55.61000061035156,50.79999923706055,53.099998474121094
2020-12-29,52.810001373291016,52.810001373291016,47.27000045776367,48.34000015258789
2020-12-30,48.790000915527344,53.06999969482422,48.70000076293945,50.43000030517578
2020-12-31,50.130001068115234,55.0,48.540000915527344,52.58000183105469
2021-01-04,55.0,59.38999938964844,54.650001525878906,58.91999816894531
2021-01-05,58.709999084472656,60.915000915527344,55.310001373291016,60.310001373291016
2021-01-06,63.5,70.12999725341797,61.869998931884766,63.220001220703125
2021-01-07,64.6500015258789,76.9800033569336,64.5,65.43000030517578
2021-01-08,65.08999633789062,67.36000061035156,61.0099983215332,64.45999908447266
2021-01-11,63.900001525878906,73.87999725341797,61.099998474121094,73.52999877929688
2021-01-12,74.0,77.4000015258789,70.91000366210938,72.29000091552734
2021-01-13,72.30000305175781,73.55000305175781,66.69999694824219,68.26000213623047
2021-01-14,68.55999755859375,73.0,68.09600067138672,71.01000213623047
2021-01-15,71.0,71.5999984741211,67.52999877929688,70.2300033569336
2021-01-19,71.37000274658203,76.86000061035156,69.43000030517578,72.48999786376953
2021-01-20,72.94000244140625,76.5999984741211,71.12999725341797,72.36000061035156
2021-01-21,72.3499984741211,74.79000091552734,67.48999786376953,72.05000305175781
2021-01-22,71.8499984741211,73.80999755859375,70.19999694824219,73.0999984741211
2021-01-25,73.16000366210938,85.0,70.87000274658203,76.62000274658203
2021-01-26,77.12999725341797,78.21499633789062,73.76000213623047,76.05000305175781
2021-01-27,73.43000030517578,80.7300033569336,72.0,73.95999908447266
2021-01-28,73.86000061035156,74.9000015258789,72.51000213623047,73.62000274658203
2021-01-29,73.5,75.87000274658203,71.04000091552734,75.51000213623047
2021-02-01,75.37000274658203,79.70999908447266,74.36000061035156,79.56999969482422
2021-02-02,79.86000061035156,92.91000366210938,79.86000061035156,84.12000274658203
2021-02-03,87.98999786376953,88.12999725341797,82.12999725341797,84.27999877929688
2021-02-04,85.0,87.33499908447266,84.4800033569336,85.25
2021-02-05,86.52999877929688,87.0199966430664,81.86000061035156,83.80000305175781
2021-02-08,84.73999786376953,84.73999786376953,80.14099884033203,80.4800033569336
2021-02-09,80.5,84.0,78.54000091552734,83.41000366210938
2021-02-10,84.81999969482422,86.37999725341797,78.5510025024414,81.43000030517578
2021-02-11,80.2699966430664,82.91999816894531,79.01000213623047,80.41999816894531
2021-02-12,80.2699966430664,93.4800033569336,79.05999755859375,92.12999725341797
2021-02-16,93.0199966430664,94.13999938964844,88.79000091552734,93.19999694824219
2021-02-17,94.58000183105469,95.4800033569336,87.58000183105469,88.9800033569336
2021-02-18,88.12000274658203,89.58999633789062,84.55999755859375,85.13999938964844
2021-02-19,86.05999755859375,92.61000061035156,86.05999755859375,92.20999908447266
2021-02-22,90.79000091552734,92.94999694824219,86.1500015258789,86.4800033569336
2021-02-23,82.69000244140625,82.69000244140625,73.30000305175781,76.62000274658203
2021-02-24,78.91000366210938,79.94000244140625,72.06999969482422,72.75
2021-02-25,73.0,74.11000061035156,66.52999877929688,67.83000183105469
2021-02-26,67.44999694824219,68.47899627685547,62.38999938964844,63.47999954223633
2021-03-01,66.18000030517578,71.69999694824219,65.93800354003906,71.4800033569336
2021-03-02,72.0,73.22000122070312,66.95999908447266,68.06999969482422
2021-03-03,67.83000183105469,68.69000244140625,62.84000015258789,62.84000015258789
2021-03-04,61.15999984741211,62.349998474121094,49.8650016784668,51.16999816894531
2021-03-05,52.0,53.77000045776367,44.15999984741211,48.75
2021-03-08,50.369998931884766,52.23500061035156,47.380001068115234,47.41999816894531
2021-03-09,49.79999923706055,54.79999923706055,49.459999084472656,52.900001525878906
2021-03-10,53.29999923706055,57.45000076293945,52.970001220703125,56.130001068115234
2021-03-11,57.5,61.48899841308594,55.650001525878906,58.41999816894531
2021-03-12,57.2400016784668,61.130001068115234,56.029998779296875,60.810001373291016
2021-03-15,60.810001373291016,66.51499938964844,60.529998779296875,64.05000305175781
2021-03-16,63.970001220703125,69.44000244140625,62.779998779296875,66.61000061035156
2021-03-17,64.1500015258789,65.02899932861328,57.22999954223633,62.880001068115234
2021-03-18,61.4900016784668,62.369998931884766,60.150001525878906,60.9900016784668
2021-03-19,62.56999969482422,65.9800033569336,60.0,63.29999923706055
2021-03-22,63.83000183105469,70.26499938964844,62.13999938964844,69.4800033569336
2021-03-23,68.86000061035156,71.52999877929688,65.63999938964844,68.2699966430664
2021-03-24,68.44000244140625,69.76000213623047,65.06999969482422,66.13999938964844
2021-03-25,65.0,67.0,61.83000183105469,62.63999938964844
2021-03-26,64.27999877929688,66.6500015258789,56.724998474121094,58.119998931884766
2021-03-29,58.560001373291016,59.72999954223633,51.52000045776367,51.900001525878906
2021-03-30,54.0,54.400001525878906,50.119998931884766,53.130001068115234
2021-03-31,57.619998931884766,60.900001525878906,52.22999954223633,60.31999969482422
2021-04-01,61.42900085449219,63.36000061035156,56.61000061035156,57.4900016784668
2021-04-05,58.0,58.9900016784668,54.0,57.84000015258789
2021-04-06,58.0,60.2400016784668,55.72999954223633,56.0
2021-04-07,56.0,56.54999923706055,53.0,54.22999954223633
2021-04-08,55.31999969482422,60.310001373291016,54.02000045776367,57.54999923706055
2021-04-09,57.779998779296875,61.2599983215332,57.266998291015625,60.709999084472656
2021-04-12,61.79999923706055,61.9900016784668,56.90999984741211,59.790000915527344
2021-04-13,59.93000030517578,61.2599983215332,58.20100021362305,59.029998779296875
2021-04-14,60.0,60.470001220703125,57.130001068115234,57.47999954223633
2021-04-15,58.630001068115234,59.255001068115234,56.345001220703125,57.41999816894531
2021-04-16,57.689998626708984,61.13999938964844,55.529998779296875,60.09000015258789
2021-04-19,58.31999969482422,60.81999969482422,58.04999923706055,60.27000045776367
2021-04-20,59.5,61.400001525878906,56.79999923706055,59.540000915527344
2021-04-21,58.88999938964844,64.80999755859375,58.220001220703125,64.12000274658203
2021-04-22,63.880001068115234,67.41999816894531,63.48699951171875,64.80000305175781
2021-04-23,64.69000244140625,66.41999816894531,61.07500076293945,61.630001068115234
2021-04-26,61.11000061035156,62.779998779296875,60.5099983215332,61.959999084472656
2021-04-27,56.5,56.60499954223633,52.43000030517578,54.849998474121094
2021-04-28,54.40999984741211,61.2599983215332,54.2599983215332,60.09000015258789
2021-04-29,63.79999923706055,67.14800262451172,63.25,65.55000305175781
2021-04-30,64.75,68.48999786376953,63.314998626708984,65.69999694824219
2021-05-03,65.54000091552734,66.08000183105469,64.2699966430664,65.38999938964844
2021-05-04,64.63999938964844,65.75,63.18000030517578,64.91999816894531
2021-05-05,66.0,70.95999908447266,62.18000030517578,63.779998779296875
2021-05-06,63.939998626708984,65.9000015258789,63.81999969482422,64.93000030517578
2021-05-07,65.91000366210938,67.30000305175781,62.81999969482422,64.19999694824219
2021-05-10,64.01000213623047,64.18000030517578,60.65999984741211,62.0099983215332
2021-05-11,59.33000183105469,61.40999984741211,58.79999923706055,60.2400016784668
2021-05-12,59.0099983215332,60.415000915527344,56.900001525878906,58.040000915527344
2021-05-13,59.849998474121094,60.22999954223633,54.779998779296875,55.119998931884766
2021-05-14,57.5,58.7400016784668,54.18000030517578,55.93000030517578
2021-05-17,55.34000015258789,58.25,55.33000183105469,57.369998931884766
2021-05-18,58.220001220703125,60.7400016784668,57.41999816894531,57.880001068115234
2021-05-19,57.02000045776367,57.70000076293945,55.16999816894531,56.95000076293945
2021-05-20,57.20000076293945,57.72999954223633,55.68299865722656,56.720001220703125
2021-05-21,57.09000015258789,58.709999084472656,54.810001373291016,54.900001525878906
2021-05-24,55.130001068115234,55.2400016784668,52.941001892089844,53.720001220703125
2021-05-25,55.41999816894531,59.2400016784668,55.04999923706055,58.650001525878906
2021-05-26,58.150001525878906,61.25,57.36000061035156,59.7400016784668
2021-05-27,59.439998626708984,60.52000045776367,57.68000030517578,60.119998931884766
2021-05-28,60.150001525878906,62.43000030517578,58.52000045776367,62.290000915527344
2021-06-01,62.75,63.48500061035156,57.5099983215332,57.75
2021-06-02,58.20000076293945,62.0,57.290000915527344,60.790000915527344
2021-06-03,60.29999923706055,61.5,58.34000015258789,58.61000061035156
2021-06-04,59.060001373291016,59.97999954223633,56.16999816894531,56.7599983215332
2021-06-07,56.7599983215332,61.310001373291016,56.220001220703125,59.939998626708984
2021-06-08,59.0,60.20000076293945,56.369998931884766,59.459999084472656
2021-06-09,59.41999816894531,60.36000061035156,56.349998474121094,56.56999969482422
2021-06-10,55.93000030517578,57.185001373291016,53.5,53.779998779296875
2021-06-11,53.36000061035156,55.9900016784668,53.36000061035156,55.290000915527344
2021-06-14,53.5,56.54999923706055,53.06999969482422,56.099998474121094
2021-06-15,56.41999816894531,57.61000061035156,55.04999923706055,55.5099983215332
2021-06-16,55.29999923706055,57.25,55.290000915527344,57.02000045776367
2021-06-17,56.13999938964844,56.849998474121094,54.0,54.43000030517578
2021-06-18,56.0,57.68600082397461,55.79999923706055,56.5
2021-06-21,57.290000915527344,57.290000915527344,54.652000427246094,56.18000030517578
2021-06-22,56.099998474121094,56.79999923706055,54.380001068115234,55.52000045776367
2021-06-23,55.2599983215332,56.29999923706055,54.400001525878906,55.0
2021-06-24,56.0,57.29999923706055,55.20000076293945,56.90999984741211
2021-06-25,57.33000183105469,57.70000076293945,55.869998931884766,56.959999084472656
2021-06-28,57.16999816894531,60.0,56.8390007019043,59.560001373291016
2021-06-29,59.400001525878906,60.70000076293945,57.540000915527344,59.0
2021-06-30,58.88999938964844,59.96500015258789,58.15999984741211,59.11000061035156
2021-07-01,59.77000045776367,59.77000045776367,56.51499938964844,56.56999969482422
2021-07-02,57.150001525878906,57.619998931884766,55.2400016784668,56.619998931884766
2021-07-06,56.88999938964844,58.900001525878906,56.68000030517578,58.439998626708984
2021-07-07,58.4900016784668,58.7400016784668,56.83000183105469,57.630001068115234
2021-07-08,56.52000045776367,57.400001525878906,55.25,57.15999984741211
2021-07-09,57.75,57.959999084472656,56.54999923706055,57.7400016784668
2021-07-12,56.959999084472656,58.08000183105469,56.0,57.7599983215332
2021-07-13,57.31999969482422,59.0,55.04999923706055,55.11000061035156
2021-07-14,55.11000061035156,55.34000015258789,51.5099983215332,51.83000183105469
2021-07-15,50.779998779296875,53.0,48.790000915527344,49.470001220703125
2021-07-16,49.650001525878906,50.0,47.7599983215332,48.11000061035156
2021-07-19,47.5,48.52000045776367,46.20000076293945,47.58000183105469
2021-07-20,47.93000030517578,48.4900016784668,47.06999969482422,48.040000915527344
2021-07-21,48.54999923706055,50.61000061035156,48.54999923706055,50.22999954223633
2021-07-22,50.11000061035156,50.619998931884766,47.25,48.540000915527344
2021-07-23,48.02000045776367,49.470001220703125,48.0,49.060001373291016
2021-07-26,49.09000015258789,50.369998931884766,48.70399856567383,49.459999084472656
2021-07-27,49.0,49.5620002746582,47.5099983215332,48.939998626708984
2021-07-28,49.25,50.61000061035156,48.95000076293945,50.369998931884766
2021-07-29,50.40999984741211,50.47999954223633,48.97999954223633,49.11000061035156
2021-07-30,48.86000061035156,49.939998626708984,48.650001525878906,49.34000015258789
2021-08-02,49.70000076293945,49.95000076293945,48.02000045776367,49.439998626708984
2021-08-03,49.66999816894531,50.599998474121094,48.43000030517578,49.02000045776367
2021-08-04,49.83000183105469,49.83000183105469,47.95000076293945,48.2599983215332
2021-08-05,48.41999816894531,51.630001068115234,48.2599983215332,51.290000915527344
2021-08-06,51.59000015258789,51.70000076293945,49.93000030517578,49.97999954223633
2021-08-09,49.93000030517578,52.15999984741211,49.279998779296875,51.220001220703125
2021-08-10,51.81999969482422,52.93000030517578,50.84000015258789,51.720001220703125
2021-08-11,52.22999954223633,52.22999954223633,49.599998474121094,49.97999954223633
2021-08-12,50.0099983215332,50.7599983215332,46.29999923706055,47.11000061035156
2021-08-13,50.11000061035156,50.29999923706055,46.13999938964844,47.189998626708984
2021-08-16,46.939998626708984,46.939998626708984,40.790000915527344,41.58000183105469
2021-08-17,41.060001373291016,42.849998474121094,40.380001068115234,41.68000030517578
2021-08-18,41.68000030517578,43.459999084472656,40.869998931884766,43.27000045776367
2021-08-19,41.48099899291992,42.75,41.07600021362305,41.849998474121094
2021-08-20,41.7400016784668,43.040000915527344,41.560001373291016,42.970001220703125
2021-08-23,43.5,46.290000915527344,43.005001068115234,46.13999938964844
2021-08-24,46.79999923706055,48.900001525878906,46.43000030517578,48.310001373291016
2021-08-25,48.08000183105469,49.599998474121094,47.974998474121094,48.310001373291016
2021-08-26,48.0,49.2400016784668,47.349998474121094,48.15999984741211
2021-08-27,48.11000061035156,49.849998474121094,48.06999969482422,49.20000076293945
2021-08-30,49.56999969482422,50.5,48.70000076293945,48.79999923706055
2021-08-31,48.77000045776367,51.0,48.68000030517578,50.560001373291016
2021-09-01,50.59000015258789,51.93000030517578,50.0099983215332,50.709999084472656
2021-09-02,50.900001525878906,53.459999084472656,50.59000015258789,53.08000183105469
2021-09-03,52.97999954223633,55.09000015258789,52.0099983215332,54.849998474121094
2021-09-07,54.20000076293945,56.310001373291016,54.20000076293945,54.54999923706055
2021-09-08,54.650001525878906,55.16999816894531,52.119998931884766,52.43000030517578
2021-09-09,52.060001373291016,54.36000061035156,51.900001525878906,52.65999984741211
2021-09-10,53.31999969482422,53.84000015258789,52.349998474121094,52.810001373291016
2021-09-13,52.81999969482422,52.81999969482422,49.38999938964844,49.43000030517578
2021-09-14,48.7400016784668,48.90999984741211,43.040000915527344,45.66999816894531
2021-09-15,45.86000061035156,46.72999954223633,44.349998474121094,45.189998626708984
2021-09-16,45.68000030517578,46.849998474121094,44.45000076293945,46.36000061035156
2021-09-17,46.29999923706055,47.775001525878906,45.59000015258789,45.59000015258789
2021-09-20,44.459999084472656,44.459999084472656,41.70000076293945,42.54999923706055
2021-09-21,42.77000045776367,43.439998626708984,41.220001220703125,41.220001220703125
2021-09-22,41.65999984741211,42.81999969482422,41.43000030517578,41.7599983215332
2021-09-23,42.22999954223633,42.22999954223633,40.61000061035156,41.29999923706055
2021-09-24,40.790000915527344,40.91999816894531,37.308998107910156,37.970001220703125
2021-09-27,37.849998474121094,40.18000030517578,37.540000915527344,40.040000915527344
2021-09-28,38.93000030517578,40.310001373291016,38.41999816894531,38.58000183105469
2021-09-29,38.599998474121094,39.119998931884766,37.900001525878906,38.349998474121094
2021-09-30,38.40999984741211,38.689998626708984,37.2400016784668,37.849998474121094
2021-10-01,38.0,38.459999084472656,37.33000183105469,37.81999969482422
2021-10-04,37.599998474121094,37.599998474121094,35.849998474121094,36.099998474121094
2021-10-05,36.18000030517578,37.75,35.65999984741211,37.54999923706055
2021-10-06,36.9900016784668,39.150001525878906,36.619998931884766,38.790000915527344
2021-10-07,39.0,39.349998474121094,38.40999984741211,38.9900016784668
2021-10-08,38.779998779296875,39.68000030517578,38.41999816894531,38.5
2021-10-11,38.720001220703125,39.279998779296875,37.02000045776367,37.040000915527344
2021-10-12,37.099998474121094,38.650001525878906,37.02000045776367,38.380001068115234
2021-10-13,38.54999923706055,38.84000015258789,35.220001220703125,35.36000061035156
2021-10-14,35.59000015258789,36.84000015258789,35.2599983215332,35.97999954223633
2021-10-15,36.79999923706055,36.79999923706055,35.54999923706055,35.630001068115234
2021-10-18,35.630001068115234,35.970001220703125,34.02000045776367,34.29999923706055
2021-10-19,34.61000061035156,36.54999923706055,34.2599983215332,36.41999816894531
2021-10-20,36.529998779296875,36.81999969482422,35.66999816894531,35.959999084472656
2021-10-21,35.72999954223633,36.4900016784668,35.06999969482422,36.13999938964844
2021-10-22,35.75,36.09000015258789,34.75,34.88999938964844
2021-10-25,34.93000030517578,35.310001373291016,34.369998931884766,35.2400016784668
2021-10-26,35.189998626708984,37.84000015258789,34.880001068115234,34.95000076293945
2021-10-27,34.5,35.17499923706055,32.02000045776367,32.040000915527344
2021-10-28,32.06999969482422,34.220001220703125,31.299999237060547,34.0
2021-10-29,34.15999984741211,34.220001220703125,32.880001068115234,32.970001220703125
2021-11-01,33.2599983215332,34.95000076293945,33.15999984741211,34.18000030517578
2021-11-02,34.130001068115234,34.32099914550781,32.75,33.65999984741211
2021-11-03,33.58000183105469,37.935001373291016,33.29999923706055,37.45000076293945
2021-11-04,37.459999084472656,37.9900016784668,36.34000015258789,37.5099983215332
2021-11-05,37.709999084472656,37.900001525878906,36.41999816894531,37.52000045776367
2021-11-08,38.0,40.18000030517578,37.93000030517578,39.66999816894531
2021-11-09,39.439998626708984,40.959999084472656,39.10300064086914,40.15999984741211
2021-11-10,39.45000076293945,40.5,38.70100021362305,38.880001068115234
2021-11-11,38.689998626708984,41.70000076293945,38.02000045776367,40.720001220703125
2021-11-12,38.15999984741211,43.7400016784668,38.15999984741211,43.65999984741211
2021-11-15,43.7599983215332,45.0099983215332,42.83000183105469,43.38999938964844
2021-11-16,43.08000183105469,43.18000030517578,40.25,43.06999969482422
2021-11-17,42.77000045776367,43.06999969482422,40.40999984741211,41.2400016784668
2021-11-18,41.27000045776367,41.4900016784668,37.474998474121094,38.650001525878906
2021-11-19,38.290000915527344,40.560001373291016,38.28499984741211,38.9900016784668
2021-11-22,39.560001373291016,39.900001525878906,35.66999816894531,36.63999938964844
2021-11-23,36.560001373291016,36.95000076293945,34.58000183105469,36.290000915527344
2021-11-24,36.02000045776367,37.018001556396484,35.73500061035156,36.459999084472656
2021-11-26,35.369998931884766,37.040000915527344,34.61000061035156,35.970001220703125
2021-11-29,36.439998626708984,36.439998626708984,33.821998596191406,34.88999938964844
2021-11-30,34.59000015258789,34.849998474121094,32.029998779296875,33.0
2021-12-01,33.75,33.75,29.139999389648438,29.219999313354492
2021-12-02,29.40999984741211,30.3799991607666,28.639999389648438,29.299999237060547
2021-12-03,29.260000228881836,29.450000762939453,27.200000762939453,29.149999618530273
2021-12-06,29.0,30.459999084472656,27.530000686645508,29.0
2021-12-07,29.0,30.5,29.0,29.450000762939453
2021-12-08,29.719999313354492,31.020000457763672,28.610000610351562,30.239999771118164
2021-12-09,30.040000915527344,30.309999465942383,28.829999923706055,28.899999618530273
2021-12-10,29.200000762939453,29.34000015258789,27.190000534057617,27.899999618530273
2021-12-13,27.81999969482422,28.479999542236328,26.469999313354492,27.049999237060547
2021-12-14,26.31999969482422,27.0,25.3799991607666,25.520000457763672
2021-12-15,25.709999084472656,26.3799991607666,24.354999542236328,26.040000915527344
2021-12-16,26.469999313354492,27.459999084472656,25.010000228881836,25.3799991607666
2021-12-17,25.40999984741211,27.290000915527344,24.600000381469727,26.950000762939453
2021-12-20,26.18000030517578,26.43000030517578,24.729999542236328,25.510000228881836
2021-12-21,25.81999969482422,27.795000076293945,25.81999969482422,27.290000915527344
2021-12-22,27.020000457763672,27.479999542236328,26.174999237060547,27.43000030517578
2021-12-23,27.700000762939453,28.84000015258789,27.510000228881836,28.31999969482422
2021-12-27,28.31999969482422,29.25,27.579999923706055,27.8700008392334
2021-12-28,27.860000610351562,28.393999099731445,27.31999969482422,27.690000534057617
2021-12-29,27.559999465942383,28.200000762939453,26.81999969482422,27.270000457763672
2021-12-30,27.209999084472656,29.799999237060547,27.209999084472656,28.559999465942383
2021-12-31,28.389999389648438,29.530000686645508,28.200000762939453,28.290000915527344
2022-01-03,28.549999237060547,29.139999389648438,27.540000915527344,28.469999313354492
2022-01-04,28.440000534057617,28.549999237060547,24.209999084472656,24.81999969482422
2022-01-05,24.649999618530273,25.530000686645508,22.1200008392334,22.709999084472656
2022-01-06,22.81999969482422,23.424999237060547,22.0,22.6200008392334
2022-01-07,23.25,24.540000915527344,22.40999984741211,23.56999969482422
2022-01-10,23.1299991607666,24.299999237060547,22.43000030517578,24.170000076293945
2022-01-11,24.170000076293945,25.594999313354492,23.90999984741211,25.399999618530273
2022-01-12,25.719999313354492,26.059999465942383,23.610000610351562,23.670000076293945
2022-01-13,23.969999313354492,24.34000015258789,23.229999542236328,23.3700008392334
2022-01-14,23.389999389648438,23.610000610351562,22.110000610351562,22.920000076293945
2022-01-18,22.690000534057617,22.700000762939453,21.600000381469727,21.6299991607666
2022-01-19,22.18000030517578,22.350000381469727,20.799999237060547,21.110000610351562
2022-01-20,21.469999313354492,22.1200008392334,20.25,20.43000030517578
2022-01-21,20.0,20.25,18.959999084472656,18.959999084472656
2022-01-24,18.260000228881836,19.969999313354492,17.559999465942383,19.829999923706055
2022-01-25,19.020000457763672,19.790000915527344,18.530000686645508,19.489999771118164
2022-01-26,19.850000381469727,19.920000076293945,18.0,18.299999237060547
2022-01-27,18.5,18.729999542236328,17.049999237060547,17.3700008392334
2022-01-28,17.260000228881836,17.850000381469727,16.739999771118164,17.809999465942383
2022-01-31,17.84000015258789,19.649999618530273,17.719999313354492,19.610000610351562
2022-02-01,19.790000915527344,20.709999084472656,19.0,20.639999389648438
2022-02-02,20.940000534057617,20.940000534057617,18.719999313354492,19.34000015258789
2022-02-03,18.770000457763672,19.15999984741211,17.454999923706055,17.649999618530273
2022-02-04,17.739999771118164,18.450000762939453,17.309999465942383,18.010000228881836
2022-02-07,18.040000915527344,19.579999923706055,18.040000915527344,18.860000610351562
2022-02-08,18.68000030517578,19.469999313354492,18.479999542236328,19.420000076293945
2022-02-09,19.809999465942383,20.420000076293945,19.479999542236328,19.770000457763672
2022-02-10,19.219999313354492,20.920000076293945,19.040000915527344,19.420000076293945
2022-02-11,19.700000762939453,20.040000915527344,18.790000915527344,19.389999389648438
2022-02-14,19.774999618530273,19.795000076293945,18.6299991607666,19.350000381469727
2022-02-15,19.799999237060547,21.25,19.799999237060547,20.690000534057617
2022-02-16,20.25,21.020000457763672,20.030000686645508,20.770000457763672
2022-02-17,20.579999923706055,20.600000381469727,19.100000381469727,19.459999084472656
2022-02-18,19.270000457763672,20.0,18.149999618530273,18.479999542236328
2022-02-22,18.399999618530273,19.3700008392334,18.25,18.670000076293945
2022-02-23,18.920000076293945,19.399999618530273,18.040000915527344,18.139999389648438
2022-02-24,17.170000076293945,19.899999618530273,17.020000457763672,19.81999969482422
2022-02-25,19.950000762939453,20.15999984741211,18.989999771118164,20.040000915527344
2022-02-28,19.65999984741211,21.1299991607666,19.65999984741211,20.25
2022-03-01,20.020000457763672,20.3799991607666,18.709999084472656,18.8700008392334
2022-03-02,18.719999313354492,18.899999618530273,16.559999465942383,17.239999771118164
2022-03-03,17.260000228881836,17.625,15.039999961853027,15.15999984741211
2022-03-04,15.039999961853027,15.399999618530273,14.260000228881836,14.470000267028809
2022-03-07,14.510000228881836,14.75,12.989999771118164,13.020000457763672
2022-03-08,13.149999618530273,14.279999732971191,12.75,13.979999542236328
2022-03-09,14.40999984741211,14.73799991607666,14.020000457763672,14.300000190734863
2022-03-10,13.819999694824219,13.82699966430664,13.050000190734863,13.600000381469727
2022-03-11,13.930000305175781,14.460000038146973,13.119999885559082,13.130000114440918
2022-03-14,13.289999961853027,13.289999961853027,12.510000228881836,12.75
2022-03-15,13.390000343322754,14.130000114440918,12.680000305175781,14.0
2022-03-16,14.279999732971191,15.109999656677246,13.90999984741211,14.869999885559082
2022-03-17,14.670000076293945,15.850000381469727,14.529999732971191,15.84000015258789
2022-03-18,15.699999809265137,17.059999465942383,15.520999908447266,17.020000457763672
2022-03-21,16.979999542236328,17.139999389648438,15.609999656677246,15.770000457763672
2022-03-22,15.890000343322754,16.75,15.869999885559082,16.389999389648438
2022-03-23,16.329999923706055,16.6299991607666,15.720000267028809,15.739999771118164
2022-03-24,16.06999969482422,16.670000076293945,15.289999961853027,16.510000228881836
2022-03-25,16.93000030517578,17.0,15.949999809265137,16.270000457763672
2022-03-28,16.280000686645508,16.485000610351562,15.010000228881836,15.520000457763672
2022-03-29,15.8100004196167,17.450000762939453,15.8100004196167,16.809999465942383
2022-03-30,16.579999923706055,16.8700008392334,16.030000686645508,16.170000076293945
2022-03-31,16.239999771118164,16.239999771118164,15.109999656677246,15.149999618530273
2022-04-01,15.369999885559082,15.979999542236328,15.0649995803833,15.15999984741211
2022-04-04,15.170000076293945,15.760000228881836,14.90999984741211,15.6899995803833
2022-04-05,15.760000228881836,15.835000038146973,14.4399995803833,14.550000190734863
2022-04-06,14.239999771118164,14.29699993133545,13.529999732971191,13.819999694824219
2022-04-07,13.819999694824219,13.979999542236328,13.170000076293945,13.579999923706055
2022-04-08,13.489999771118164,13.579999923706055,13.050000190734863,13.119999885559082
2022-04-11,12.930000305175781,13.34000015258789,12.760000228881836,13.069999694824219
2022-04-12,13.380000114440918,13.710000038146973,12.6899995803833,12.859999656677246
2022-04-13,12.920000076293945,13.270000457763672,12.649999618530273,12.949999809265137
2022-04-14,13.039999961853027,13.039999961853027,12.25,12.3100004196167
2022-04-18,12.380000114440918,12.550000190734863,11.770000457763672,11.829999923706055
2022-04-19,11.729999542236328,12.704999923706055,11.699999809265137,12.149999618530273
2022-04-20,12.289999961853027,12.289999961853027,11.649999618530273,11.680000305175781
2022-04-21,11.960000038146973,12.1899995803833,10.944999694824219,11.199999809265137
2022-04-22,11.100000381469727,11.444999694824219,10.720000267028809,10.789999961853027
2022-04-25,10.649999618530273,11.029999732971191,10.329999923706055,11.020000457763672
2022-04-26,10.920000076293945,10.970000267028809,10.079999923706055,10.100000381469727
2022-04-27,10.0,10.40999984741211,9.670000076293945,9.75
2022-04-28,9.880000114440918,10.300000190734863,9.390000343322754,10.010000228881836
2022-04-29,9.890000343322754,10.430000305175781,9.510000228881836,9.550000190734863
2022-05-02,9.460000038146973,9.880000114440918,9.180000305175781,9.800000190734863
2022-05-03,9.829999923706055,9.989999771118164,9.350000381469727,9.489999771118164
2022-05-04,9.520000457763672,9.739999771118164,8.9350004196167,9.630000114440918
2022-05-05,9.470000267028809,9.470000267028809,8.15999984741211,8.640000343322754
2022-05-06,8.5,8.75,8.170000076293945,8.489999771118164
2022-05-09,8.260000228881836,8.5,7.769999980926514,7.889999866485596
2022-05-10,8.229999542236328,8.229999542236328,7.480000019073486,7.630000114440918
2022-05-11,6.599999904632568,7.110000133514404,6.0,6.25
2022-05-12,6.190000057220459,6.909999847412109,6.099999904632568,6.849999904632568
2022-05-13,7.25,8.390000343322754,7.190000057220459,8.039999961853027
2022-05-16,8.15999984741211,8.399999618530273,7.449999809265137,7.510000228881836
2022-05-17,7.769999980926514,8.234999656677246,7.409999847412109,7.610000133514404
2022-05-18,7.440000057220459,7.684000015258789,6.699999809265137,6.769999980926514
2022-05-19,6.690000057220459,7.210000038146973,6.51800012588501,6.949999809265137
2022-05-20,7.090000152587891,7.179999828338623,6.269999980926514,6.630000114440918
2022-05-23,6.71999979019165,6.800000190734863,6.260000228881836,6.579999923706055
2022-05-24,6.449999809265137,6.570000171661377,5.914999961853027,6.119999885559082
2022-05-25,6.090000152587891,6.730000019073486,5.961999893188477,6.539999961853027
2022-05-26,6.489999771118164,6.960000038146973,6.489999771118164,6.730000019073486
2022-05-27,6.889999866485596,7.210000038146973,6.820000171661377,7.170000076293945
2022-05-31,7.210000038146973,7.300000190734863,6.800000190734863,6.889999866485596
2022-06-01,6.940000057220459,7.159999847412109,6.460000038146973,6.519999980926514
2022-06-02,6.5,7.179999828338623,6.5,7.070000171661377
2022-06-03,6.909999847412109,6.909999847412109,6.230000019073486,6.239999771118164
2022-06-06,6.409999847412109,6.460000038146973,6.070000171661377,6.369999885559082
2022-06-07,6.25,6.380000114440918,6.059999942779541,6.349999904632568
2022-06-08,6.260000228881836,6.260000228881836,5.585000038146973,5.650000095367432
2022-06-09,5.679999828338623,5.739999771118164,5.059999942779541,5.179999828338623
2022-06-10,5.099999904632568,5.159999847412109,4.849999904632568,4.960000038146973
2022-06-13,4.659999847412109,4.849999904632568,4.409999847412109,4.449999809265137
2022-06-14,4.5,4.539999961853027,4.210000038146973,4.429999828338623
2022-06-15,4.539999961853027,4.590000152587891,4.159999847412109,4.289999961853027
2022-06-16,4.170000076293945,4.269999980926514,3.880000114440918,3.9800000190734863
2022-06-17,4.070000171661377,4.210000038146973,3.9709999561309814,4.050000190734863
2022-06-21,4.150000095367432,4.53000020980835,4.110000133514404,4.260000228881836
2022-06-22,4.119999885559082,4.28000020980835,4.050000190734863,4.090000152587891
2022-06-23,4.010000228881836,4.210000038146973,3.9200000762939453,4.159999847412109
2022-06-24,4.210000038146973,4.5,4.110000133514404,4.119999885559082
2022-06-27,4.170000076293945,4.21999979019165,3.9800000190734863,3.990000009536743
2022-06-28,4.050000190734863,4.165999889373779,3.7899999618530273,3.7899999618530273
2022-06-29,3.809999942779541,3.8499999046325684,3.6600000858306885,3.7100000381469727
2022-06-30,3.619999885559082,3.690000057220459,3.4600000381469727,3.4800000190734863
2022-07-01,3.5399999618530273,3.6600000858306885,3.4000000953674316,3.4800000190734863
2022-07-05,3.430000066757202,3.690000057220459,3.299999952316284,3.640000104904175
2022-07-06,3.630000114440918,3.8499999046325684,3.490000009536743,3.5899999141693115
2022-07-07,3.609999895095825,3.799999952316284,3.5899999141693115,3.740000009536743
2022-07-08,3.690000057220459,3.759999990463257,3.5299999713897705,3.5899999141693115
2022-07-11,3.559999942779541,3.6500000953674316,3.2300000190734863,3.2699999809265137
2022-07-12,3.2799999713897705,3.390000104904175,3.1449999809265137,3.2100000381469727
2022-07-13,3.119999885559082,3.299999952316284,3.0799999237060547,3.119999885559082
2022-07-14,3.119999885559082,3.134999990463257,2.9600000381469727,3.0899999141693115
2022-07-15,3.1700000762939453,3.2699999809265137,3.009999990463257,3.2200000286102295
2022-07-18,3.2899999618530273,3.390000104904175,3.174999952316284,3.200000047683716
2022-07-19,3.240000009536743,3.569999933242798,3.240000009536743,3.5399999618530273
2022-07-20,3.559999942779541,3.9200000762939453,3.5299999713897705,3.799999952316284
2022-07-21,3.799999952316284,3.9100000858306885,3.619999885559082,3.9000000953674316
2022-07-22,3.869999885559082,3.8970000743865967,3.5999999046325684,3.7100000381469727
2022-07-25,3.700000047683716,3.740000009536743,3.5799999237060547,3.6600000858306885
2022-07-26,3.5999999046325684,3.6600000858306885,3.3499999046325684,3.359999895095825
2022-07-27,3.430000066757202,3.430000066757202,3.200000047683716,3.369999885559082
2022-07-28,3.380000114440918,3.4800000190734863,3.259999990463257,3.3499999046325684
2022-07-29,3.309999942779541,3.384999990463257,3.2100000381469727,3.2300000190734863
2022-08-01,3.2699999809265137,3.2899999618530273,3.0899999141693115,3.2100000381469727
2022-08-02,3.1600000858306885,3.4100000858306885,3.1600000858306885,3.2699999809265137
2022-08-03,2.390000104904175,2.8499999046325684,2.2699999809265137,2.8499999046325684
2022-08-04,2.7699999809265137,2.9800000190734863,2.765000104904175,2.7899999618530273
2022-08-05,2.740000009536743,2.8450000286102295,2.619999885559082,2.740000009536743
2022-08-08,2.75,3.109999895095825,2.700000047683716,2.950000047683716
2022-08-09,2.890000104904175,2.9600000381469727,2.619999885559082,2.690000057220459
2022-08-10,2.809999942779541,3.4000000953674316,2.7300000190734863,3.369999885559082
2022-08-11,3.450000047683716,4.449999809265137,3.390000104904175,4.070000171661377
2022-08-12,4.079999923706055,4.349999904632568,3.619999885559082,3.8499999046325684
2022-08-15,4.75,4.949999809265137,4.010000228881836,4.119999885559082
2022-08-16,4.130000114440918,4.664999961853027,3.9800000190734863,4.639999866485596
2022-08-17,4.570000171661377,5.010000228881836,4.389999866485596,4.75
2022-08-18,4.659999847412109,4.710000038146973,4.25,4.465000152587891
2022-08-19,4.199999809265137,4.320000171661377,3.990000009536743,4.25
2022-08-22,3.990000009536743,4.099999904632568,3.5999999046325684,3.609999895095825
2022-08-23,3.619999885559082,3.697999954223633,3.190000057220459,3.200000047683716
2022-08-24,3.299999952316284,3.7100000381469727,3.125,3.299999952316284
2022-08-25,3.380000114440918,3.799999952316284,3.319999933242798,3.7799999713897705
2022-08-26,3.75,3.7950000762939453,3.4600000381469727,3.4800000190734863
2022-08-29,3.4000000953674316,3.484999895095825,3.180000066757202,3.4100000858306885
2022-08-30,3.440000057220459,3.490000009536743,3.315000057220459,3.369999885559082
2022-08-31,3.359999895095825,3.450000047683716,3.240000009536743,3.4000000953674316
2022-09-01,3.3499999046325684,3.3499999046325684,3.0,3.109999895095825
2022-09-02,3.1600000858306885,3.1700000762939453,2.990000009536743,3.0
2022-09-06,3.0399999618530273,3.049999952316284,2.8499999046325684,2.859999895095825
2022-09-07,2.8399999141693115,2.9600000381469727,2.8299999237060547,2.930000066757202
2022-09-08,2.869999885559082,3.049999952316284,2.8399999141693115,3.0299999713897705
2022-09-09,3.0399999618530273,3.180000066757202,3.0299999713897705,3.0799999237060547
2022-09-12,3.119999885559082,3.1689999103546143,2.869999885559082,3.0
2022-09-13,2.8499999046325684,2.934999942779541,2.819999933242798,2.8499999046325684
2022-09-14,2.859999895095825,2.869999885559082,2.7300000190734863,2.8499999046325684
2022-09-15,2.8499999046325684,2.950000047683716,2.799999952316284,2.8299999237060547
2022-09-16,2.75,2.859999895095825,2.7300000190734863,2.740000009536743
2022-09-19,2.700000047683716,2.819999933242798,2.640000104904175,2.680000066757202
2022-09-20,2.75,2.759999990463257,2.549999952316284,2.549999952316284
2022-09-21,2.549999952316284,2.609999895095825,2.430000066757202,2.5
2022-09-22,2.5199999809265137,2.5299999713897705,2.390000104904175,2.4100000858306885
2022-09-23,2.319999933242798,2.3499999046325684,2.1500000953674316,2.190000057220459
2022-09-26,2.180000066757202,2.3499999046325684,2.134999990463257,2.1500000953674316
2022-09-27,2.190000057220459,2.200000047683716,2.0,2.009999990463257
2022-09-28,2.009999990463257,2.140000104904175,1.9700000286102295,2.130000114440918
2022-09-29,2.0999999046325684,2.0999999046325684,1.9450000524520874,1.9900000095367432
2022-09-30,1.9700000286102295,2.0250000953674316,1.934999942779541,1.940000057220459
2022-10-03,2.0420000553131104,2.0420000553131104,1.875,1.9700000286102295
2022-10-04,2.0299999713897705,2.1700000762939453,2.0299999713897705,2.0999999046325684
2022-10-05,2.0799999237060547,2.0799999237060547,1.9320000410079956,1.9700000286102295
2022-10-06,1.9500000476837158,2.299999952316284,1.8949999809265137,2.2100000381469727
2022-10-07,2.2300000190734863,2.5399999618530273,2.0399999618530273,2.3399999141693115
2022-10-10,2.299999952316284,2.3480000495910645,2.119999885559082,2.2100000381469727
2022-10-11,2.200000047683716,2.299999952316284,2.0,2.2300000190734863
2022-10-12,2.2200000286102295,2.4049999713897705,2.130000114440918,2.3499999046325684
2022-10-13,2.259999990463257,2.5,2.1689999103546143,2.4700000286102295
2022-10-14,2.5199999809265137,2.630000114440918,2.299999952316284,2.309999942779541
2022-10-17,2.369999885559082,2.490000009536743,2.3399999141693115,2.430000066757202
2022-10-18,2.5199999809265137,2.5899999141693115,2.367000102996826,2.380000114440918
2022-10-19,2.369999885559082,2.380000114440918,2.174999952316284,2.259999990463257
2022-10-20,2.259999990463257,2.359999895095825,2.2149999141693115,2.2799999713897705
2022-10-21,2.309999942779541,2.318000078201294,2.2200000286102295,2.299999952316284
2022-10-24,2.299999952316284,2.299999952316284,2.119999885559082,2.119999885559082
2022-10-25,2.119999885559082,2.5799999237060547,2.119999885559082,2.490000009536743
2022-10-26,2.509999990463257,2.740000009536743,2.4700000286102295,2.5299999713897705
2022-10-27,2.5820000171661377,2.700000047683716,2.4600000381469727,2.4800000190734863
2022-10-28,2.5399999618530273,2.5399999618530273,2.378999948501587,2.509999990463257
2022-10-31,2.509999990463257,2.6700000762939453,2.444999933242798,2.5799999237060547
2022-11-01,2.630000114440918,2.9700000286102295,2.5899999141693115,2.75
2022-11-02,2.75,2.75,2.5,2.509999990463257
2022-11-03,2.5,2.7750000953674316,2.430000066757202,2.640000104904175
2022-11-04,2.7699999809265137,2.7699999809265137,2.369999885559082,2.4200000762939453
2022-11-07,2.450000047683716,2.450000047683716,2.059999942779541,2.140000104904175
2022-11-08,2.200000047683716,2.434999942779541,2.1700000762939453,2.3299999237060547
2022-11-09,2.319999933242798,2.4019999504089355,2.059999942779541,2.069999933242798
2022-11-10,2.299999952316284,2.5399999618530273,2.1600000858306885,2.5199999809265137
2022-11-11,2.4800000190734863,2.6700000762939453,2.430000066757202,2.640000104904175
2022-11-14,2.6600000858306885,2.809999942779541,2.559999942779541,2.7899999618530273
2022-11-15,2.809999942779541,3.0999999046325684,2.809999942779541,3.069999933242798
2022-11-16,2.990000009536743,3.0,2.5999999046325684,2.6600000858306885
2022-11-17,2.5799999237060547,2.6700000762939453,2.5199999809265137,2.619999885559082
2022-11-18,2.690000057220459,2.690000057220459,2.4730000495910645,2.5299999713897705
2022-11-21,2.4800000190734863,2.630000114440918,2.440000057220459,2.569999933242798
2022-11-22,2.619999885559082,2.640000104904175,2.509999990463257,2.609999895095825
2022-11-23,2.5999999046325684,2.75,2.5899999141693115,2.680000066757202
2022-11-25,2.700000047683716,2.700000047683716,2.5799999237060547,2.619999885559082
2022-11-28,2.569999933242798,2.630000114440918,2.369999885559082,2.390000104904175
2022-11-29,2.380000114440918,2.4649999141693115,2.3499999046325684,2.380000114440918
2022-11-30,2.390000104904175,2.5399999618530273,2.319999933242798,2.509999990463257
