Date,Open,High,Low,Close
2017-05-30,22.919955622355697,23.106296724976477,22.78578980100157,22.808151245117188
2017-05-31,22.87523913707362,23.538613151924633,22.539824510648895,23.315004348754883
2017-06-01,23.218109379112743,25.42438955991589,23.218109379112743,25.29767608642578
2017-06-02,24.649207428764047,25.103880295863636,24.597032133523797,24.813188552856445
2017-06-05,25.09642203431224,25.975952395754973,24.403235646289065,24.664112091064453
2017-06-06,24.403238737519885,24.701382877409994,23.3671809563014,23.55352210998535
2017-06-07,23.821847171349955,23.985828260437234,23.240463809443757,23.628053665161133
2017-06-08,23.687681198120117,23.836753225460097,23.441711002422863,23.687681198120117
2017-06-09,23.478981721211667,23.88893162704103,23.35972351509149,23.635507583618164
2017-06-12,23.583333417898782,24.31379032054679,23.486436653943446,24.067821502685547
2017-06-13,24.26907054395146,24.78337105502473,24.04918652522718,24.403236389160156
2017-06-14,25.21567985508531,25.364750465369454,24.708831818768243,25.334938049316406
2017-06-15,24.86535721610779,24.924984890475702,24.4106844702767,24.67901611328125
2017-06-16,24.708839830811243,24.746107495466624,24.172176361083984,24.172176361083984
2017-06-19,24.433044903089872,24.74609943963266,24.40323248707502,24.708831787109375
2017-06-20,24.552299461580063,24.82808630476236,24.276515461736977,24.515031814575195
2017-06-21,24.552310720152807,24.89518062250409,24.47404777255299,24.50013542175293
2017-06-22,24.492678592592057,24.701379748412368,24.46286332937773,24.664112091064453
2017-06-23,24.641749652920183,24.813183134609407,24.455408541083234,24.522491455078125
2017-06-26,24.61938793887517,24.958530143102415,24.447954449158267,24.74610137939453
2017-06-27,24.753555215892064,24.89517629551151,24.500131163422544,24.641752243041992
2017-06-28,24.679020257927846,25.655445980984574,24.604482098275387,25.088970184326172
2017-06-29,25.34239418620155,25.450472384961156,24.380873253794054,25.014434814453125
2017-06-30,24.962255385712673,24.99206780122684,24.567210314249493,24.67901611328125
2017-07-03,24.537403680925937,24.686477184258266,23.866577180941327,24.22435188293457
2017-07-05,24.209435786983356,24.410684519643763,24.023094683779966,24.336149215698242
2017-07-06,24.097639359211822,24.13490702128054,23.55352210998535,23.55352210998535
2017-07-07,23.68768460909346,24.231798937821914,23.605694058164666,24.216894149780273
2017-07-10,24.276519172732492,25.051698859623038,24.276519172732492,25.029338836669922
2017-07-11,25.02934109513712,25.02934109513712,24.44795485583929,24.775917053222656
2017-07-12,24.798274967568197,25.30512300825839,24.71628442520072,25.178409576416016
2017-07-13,25.18587260316438,25.528739665170786,24.96971616885318,25.402029037475586
2017-07-14,25.372214867331103,25.528740770676556,25.163510819529833,25.34239959716797
2017-07-17,25.416932153962584,25.454202659267267,25.152328057673365,25.20823097229004
2017-07-18,25.22313111172007,25.402019816675878,25.044242406764255,25.148595809936523
2017-07-19,25.096422113019376,25.320033744488136,24.738647483345368,24.984619140625
2017-07-20,24.94735148316021,25.178412665445922,24.611936879297076,24.984619140625
2017-07-21,24.783369915820806,25.06660922527966,24.537398263131287,24.67156410217285
2017-07-24,24.529946781962988,25.09642257862139,24.477771491876293,25.088970184326172
2017-07-25,25.446743917832016,25.741163240498622,25.357300972762403,25.61817741394043
2017-07-26,25.618183737825294,25.72998957926671,25.290224296052816,25.34239959716797
2017-07-27,25.50637485204884,25.595817798551323,24.507586278861083,24.7386474609375
2017-07-28,24.80572941077476,24.880267566059473,24.388327114539923,24.492677688598633
2017-07-31,24.49267697238134,25.014432670757543,24.49267697238134,24.962257385253906
2017-08-01,25.133689140114917,25.424380808840013,25.036790969426683,25.357297897338867
2017-08-02,24.910086303837303,25.252956218443877,24.224352161305383,24.992076873779297
2017-08-03,24.761010352496246,25.156052639635046,24.738647483345368,24.984619140625
2017-08-04,25.133687902399625,25.66289593188122,25.133687902399625,25.439287185668945
2017-08-07,25.469109127426783,25.521287269623055,25.200780237600384,25.402029037475586
2017-08-08,26.609511024088825,26.72131398386409,25.864146585561627,26.44552993774414
2017-08-09,26.46789149344461,26.70641074345539,26.378448551777975,26.66168785095215
2017-08-10,26.564793011623696,26.564793011623696,26.169750696540937,26.311368942260742
2017-08-11,26.199563679774357,26.564790697626165,26.09521025990531,26.527523040771484
2017-08-14,26.67659274246529,27.01945968642952,26.37844584307231,26.602054595947266
2017-08-15,26.542432933981505,26.631875886722565,25.998317136184735,26.236833572387695
2017-08-16,26.52266052560942,26.71823479456685,26.32708912607699,26.50009536743164
2017-08-17,26.327098704497566,26.49258424314217,25.95851806008714,26.108959197998047
2017-08-18,26.27444175055863,26.27444175055863,25.680200901530192,25.808076858520508
2017-08-21,25.853207332082725,26.0412580168043,25.777988205964387,25.95099449157715
2017-08-22,25.883296130300355,26.161610340249077,25.69524544557878,25.95099449157715
2017-08-23,25.73284623602129,26.214255365682618,25.73284623602129,26.131515502929688
2017-08-24,26.25939834514575,26.304531543925222,25.966039726643743,26.191699981689453
2017-08-25,26.32709813763186,26.73328834041756,26.32709813763186,26.5377140045166
2017-08-28,26.522665263968502,26.710715934179195,26.28196063565286,26.424880981445312
2017-08-29,25.890819116488988,25.898342751401763,25.469587383004836,25.695247650146484
2017-08-30,25.672678584305604,25.747897705450907,25.341707564644977,25.7027645111084
2017-08-31,25.672678786488703,26.108954857533284,25.589936030921912,25.996126174926758
2017-09-01,26.056304479822703,26.236834414002438,26.056304479822703,26.16913604736328
2017-09-05,26.131524929423584,26.131524929423584,24.8828684728991,25.138614654541016
2017-09-06,24.792602076457005,25.34923337681346,24.71738294884771,25.138614654541016
2017-09-07,25.19879518279878,25.19879518279878,24.890392132652018,24.980655670166016
2017-09-08,24.93552365734082,25.17622832079014,24.81517132561616,25.116050720214844
2017-09-11,25.477102945310097,25.81559471160548,25.191268004372116,25.26648712158203
2017-09-12,25.60498084101667,25.60498084101667,25.31162224432517,25.574892044067383
2017-09-13,25.371798249588164,25.371798249588164,24.664728702140163,24.852779388427734
2017-09-14,24.67976768078144,25.100999289115023,24.67976768078144,24.988170623779297
2017-09-15,24.995697698279507,25.30410071914708,24.91295493448623,25.01826286315918
2017-09-18,25.018254776697983,25.341702092748527,25.018254776697983,25.213829040527344
2017-09-19,25.274008355052473,25.620023761152076,25.266487590961926,25.462059020996094
2017-09-20,25.612501605541183,25.830641079285083,25.514714450168814,25.574892044067383
2017-09-21,25.62754451465994,25.65387149310416,25.213833623639903,25.228878021240234
2017-09-22,25.319143377827785,25.559848018078654,25.289054580440016,25.544803619384766
2017-09-25,25.522232508579954,25.59745161509533,25.085953656400818,25.484622955322266
2017-09-26,25.574897554736168,25.574897554736168,25.26649449311787,25.43950080871582
2017-09-27,25.830645579523825,25.950997918863248,25.42445535821848,25.905864715576172
2017-09-28,25.920906996109686,25.99612899543431,25.574894407494035,25.845687866210938
2017-09-29,25.808076711484347,26.27444160086545,25.72533395203715,26.206743240356445
2017-10-02,26.13152834651821,26.492585371222933,26.13152834651821,26.477540969848633
2017-10-03,26.304532075384635,26.409840005238564,26.003649816294086,26.379751205444336
2017-10-04,26.37975286497055,26.575327206510575,26.17665775772178,26.552759170532227
2017-10-05,26.597882775648493,26.597882775648493,26.28195621078314,26.319568634033203
2017-10-06,26.26692034517743,26.26692034517743,25.91338698110713,26.16913604736328
2017-10-09,26.244349352585115,26.44744440741077,25.996123976303974,26.176651000976562
2017-10-10,26.20674072548382,26.39479139002678,26.139042371471337,26.334613800048828
2017-10-11,26.334615400758526,26.485056515422315,26.12399956188458,26.28196144104004
2017-10-12,26.327093284040373,26.740804176047348,26.31957251993499,26.47001075744629
2017-10-13,26.515149603136393,26.80098748031163,26.43993046834473,26.552759170532227
2017-10-16,26.560282597066855,26.785942869095614,26.424885859964395,26.492584228515625
2017-10-17,26.364703389653645,26.59036362002137,26.176652719442956,26.424880981445312
2017-10-18,26.477539272303524,26.703199539598028,26.33461890312375,26.5377140045166
2017-10-19,26.34214249464584,26.567802761568593,26.26692049272094,26.38727569580078
2017-10-20,26.462491156534124,26.627976668381223,26.297005644687022,26.530189514160156
2017-10-23,26.424877761278015,26.530185664654972,26.349655780705074,26.45496368408203
2017-10-24,26.46249039034055,26.552753908086586,26.40231279889287,26.51514434814453
2017-10-25,26.485055741440863,26.56027773128732,25.981081321884425,26.266916275024414
2017-10-26,26.379748530451646,26.432402490039326,26.01117081333788,26.364704132080078
2017-10-27,26.131527102756063,26.154092269030414,25.657638525012473,25.966041564941406
2017-10-30,25.77799099013488,26.229311534441567,25.77799099013488,26.108959197998047
2017-10-31,26.169132604625954,26.169132604625954,25.890815539820718,26.1390438079834
2017-11-01,26.16160718056432,26.176651577856138,25.793029489903653,25.973556518554688
2017-11-02,26.041255002971283,26.364702372812907,25.898337532116418,26.274438858032227
2017-11-03,26.259393749545385,26.327092101153937,25.898336830774884,26.176651000976562
2017-11-06,26.071348181118164,26.417360770474183,26.05630378122105,26.379751205444336
2017-11-07,26.41736241032899,26.5226703467199,25.909626077343656,26.018695831298828
2017-11-08,25.89081266582544,26.28195837048296,25.853203108909867,26.06382179260254
2017-11-09,25.409403613592403,26.665583482488106,25.240159171674623,26.597885131835938
2017-11-10,27.4027472521628,27.60584234522035,27.192131393922022,27.39522361755371
2017-11-13,27.605842282078548,27.884156504035264,27.583274247728756,27.861591339111328
2017-11-14,27.146992666792926,28.124855498771566,26.70319300627778,27.69610023498535
2017-11-15,27.462920699838683,27.67729836537609,27.267349250520205,27.57575225830078
2017-11-16,27.575750942415134,27.861588772633706,27.312481144467498,27.372655868530273
2017-11-17,27.243645537158393,27.8811013988738,27.152578346283498,27.797624588012695
2017-11-20,27.623088590876684,27.623088590876684,27.16017375038553,27.334714889526367
2017-11-21,27.547203586849047,27.85834269165948,27.357484549894323,27.592737197875977
2017-11-22,27.57755517876609,27.88869423676876,27.547199442648186,27.63067626953125
2017-11-24,27.73691931030375,27.87351723218355,27.661032862540495,27.850751876831055
2017-11-27,26.879389595586876,27.812809729523668,26.879389595586876,27.418193817138672
2017-11-28,27.410595900283894,27.74450313929764,27.410595900283894,27.623083114624023
2017-11-29,27.645851669053943,27.858336013141574,27.62308631643943,27.69138526916504
2017-11-30,27.911455644174833,28.32883971956366,27.710353986877628,28.283306121826172
2017-12-01,28.230187693893726,28.400933635426235,27.926636136855716,28.093589782714844
2017-12-04,28.268132001552562,28.290897355996844,27.213294787360358,27.342302322387695
2017-12-05,27.554785035580643,27.835568308670208,27.141196163775124,27.205699920654297
2017-12-06,27.220886611696304,27.744513006416305,27.213299123966532,27.592737197875977
2017-12-07,27.790038667115144,27.790038667115144,27.319536351626386,27.410600662231445
2017-12-08,27.638265682123592,27.698977158590147,27.334716984438426,27.418193817138672
2017-12-11,27.37265928429717,27.972172067162976,27.37265928429717,27.941816329956055
2017-12-12,27.835574237969578,27.903873199473004,27.258826808633444,27.827983856201172
2017-12-13,27.911455611019214,28.063231375081955,27.721736629661265,27.752092361450195
2017-12-14,28.230190507189988,28.48820848792057,28.078414713545676,28.207422256469727
2017-12-15,28.359194321715204,28.495792228548236,28.16188784233533,28.192243576049805
2017-12-18,28.36678771480614,28.56409421513766,28.347814655499352,28.38955307006836
2017-12-19,28.768985296789964,29.080124300466068,28.768985296789964,28.928348541259766
2017-12-20,28.996660523516688,29.262268945251616,28.80694146294165,28.966304779052734
2017-12-21,29.011834524422422,29.247087170301388,28.97389129634717,29.072546005249023
2017-12-22,29.30020236497674,29.45197814157967,29.042184413216408,29.193960189819336
2017-12-26,29.262260241753783,29.330559199041907,29.072541237607023,29.178783416748047
2017-12-27,29.09531094254737,29.178787780035922,28.73863823505362,28.913179397583008
2017-12-28,29.0421859782878,29.224314604120426,28.928353415980673,29.019420623779297
2017-12-29,29.163602087651235,29.360908554797692,29.027004189287563,29.034591674804688
2018-01-02,29.07254218508602,29.436802337533226,29.011830712236975,29.28502655029297
2018-01-03,29.23189941902433,29.379879984914822,29.05735831297097,29.32296371459961
2018-01-04,29.53545160870492,29.77449939396925,29.467155549923238,29.565807342529297
2018-01-05,30.20326403886422,30.446104125809047,29.930068217330742,30.119787216186523
2018-01-08,30.172909544501927,30.377806419074112,29.66446399621275,29.770706176757812
2018-01-09,29.88453609531888,30.313299970273707,29.846592876320745,30.17290687561035
2018-01-10,30.309508720308795,30.358837516813225,30.100819541247308,30.15773582458496
2018-01-11,30.26397034482882,30.468867176022314,30.23361461541904,30.37779998779297
2018-01-12,30.613059570683163,30.920403440533736,30.339863733090493,30.764835357666016
2018-01-16,31.038026244288965,31.379518091925046,30.74965258450913,30.78000831604004
2018-01-17,31.204974968896728,31.25050856326153,30.94695705725959,31.113910675048828
2018-01-18,31.05320405257071,31.05320405257071,30.825541835050704,30.893840789794922
2018-01-19,31.007668241538237,31.280864015541837,30.863479974768737,31.14426612854004
2018-01-22,30.969731191998843,31.318813463875642,30.946962943045307,31.1973934173584
2018-01-23,31.15944837018371,31.341576981848725,30.878662176970174,31.083559036254883
2018-01-24,31.15186076883974,31.402291250826124,30.810365972895735,31.09115219116211
2018-01-25,31.113917775287863,31.174629248295375,30.70412401713425,31.068384170532227
2018-01-26,31.015259742553994,31.599594580419485,30.901430085233944,31.440231323242188
2018-01-29,31.32640214104942,31.4326443239302,31.015263079091838,31.068384170532227
2018-01-30,30.749654619553638,30.749654619553638,30.11978617557047,30.127376556396484
2018-01-31,30.218444987740444,30.50681870597569,29.73276476432265,29.884540557861328
2018-02-01,29.710005845258895,30.05149783610305,29.164372487469333,29.907312393188477
2018-02-02,29.63411285729438,29.63411285729438,29.042190391075778,29.163610458374023
2018-02-05,28.83729050928532,29.011831657087207,28.01391067241041,28.025293350219727
2018-02-06,26.940099476513623,28.245367194414104,26.53030571928221,28.123947143554688
2018-02-07,27.57755349249993,27.82039357682971,27.28159232065315,27.395421981811523
2018-02-08,26.94009868572942,27.144995558330702,25.84731826007154,25.89284896850586
2018-02-09,26.18881015285806,26.18881015285806,24.989787547677057,25.89284896850586
2018-02-12,26.09774180333185,26.27228291338418,25.741069203074314,26.128097534179688
2018-02-13,26.40129422483877,26.492358525614403,26.006678394968464,26.348173141479492
2018-02-14,26.317818604753647,27.061516700438727,26.264697518982,26.962862014770508
2018-02-15,27.230886058161417,27.583140899904528,26.905430230550554,27.200254440307617
2018-02-16,27.039440473095638,27.34574786137718,26.962861435131547,27.131332397460938
2018-02-20,27.13134123949613,27.782247207765668,27.031789918295093,27.39936065673828
2018-02-21,27.26151646638509,27.789901683365265,27.169624528246295,27.184940338134766
2018-02-22,27.093046984878672,27.269174407608606,26.916919562148742,26.939891815185547
2018-02-23,26.98583926429693,27.364896045670562,26.893944409691528,27.292146682739258
2018-02-26,27.138990670296902,27.54485229588963,27.0470987397365,27.407012939453125
2018-02-27,27.261519552063028,27.31512343214398,27.016472408495137,27.024131774902344
2018-02-28,27.108365415718044,27.56782804804187,27.06241798400879,27.06241798400879
2018-03-01,26.985841765941505,27.353412454862013,26.694847208432375,26.77142333984375
2018-03-02,26.36556344722016,26.740790564609288,26.074568902271015,26.579978942871094
2018-03-05,26.380882603537852,26.633586195297735,26.174123525992997,26.511062622070312
2018-03-06,26.434477962483275,26.978175960831784,26.400016666738992,26.68718147277832
2018-03-07,26.26601103164196,26.42682264657149,26.112855860722057,26.288986206054688
2018-03-08,26.342593427807724,26.633585076251187,26.14349080393347,26.572324752807617
2018-03-09,26.86332371866855,27.690357208251953,26.625932988643665,27.690357208251953
2018-03-12,27.652061007546322,27.854990366883428,27.514221646262268,27.583141326904297
2018-03-13,27.675032287417547,27.958367444007337,27.269173583016624,27.407012939453125
2018-03-14,27.322779705938984,27.445303263854726,26.978181286428445,27.184940338134766
2018-03-15,27.184939778885852,27.284491080516936,26.993496541006373,27.039443969726562
2018-03-16,26.947544120053667,27.062411209978166,26.671868362379467,26.84799575805664
2018-03-19,26.710159116239907,26.717815559785468,26.17411751110665,26.380876541137695
2018-03-20,26.11285859580477,26.579980601500857,26.11285859580477,26.526376724243164
2018-03-21,26.380880903285455,26.79439903172385,26.32727702602776,26.526376724243164
2018-03-22,26.036278730867625,26.177947769708748,25.53852517488902,25.546184539794922
2018-03-23,25.530870936277662,25.546186746220485,24.910593778957512,24.933568954467773
2018-03-26,25.094383400414777,25.492585740153263,25.086724033985593,25.46195411682129
2018-03-27,25.484919519896952,25.584470808356684,24.895274074699444,24.99482536315918
2018-03-28,24.987174291843505,25.0101465475069,24.527708730230046,24.86465072631836
2018-03-29,24.872305964227692,25.511725699497305,24.864649519775494,25.339427947998047
2018-04-02,25.193931985271018,25.270508114109674,24.259688023240653,24.65789031982422
2018-04-03,24.696180145204682,24.8263601577513,24.504736888265114,24.680864334106445
2018-04-04,24.12184528827127,24.8646459033581,24.02995190165379,24.788066864013672
2018-04-05,24.78041387868131,24.78041387868131,24.382211582097746,24.65789031982422
2018-04-06,24.336268639752873,24.56600143663236,24.11419374882899,24.244375228881836
2018-04-09,23.50157222585876,24.573654062890707,23.455624797266026,24.213741302490234
2018-04-10,24.428160208369032,24.55834168638796,24.290320824514144,24.466449737548828
2018-04-11,24.313290895629205,24.435814449436666,24.190767341821743,24.229055404663086
2018-04-12,24.236714908161343,24.543023812886116,24.12184925146406,24.48941993713379
2018-04-13,24.650230702638545,24.657890068159478,24.2213982510155,24.32094955444336
2018-04-16,24.22905245618062,24.22905245618062,23.93040151269287,24.014636993408203
2018-04-17,23.853831605347114,24.24437605887574,23.807885628636768,24.09122085571289
2018-04-18,24.32860431271374,24.933565578172253,24.290314793041524,24.788066864013672
2018-04-19,24.71149464503673,24.956541767221065,24.657890769633415,24.726810455322266
2018-04-20,25.063749263488212,25.063749263488212,24.61194308882573,24.673206329345703
2018-04-23,24.673205730055205,24.879964779999984,24.592799919719795,24.62725830078125
2018-04-24,24.7727545130822,24.910593881945438,24.489419330948692,24.65789031982422
2018-04-25,24.665543779390045,25.002485716366884,24.650227971237307,24.85698699951172
2018-04-26,24.811043982890205,24.90293591612097,24.68086106638739,24.688520431518555
2018-04-27,24.634912232958936,24.925906746302932,24.573651921365933,24.581308364868164
2018-04-30,24.6272576302542,24.811044421154037,24.190767288208008,24.190767288208008
2018-05-01,24.16013516015338,24.328606138160335,23.938061771775043,24.083559036254883
2018-05-02,24.083559379729355,24.27883083540895,23.83085436971084,23.86148452758789
2018-05-03,24.068241951206797,24.22139565147996,23.662381797320982,23.884456634521484
2018-05-04,23.823199556095243,24.22905832935014,23.777252122424155,24.022300720214844
2018-05-07,23.97635153405272,24.244372368492495,23.876801689567344,24.06824493408203
2018-05-08,24.13716371543167,24.41284098400812,24.13716371543167,24.213741302490234
2018-05-09,25.684027548989587,26.05925468937337,24.826359671442226,25.178617477416992
2018-05-10,25.760596861488168,26.426818388266945,25.48491818249241,25.94438362121582
2018-05-11,26.05159814339329,26.26601365135129,25.959706200153033,26.197093963623047
2018-05-14,26.457449979200714,26.511053842160702,26.04393196105957,26.04393196105957
2018-05-15,25.81420789262695,25.894613709462693,25.50790043628015,25.661052703857422
2018-05-16,25.507895762769692,25.7912309113062,25.408344470130267,25.423660278320312
2018-05-17,25.446631519398643,25.6763627907421,25.339423787517802,25.34708023071289
2018-05-18,25.19998662604359,25.571598986362492,25.107084274291992,25.107084274291992
2018-05-21,25.238694560218192,25.633534705735304,25.238694560218192,25.517404556274414
2018-05-22,25.517404454183218,25.571597736164847,25.22321319580078,25.22321319580078
2018-05-23,25.169019586536905,25.29289038017798,24.93289337801618,25.19224739074707
2018-05-24,25.269663334707737,25.42450255164006,24.789664420198715,25.01418113708496
2018-05-25,24.874828547147242,24.983215123507055,24.71224720595117,24.92902183532715
2018-05-29,24.627082845474387,24.797404801050945,23.814180656448556,23.992244720458984
2018-05-30,24.154829334424427,24.49547329197718,24.015474316945394,24.456764221191406
2018-05-31,24.433536847077217,24.433536847077217,23.87611827767256,23.914827346801758
2018-06-01,23.999992208643448,24.29418501179472,23.907088363268212,24.069669723510742
2018-06-04,24.209022859948703,24.286442478930613,23.891603751113646,24.131603240966797
2018-06-05,24.015472532729614,24.2786983291546,23.837408457693968,24.263214111328125
2018-06-06,24.332889834381216,24.828372955322266,24.332889834381216,24.828372955322266
2018-06-07,24.94450371785455,25.130308416124688,24.66579371713691,24.820632934570312
2018-06-08,24.812889859114772,25.029665949299797,24.689019073285827,24.735471725463867
2018-06-11,24.851600896455288,25.060633417862185,24.774182756665798,24.859344482421875
2018-06-12,24.92901935327679,25.068374352811055,24.68901842000946,24.890310287475586
2018-06-13,24.929018381175904,24.936759012709338,24.572888787735945,24.596115112304688
2018-06-14,24.72772672458012,24.750951571296486,24.2864369170963,24.441274642944336
2018-06-15,24.317406768481657,24.549664123250047,24.131600589335694,24.47998809814453
2018-06-18,24.363856082119973,24.580630679551597,24.201276241538356,24.541921615600586
2018-06-19,24.2864412351318,24.859344023607193,24.24773068929515,24.797407150268555
2018-06-20,24.88257103815906,24.956120343316133,24.727733271317287,24.805152893066406
2018-06-21,24.735469641582362,24.936758544104293,24.623211289927195,24.85159683227539
2018-06-22,25.06063470431508,25.254183017037068,25.006441413017956,25.1380558013916
2018-06-25,25.052885910174044,25.08385433891655,24.57288560125694,24.69675636291504
2018-06-26,24.69675971060274,24.719986035307986,24.487727218224002,24.526437759399414
2018-06-27,24.565146904628563,24.59611533767064,23.690309344376203,23.69805145263672
2018-06-28,23.829667294749648,23.89934480107851,23.442570693658787,23.52773094177246
2018-06-29,23.790958404541016,24.224507691131173,23.729023003121917,23.790958404541016
2018-07-02,23.643856526880977,23.868371744194842,23.51998427998498,23.814178466796875
2018-07-03,23.92257085322228,24.116119163485656,23.543216342304827,23.558700561523438
2018-07-05,24.193536668423526,24.270956281093742,23.891601803331614,24.00773048400879
2018-07-06,23.961279546277737,24.27869863240379,23.903214467031333,24.123859405517578
2018-07-09,24.270957689834102,24.673538517760868,24.201280182052304,24.534183502197266
2018-07-10,24.472244334583696,24.611599328683848,24.394824729344037,24.596115112304688
2018-07-11,24.06191962751794,24.224500933801945,23.876113475090534,24.085145950317383
2018-07-12,24.278694070795613,24.332887347026777,24.100628550335465,24.154823303222656
2018-07-13,24.15482553561767,24.278696314638797,23.938050934002625,24.07740592956543
2018-07-16,24.108369064887547,24.108369064887547,23.73675678672362,23.821918487548828
2018-07-17,23.82192101128587,23.938049675932984,23.659339699455042,23.922565460205078
2018-07-18,24.03869893914326,24.44127976875815,24.030958306385156,24.340635299682617
2018-07-19,24.54192550484858,24.596118793630662,24.247731256236765,24.286441802978516
2018-07-20,24.379342791714137,24.510955689926632,24.07740792737924,24.263214111328125
2018-07-23,24.224502743554186,24.23998548325445,23.99224392817642,24.216760635375977
2018-07-24,23.82192373866098,24.54192360922449,23.82192373866098,24.34837532043457
2018-07-25,24.418054708587725,24.418054708587725,24.08515138989053,24.286441802978516
2018-07-26,24.309660982973572,24.433531750335636,24.077403663333705,24.09288787841797
2018-07-27,24.224505194268655,24.247730044496713,24.05418175042933,24.19353675842285
2018-07-30,24.23224561720694,24.944504868943525,24.100632719312003,24.898052215576172
2018-07-31,25.114821887386373,25.57933949693061,25.091597040568416,25.199983596801758
2018-08-01,22.087732630416543,23.63611903762441,21.948377617502818,23.210311889648438
2018-08-02,22.575469829095578,22.645147323608402,22.304501958951953,22.6451473236084
2018-08-03,22.405151811551644,22.79999052410026,22.381925483758305,22.57547378540039
2018-08-06,22.82321491299811,22.931602963848814,22.49805371375865,22.78450584411621
2018-08-07,22.82321101332202,23.249018081549234,22.5909536864025,22.66063117980957
2018-08-08,22.55998600311409,22.66837403903813,22.21160000118601,22.37417984008789
2018-08-09,22.289021653681363,22.59095651176983,22.265795327422154,22.30450439453125
2018-08-10,22.037946363242863,22.069305167144872,21.681231183726965,21.716510772705078
2018-08-13,21.67731083991856,21.67731083991856,21.128519050060444,21.20691680908203
2018-08-14,21.230436506978425,21.520513292318324,21.230436506978425,21.457794189453125
2018-08-15,21.308836076442347,21.583232716313262,21.144197494383242,21.56755256652832
2018-08-16,21.677312923931108,21.967389744359135,21.638114040651814,21.72435188293457
2018-08-17,21.685150868895438,21.92034713614416,21.685150868895438,21.873308181762695
2018-08-20,21.94387251832793,22.09283098677625,21.865473245705562,21.99091148376465
2018-08-21,22.09282684326172,22.171226101180288,21.936028327424584,22.09282684326172
2018-08-22,22.08498835205473,22.143788173546632,21.8654707132054,22.06146812438965
2018-08-23,22.13987027295166,22.241789777439763,21.99875187925538,22.02227210998535
2018-08-24,21.645953872171354,22.09282771601658,21.614593569628482,22.08498764038086
2018-08-27,22.186906887835516,22.633782252297177,22.077148813410695,22.367225646972656
2018-08-28,22.429939352210187,22.535778110747597,22.288821007493645,22.476978302001953
2018-08-29,22.50050163269043,22.53186043843629,22.257463785288074,22.50050163269043
2018-08-30,22.304502789567003,22.398580696041275,22.073225817750817,22.20258331298828
2018-08-31,22.124186758316547,22.26922591610627,21.95170957852254,22.147706985473633
2018-09-04,21.80275312435453,22.190828683556575,21.7557141610803,21.904672622680664
2018-09-05,21.52051268320853,21.834108188658618,21.418593209348924,21.81842803955078
2018-09-06,21.881149288432127,22.0144275782483,21.638112934770216,21.669471740722656
2018-09-07,21.72435293656604,21.73219301267045,21.332358103395162,21.65379524230957
2018-09-10,21.81058956370811,22.343702709720997,21.716511652847856,22.210424423217773
2018-09-11,22.037951877712118,22.081071552290744,21.64595701113078,21.943872451782227
2018-09-12,21.763552486506992,22.053627814591742,21.653794415917258,21.998748779296875
2018-09-13,22.09282562159274,22.09282562159274,21.34019488067084,21.56755256652832
2018-09-14,21.559713676876918,21.74787099861596,21.38723650578483,21.669471740722656
2018-09-17,21.755708419572986,21.82626759353404,21.473471723728775,21.481311798095703
2018-09-18,21.598914477895512,21.700833970817992,21.32451929389252,21.591075897216797
2018-09-19,21.692993546803287,22.147707481295875,21.622434359093955,21.983070373535156
2018-09-20,22.07714827616637,22.328024723227553,21.771392793228244,22.06146812438965
2018-09-21,21.975230777767962,22.116347660928245,21.873311284253653,21.896831512451172
2018-09-24,21.857631042362048,21.96739061149146,21.71651415978127,21.928190231323242
2018-09-25,22.030105041050273,22.030105041050273,21.46563164936185,21.481311798095703
2018-09-26,21.52835490693133,21.55971521045595,21.253959727798787,21.30099868774414
2018-09-27,21.395074982781026,21.434273861128574,21.15203715193388,21.277475357055664
2018-09-28,21.13636016845703,21.23043958406113,21.057962400018795,21.13636016845703
2018-10-01,21.136359313932477,21.183399767503513,20.783564884198835,20.854124069213867
2018-10-02,20.54053067762364,20.720847949210416,20.39941229278471,20.49349021911621
2018-10-03,20.532685905799966,20.705163061526836,20.41508777710704,20.501325607299805
2018-10-04,20.53268949350205,20.79140601996888,20.36805088829138,20.438610076904297
2018-10-05,20.45429177408891,20.595410161975366,20.25045426884645,20.281814575195312
2018-10-08,20.203414943771136,20.234773754218125,19.783980573568602,19.991737365722656
2018-10-09,19.936858706356727,19.95253885955026,19.564463292389703,19.599742889404297
2018-10-10,19.5919011969829,19.615421424833393,18.925509694634858,18.94902992248535
2018-10-11,18.847110912321494,18.93334875245272,18.368876772469445,18.651113510131836
2018-10-12,19.035266849267174,19.10582602853143,18.361035356449356,18.61191177368164
2018-10-15,18.494315598581828,18.980388334609454,18.43159648763176,18.870630264282227
2018-10-16,18.956868888862118,18.956868888862118,18.50137141881213,18.894149780273438
2018-10-17,18.854948142655946,19.19990396450949,18.674630904432593,19.035266876220703
2018-10-18,18.90983212061891,19.10582954456862,18.502157119921495,18.53351593017578
2018-10-19,18.5099976511454,18.745193967527598,18.462957191595592,18.658954620361328
2018-10-22,18.760872455000964,18.85495037506432,18.61975407956435,18.643274307250977
2018-10-23,18.337521135741955,18.572718975412904,18.04744574409224,18.43160057067871
2018-10-24,18.423755901950976,18.462954784456816,17.922003028236915,17.984722137451172
2018-10-25,18.16503920928504,18.82359059717114,18.078799874218063,18.682472229003906
2018-10-26,18.5491964033277,18.666794560660172,18.188561854795886,18.564876556396484
2018-10-29,18.83926986858913,19.137185246656426,18.502154114893614,18.690311431884766
2018-10-30,18.83926731102595,19.297900428552687,18.71774840608767,19.2155818939209
2018-10-31,19.37237897255172,19.717334756028276,19.168543027445043,19.26262092590332
2018-11-01,19.3645459865956,19.376305353463874,18.09840131837262,18.69815444946289
2018-11-02,18.768711240457684,19.121505659451334,18.66679175616466,18.862789154052734
2018-11-05,18.760874919707152,19.207748837070017,18.596236294954544,19.07447052001953
2018-11-06,19.09014885552977,19.16854812197576,18.933350322637786,19.043109893798828
2018-11-07,19.13718469592791,19.184223649986656,18.760870072775166,19.01958656311035
2018-11-08,19.011628501023857,19.202619987227344,18.78880585938583,18.860427856445312
2018-11-09,18.812677923789227,18.9559219108825,18.414778634248066,18.605770111083984
2018-11-12,18.605771501903824,18.693309837863456,18.2954105185785,18.351116180419922
2018-11-13,18.45457154739191,18.55802470643539,18.096461539423146,18.104419708251953
2018-11-14,18.28745460510254,18.42274045105634,18.0327992522167,18.28745460510254
2018-11-15,18.14420828528247,18.613729601735077,18.128293466147547,18.57394027709961
2018-11-16,18.43069641802688,18.733100751839533,18.23174675762688,18.653520584106445
2018-11-19,18.621687703137034,18.97979769502763,18.502318211795313,18.796764373779297
2018-11-20,18.661478085601487,18.72116207086878,18.271535429434604,18.319284439086914
2018-11-21,18.30336829518798,18.900217261335413,18.04871297915687,18.756973266601562
2018-11-23,18.422737784844383,18.876342756257966,18.32644592092372,18.756973266601562
2018-11-26,18.61373012487414,19.154873455171778,18.55006629294886,18.947965621948242
2018-11-27,18.75697152271856,18.85246801628438,18.43069423965535,18.49435806274414
2018-11-28,18.486399824210935,18.59781265258789,18.116353379593946,18.59781265258789
2018-11-29,18.502320307128162,18.741059316848087,18.43069830063906,18.53415298461914
2018-11-30,18.558023108142844,18.66943442641993,18.295409630871593,18.621686935424805
2018-12-03,18.796766636030675,19.011631139159235,18.661480791463855,18.733102798461914
2018-12-04,18.637601956982298,18.725140282519398,18.05666938428126,18.136249542236328
2018-12-06,17.786100070208555,17.786100070208555,16.72768793004509,17.268831253051758
2018-12-07,16.982345323030774,17.12558933984843,16.71177362856757,16.823184967041016
2018-12-10,16.62423205917672,16.62423205917672,15.947804471977399,16.15471076965332
2018-12-11,16.409368051209068,16.473031879469616,15.931888580322267,15.931888580322266
2018-12-12,16.210420608520508,16.49690711582391,16.106965924824767,16.210420608520508
2018-12-13,16.242251367291075,16.28204069519806,15.900057682974978,15.9716796875
2018-12-14,15.836395269137501,16.051261301999737,15.68519307736048,15.717025756835938
2018-12-17,15.717025772336411,16.258169181027267,15.637445591434986,15.748858451843262
2018-12-18,15.677233107054015,15.868224589883667,15.494198274543393,15.732938766479492
2018-12-19,15.70110915317386,15.900058842954165,15.167923923848019,15.287293434143066
2018-12-20,15.327082804417008,15.911995321669323,15.283313634028667,15.677234649658203
2018-12-21,15.645402172480656,16.035343349645835,15.494199995909488,15.502158164978027
2018-12-24,15.4225792839083,15.605614152084092,15.247504103333275,15.287293434143066
2018-12-26,15.406664618774723,15.963722845097683,15.12017657686448,15.939849853515625
2018-12-27,15.653360297553634,16.122881646219025,15.621527621368942,16.11492347717285
2018-12-28,16.24224960893763,16.536695764316082,16.099005615394894,16.289997100830078
2018-12-31,16.345708219162866,16.5366997506383,16.2422535242809,16.488950729370117
2019-01-02,16.266120136116008,16.67197751261735,16.067170531038784,16.433237075805664
2019-01-03,16.401409149169922,16.640148114999818,16.28203814838965,16.401409149169922
2019-01-04,16.62422856210354,16.807263352875733,16.30590949664217,16.5526065826416
2019-01-07,16.624233312535967,17.038048974817528,16.39345249332944,16.926637649536133
2019-01-08,17.038047668054933,17.252913651359933,17.022131331988188,17.077836990356445
2019-01-09,17.077836598471276,17.1096692698743,16.71972815237914,16.902761459350586
2019-01-10,16.831143262981655,17.109673129121887,16.751563084389353,17.02213478088379
2019-01-11,17.022130866960953,17.15741668410171,16.759517400495405,17.006216049194336
2019-01-14,16.79134876817554,16.942550909209757,16.656062961537593,16.695852279663086
2019-01-15,16.70381237593754,16.88684568903712,16.528737230955166,16.815223693847656
2019-01-16,16.966425115169553,17.236996747936935,16.76747547447973,17.165374755859375
2019-01-17,17.085794862469346,17.356366499456385,16.84705589706446,17.20516586303711
2019-01-18,17.348410202055888,17.69060386913257,17.276788201139116,17.666730880737305
2019-01-22,17.531446682559444,17.65877435875981,17.280769655973764,17.507572174072266
2019-01-23,17.611022441458108,17.66672961875388,17.209144814235007,17.475736618041992
2019-01-24,17.4836947862271,17.65081328238366,17.348408962810986,17.475736618041992
2019-01-25,17.62693815785117,17.89750979516682,17.547357996664452,17.78609848022461
2019-01-28,17.69856113885834,17.961174622924784,17.66672998332641,17.937301635742188
2019-01-29,18.01688034809431,18.01688034809431,17.674686697173176,17.7144775390625
2019-01-30,17.7861005916503,17.7861005916503,16.95051107679314,17.523487091064453
2019-01-31,17.420031428078946,17.515527931008506,17.141503123420687,17.372283935546875
2019-02-01,17.404119134922222,17.686627323712052,17.29270627902468,17.5871524810791
2019-02-04,17.491657512962256,17.53940653451692,17.101716277460447,17.531448364257812
2019-02-05,17.738354404654924,18.016882745617153,17.10967267993305,17.547361373901367
2019-02-06,17.53144415711852,18.247662612039232,17.53144415711852,17.937301635742188
2019-02-07,18.024840166923777,18.53415236468463,18.024840166923777,18.438655853271484
2019-02-08,18.335200243117345,18.478442714317808,18.048712264985713,18.06462860107422
2019-02-11,18.09646260359859,18.19991728659129,18.01688242849626,18.032798767089844
2019-02-12,18.184000858317223,18.430698033838738,18.15216818128705,18.25562286376953
2019-02-13,18.335202482232372,18.796765660108072,18.335202482232372,18.701269149780273
2019-02-14,18.652778757381764,18.955846004224934,18.47497986083314,18.782087326049805
2019-02-15,18.879065374099024,19.242745065494415,18.822493080425033,19.210418701171875
2019-02-19,19.47712176831512,19.799585450129136,19.44479385585711,19.63067626953125
2019-02-20,19.598349470998926,20.075175416498315,19.501367269592357,20.059011459350586
2019-02-21,20.00243589275056,20.04284423755824,19.35589312695044,19.444791793823242
2019-02-22,19.557934844959632,19.792305982490674,19.40438038427973,19.622589111328125
2019-02-25,19.82463388641457,20.026678661501016,19.566015279461304,19.622589111328125
2019-02-26,19.622592393420405,19.949903997260126,19.566018552090995,19.86504554748535
2019-02-27,19.800395382616454,20.131748814680623,19.73574109200588,20.042848587036133
2019-02-28,20.115581573476558,20.164073439629757,19.699369741945848,19.800392150878906
2019-03-01,19.962026596069336,20.285297963554456,19.751899821834144,19.962026596069336
2019-03-04,19.986273359475888,20.103459725822738,19.646837997923416,19.743820190429688
2019-03-05,19.881211822399468,20.01860237013173,19.598348748658957,19.727657318115234
2019-03-06,19.68724648710795,19.759982740945404,19.4286293807879,19.444791793823242
2019-03-07,19.355895165539934,19.545816255914225,19.028581988798308,19.048786163330078
2019-03-08,18.91947544710893,19.226584414428128,18.798248872211154,19.081111907958984
2019-03-11,19.25083139019031,19.76806566801542,19.25083139019031,19.727657318115234
2019-03-12,20.15599166464455,20.438854720797757,19.832720261103585,19.8488826751709
2019-03-13,19.881210128091805,20.107499334615703,19.75594178770921,20.06709098815918
2019-03-14,20.04284566282136,20.139827855327635,19.719574256933207,19.743820190429688
2019-03-15,19.711495154971963,20.14791277270324,19.444796013518364,20.042848587036133
2019-03-18,20.23680811828673,20.61665179130287,20.131743957965995,20.58432388305664
2019-03-19,20.705551140131046,20.705551140131046,20.277215622481958,20.33378791809082
2019-03-20,20.301462961895286,20.455015905927002,19.921617736761082,20.026681900024414
2019-03-21,19.929700195945863,20.293381475297995,19.671083082397494,20.09941864013672
2019-03-22,19.89737655006213,20.083257433174264,19.315486423478344,19.533695220947266
2019-03-25,19.493284542478985,19.578142995315915,19.153849189651652,19.380138397216797
2019-03-26,19.566017586287888,20.12366166288672,19.566017586287888,20.09133529663086
2019-03-27,20.042843743369644,20.10345780056617,19.743818299614873,19.97818946838379
2019-03-28,19.970111236517884,20.244892342110067,19.889294533738838,20.059011459350586
2019-03-29,20.204480299409454,20.325706872910008,20.075171748811595,20.188316345214844
2019-04-01,20.341873044874895,20.54795808814628,20.083255915483473,20.503509521484375
2019-04-02,20.285302139986243,20.616655552563994,20.21256587464188,20.37420082092285
2019-04-03,20.584324846859055,20.713633402939458,20.430771899938314,20.495426177978516
2019-04-04,20.47926165520132,20.47926165520132,20.252970917595945,20.44693374633789
2019-04-05,20.455019277152942,20.511591586012564,20.20448410585469,20.479265213012695
2019-04-08,20.40652553827659,20.48734376949637,20.244889075837037,20.34187126159668
2019-04-09,20.123666631265834,20.155994546982697,19.380141526056565,19.54986000061035
2019-04-10,19.517527803787065,19.768062929719203,19.275074655011384,19.711490631103516
2019-04-11,19.549860049199165,19.820599407341366,19.460959822236713,19.759986877441406
2019-04-12,19.97011231741425,20.180239147268583,19.78423142459384,20.042848587036133
2019-04-15,20.03476807746073,20.19640303266599,20.003247896986014,20.123666763305664
2019-04-16,20.30954171460324,20.713631296633764,20.147906806678684,20.681304931640625
2019-04-17,20.68939215878616,20.717678313388365,20.430775007291803,20.60857391357422
2019-04-18,20.535834128762293,20.68938861420952,20.333789321087355,20.632816314697266
2019-04-22,20.632817056436206,20.778288028348943,20.5762432134106,20.67322540283203
2019-04-23,20.58432303799395,20.875268034347606,20.42268812783704,20.705551147460938
2019-04-24,20.681308942995255,20.859107838642036,20.547958615150378,20.729799270629883
2019-04-25,20.770207793775352,20.786370207602737,20.37419859615189,20.48734474182129
2019-04-26,20.446937423150338,20.697474137455334,20.301466431544625,20.60857391357422
2019-04-29,20.705553370554206,20.705553370554206,20.301463739556876,20.358036041259766
2019-04-30,20.406529435707817,20.5196740561372,20.115584364341007,20.261056900024414
2019-05-01,20.341870516852623,20.560079270713235,20.15194791166141,20.301462173461914
2019-05-02,19.46095535106004,19.63875422265558,18.53963154323299,18.97604751586914
2019-05-03,17.618307966341238,18.967967446968235,17.618307966341238,18.21636199951172
2019-05-06,17.537493428910285,18.167872368335907,17.48091957660811,18.10321807861328
2019-05-07,17.84459486775566,18.131498084754526,17.650632064369976,18.0062313079834
2019-05-08,18.02239976046969,18.402245059896572,17.95774547100041,18.184036254882812
2019-05-09,17.981991407606337,18.21232241018313,17.788028539198503,18.184036254882812
2019-05-10,18.167607571696923,18.274378532268884,17.986916084744557,18.175819396972656
2019-05-13,17.78158697805798,17.921211513677374,17.395566940307617,17.395566940307617
2019-05-14,17.461271647348735,17.59268278418409,17.354499119579813,17.370925903320312
2019-05-15,17.23951607790314,17.748735446784927,17.190237289477306,17.666603088378906
2019-05-16,17.658385188911225,17.863715249247402,17.54340085641706,17.683025360107422
2019-05-17,17.502335980010553,17.699452673323897,17.453057198318273,17.477697372436523
2019-05-20,17.387353717917577,17.543405039615607,17.26415596564836,17.42841911315918
2019-05-21,17.502336472031313,17.777479607848427,17.502336472031313,17.748733520507812
2019-05-22,17.600898678621224,17.912999781344897,17.600898678621224,17.839080810546875
2019-05-23,17.62553336162915,17.75694605439553,17.51876240902769,17.64196014404297
2019-05-24,17.74872884875242,17.839072999523903,17.641956352553592,17.80622100830078
2019-05-28,17.707666759758283,17.715880151453426,17.535190233793138,17.54340362548828
2019-05-29,17.469485361454595,17.588577195953455,17.321647438151782,17.5269775390625
2019-05-30,17.51055096315556,17.64196210397687,17.268261378539197,17.32164764404297
2019-05-31,17.075255451509623,17.09168067238307,16.67280699248911,16.689233779907227
2019-06-03,16.631735543041874,16.910984561433757,16.508537815291124,16.61530876159668
2019-06-04,16.87813202240752,17.182021231401773,16.754934287183328,17.157381057739258
2019-06-05,17.132744747057792,17.223088929508172,16.83706888965261,16.910987854003906
2019-06-06,16.919203529286435,17.354502415264292,16.90277674242643,17.346290588378906
2019-06-07,17.411993817444355,17.876038734476584,17.370926855841233,17.83086585998535
2019-06-10,18.01977245858786,18.167610401285668,17.9622802734375,17.9622802734375
2019-06-11,18.085475664186752,18.089581576925454,17.305220654108282,17.5269775390625
2019-06-12,17.592685349607827,17.715883112538037,17.44484740747376,17.60089874267578
2019-06-13,17.617325695780316,17.76516207277096,17.50233975828373,17.633750915527344
2019-06-14,17.64195962438318,17.64195962438318,17.403777552575402,17.535188674926758
2019-06-17,17.47770076443346,17.494125983822475,17.108105913651418,17.12453269958496
2019-06-18,17.223087784701683,17.605001886283013,17.00133247293212,17.576255798339844
2019-06-19,17.699455441909077,17.781587801939676,17.485913498991785,17.658390045166016
2019-06-20,17.822650738024343,17.945848466960268,17.67481283668359,17.86371612548828
2019-06-21,17.57625772643452,17.658390086658105,17.354500823794186,17.494125366210938
2019-06-24,17.61732532267279,17.863720845650153,17.543406352470676,17.724096298217773
2019-06-25,17.683026771565416,17.707665378184224,17.132742103279014,17.16559410095215
2019-06-26,17.247729905637538,17.477700201668718,17.202557029047085,17.255943298339844
2019-06-27,17.272366943842403,17.50233563152365,17.272366943842403,17.485910415649414
2019-06-28,17.559829014788228,17.855504852540047,17.510550230677694,17.576255798339844
2019-07-01,17.896574929847258,18.060838094352878,17.506447368511484,17.75695037841797
2019-07-02,17.740519972510253,17.740519972510253,17.436630752031498,17.625534057617188
2019-07-03,17.748734028807423,17.929423949629484,17.69124185247969,17.855504989624023
2019-07-05,17.888359555215544,18.093689663012373,17.658389270527113,18.07726287841797
2019-07-08,17.970490692278954,18.093690012572715,17.917105991132384,18.069049835205078
2019-07-09,17.855503575580897,18.290803909301758,17.830863402015652,18.290803909301758
2019-07-10,18.414003358682105,18.57826806465774,18.340084397647505,18.496135711669922
2019-07-11,18.61111984558108,18.873942118794957,18.578267844701504,18.857515335083008
2019-07-12,18.857514803550625,19.07927167777834,18.800022628723646,18.915008544921875
2019-07-15,18.972500388049525,19.029992561871357,18.709678126838725,18.758956909179688
2019-07-16,18.643972230111814,18.775383358381188,18.561839883307403,18.6029052734375
2019-07-17,18.57005206374049,18.602904060393534,18.282589651941784,18.348295211791992
2019-07-18,18.36472525021413,18.570055356977544,18.200460538185638,18.56184196472168
2019-07-19,18.578269080713877,18.853410676744726,18.553628903506645,18.635761260986328
2019-07-22,18.57005484466785,18.64397380638696,18.245632908961134,18.528987884521484
2019-07-23,18.64397238026922,19.001246290220024,18.561840032803318,18.88215446472168
2019-07-24,18.775384020394526,19.05463306944922,18.750743845521136,18.915008544921875
2019-07-25,18.972500379201342,19.046419335950436,18.71789150959015,18.841089248657227
2019-07-26,18.832876726059407,19.005353255401893,18.758957765899964,18.857515335083008
2019-07-29,18.824663214523458,18.861622694368204,18.356510847519537,18.422216415405273
2019-07-30,18.21688461303711,18.34829573649547,18.03619314337374,18.21688461303711
2019-07-31,17.53519073931191,17.81443979882005,16.442834677075133,16.48390007019043
2019-08-01,15.826842221012425,16.138943239107995,15.605085368749087,15.769350051879883
2019-08-02,15.646151100512188,15.98289229844972,15.605085712098013,15.917186737060547
2019-08-05,15.64615144109953,15.917187083547825,15.510634403147476,15.83505630493164
2019-08-06,15.950045749838562,16.056816736116726,15.74471560453505,15.982897758483887
2019-08-07,15.72007516503719,16.05271055892348,15.57223721219884,15.974685668945312
2019-08-08,16.212865610524414,16.434622509575004,16.09788124799942,16.418195724487305
2019-08-09,16.259283976073412,16.290229096785115,15.648723248415363,15.757453918457031
2019-08-12,15.573447135669504,15.715632263590935,15.422897989014642,15.427079200744629
2019-08-13,15.305804033904023,15.707268975413898,15.243076283395956,15.456353187561035
2019-08-14,15.105073017323683,15.155257134239614,14.824885543274275,14.887613296508789
2019-08-15,14.946162341021543,15.14689403506068,14.791430364039831,14.870887756347656
2019-08-16,15.013074376145289,15.289080681891537,14.979618292891754,15.188714027404785
2019-08-19,15.464719772338869,15.527449128527504,15.355990696255535,15.464719772338867
2019-08-20,15.389447733693284,15.506542444967947,15.205444037796045,15.213808059692383
2019-08-21,15.364353360743616,15.531628970360297,15.28071475829845,15.43126392364502
2019-08-22,15.389444053300037,15.573449300466391,15.33926152919725,15.514901161193848
2019-08-23,15.414538749293008,15.694726284999737,15.180350937971392,15.305808067321777
2019-08-26,15.46471668464933,15.498172760009766,15.247256980626931,15.498172760009766
2019-08-27,15.514901825134952,15.736544373681735,15.355990226130086,15.406172752380371
2019-08-28,15.347625970001543,15.690542818776823,15.197076798290695,15.556721687316895
2019-08-29,15.74072587763927,15.857818972816041,15.611087549486065,15.757453918457031
2019-08-30,15.891275641911125,16.20910045282886,15.81600105072227,15.983278274536133
2019-09-03,15.79090690612793,15.849455043433379,15.611086067861741,15.79090690612793
2019-09-04,15.891273973913902,16.129642955900717,15.887092761630655,16.066913604736328
2019-09-05,16.4600131794381,16.89493260298368,16.21746141025069,16.7276554107666
2019-09-06,16.811295262913013,16.945116388575567,16.752748719844856,16.83638572692871
2019-09-09,16.93675262475834,17.438582651213324,16.920024584979316,17.405126571655273
2019-09-10,17.497127859583575,17.798226171528004,17.32148664585814,17.73131561279297
2019-09-11,17.789860452355345,18.33769010112723,17.480398150730714,18.24987030029297
2019-09-12,18.141141891479492,18.325145518096523,17.932046208621,18.141141891479492
2019-09-13,18.44224016514234,18.567698861791502,18.2331444644252,18.24150848388672
2019-09-16,18.14114469592947,18.517516026094142,18.082598150922102,18.358604431152344
2019-09-17,18.350240411112193,18.40878695611956,18.049142070761487,18.358604431152344
2019-09-18,18.23314367853905,18.32514629337664,17.906954909967272,18.07423210144043
2019-09-19,18.249872503348236,19.03607278472129,18.07423288047716,18.24150848388672
2019-09-20,18.19969020802756,18.249872730146706,17.869318613923156,18.090959548950195
2019-09-23,17.898593658939134,18.366967634116524,17.898593658939134,18.29169464111328
2019-09-24,18.333509955779345,18.484059106121386,18.141142306019404,18.174596786499023
2019-09-25,18.132781372665498,18.484062251481852,18.057506784685298,18.383695602416992
2019-09-26,18.341875685793358,18.659700458729716,18.27496512331867,18.567699432373047
2019-09-27,18.78515447493745,18.793518493280615,18.45896573592089,18.50078582763672
2019-09-30,18.584428350551192,18.889707932186294,18.467335249451114,18.785160064697266
2019-10-01,18.71824844051024,18.71824844051024,18.09932529121929,18.383695602416992
2019-10-02,18.116053405414426,18.25823856158993,17.90695768134891,18.049142837524414
2019-10-03,17.98223040915239,18.040776950589574,17.530582926167927,17.714588165283203
2019-10-04,17.505492755273288,17.72295248086798,17.279669010008764,17.70622444152832
2019-10-07,17.505493033905193,17.576584809319858,17.2043947020933,17.22112274169922
2019-10-08,17.04548385735026,17.04548385735026,16.719295016605535,16.777841567993164
2019-10-09,16.92838753042076,17.104028746405177,16.886569028901107,17.003662109375
2019-10-10,17.04548122349801,17.36330758945473,17.012026740134672,17.2294864654541
2019-10-11,17.622585437806187,18.03241282063033,17.580766935685322,17.90695571899414
2019-10-14,17.93204861618971,18.024049644213616,17.80240870111346,17.98223114013672
2019-10-15,18.13278155501314,18.438061122547804,17.940413870584248,18.333513259887695
2019-10-16,18.325146682002224,18.48405985774448,18.233144065213516,18.44223976135254
2019-10-17,18.60115532862036,18.902253680259907,18.525880740710473,18.86043357849121
2019-10-18,18.835344843523302,19.002620480148096,18.810252780156322,18.918983459472656
2019-10-21,19.1029847288713,19.261897919603864,18.927343498003996,18.977527618408203
2019-10-22,18.927341520459212,19.119710771362346,18.76842994160357,18.83534049987793
2019-10-23,18.86043054951161,19.437535099046663,18.760065511932865,19.370624542236328
2019-10-24,19.470990974614676,19.529537511811732,18.9189784877946,19.186620712280273
2019-10-25,19.144803591455467,19.22844219841735,18.91898142651425,19.11134910583496
2019-10-28,19.236802833941518,19.914272400112456,19.153164241695777,19.721904754638672
2019-10-29,19.646629971503405,19.96863751128575,19.588083436138152,19.872453689575195
2019-10-30,20.3826499650181,20.733930812189776,19.345533867445628,19.529539108276367
2019-10-31,19.57972112816726,19.688451785008404,19.098800382322725,19.34553337097168
2019-11-01,19.562994604087958,19.82645565192284,19.521176099156452,19.788818359375
2019-11-04,19.95609615429539,20.26973973629153,19.889185587280497,20.248828887939453
2019-11-05,20.391013742138767,21.135395583906554,20.321595405806132,20.976482391357422
2019-11-06,21.00993689813221,21.110301942022037,20.625199975824906,20.633563995361328
2019-11-07,20.89668270121815,21.00702190192343,20.523224080781528,20.66751480102539
2019-11-08,20.616587052066436,21.0664333080984,20.608099173041648,21.049457550048828
2019-11-11,20.83726750857219,21.24467764789331,20.684490527586515,21.117361068725586
2019-11-12,21.253166110384004,21.418675725162146,21.05794810579411,21.3974552154541
2019-11-13,21.13434093696321,21.210730251754832,20.981562307379964,21.040977478027344
2019-11-14,21.007019575554736,21.062189979246448,20.879704629179333,20.981555938720703
2019-11-15,21.142826072448283,21.26165316051402,21.011266354305754,21.066436767578125
2019-11-18,21.045218062068923,21.197996673160155,20.888196320179674,21.13433837890625
2019-11-19,21.227705183491747,21.414433712948806,21.12585222812566,21.37199592590332
2019-11-20,21.18526315761861,21.35501752260305,20.79483038461105,21.25316619873047
2019-11-21,21.388968159798928,21.388968159798928,20.947608124185553,20.97307014465332
2019-11-22,21.210724877221566,21.346527709351957,21.091897803831838,21.176774978637695
2019-11-25,21.346529574943947,21.711500325277747,21.338041694831812,21.550233840942383
2019-11-26,21.490821827983027,21.499309708699016,21.236191882094168,21.338043212890625
2019-11-27,21.516284763605693,21.558722546894412,21.206484412684592,21.52477264404297
2019-11-29,21.652086603920395,21.898228649541682,21.533259521130642,21.5587215423584
2019-12-02,21.57569674027367,21.796376758917248,21.37199248127134,21.431406021118164
2019-12-03,21.20223824853822,21.270139668608813,20.871219028056263,21.117361068725586
2019-12-04,21.244678657830747,21.592673654597856,21.06643640986112,21.083412170410156
2019-12-05,21.210724877221566,21.2616505345461,20.95185022256755,21.176774978637695
2019-12-06,21.456869787976114,21.52901433853344,21.04945964865499,21.117361068725586
2019-12-09,21.11736132151233,21.270139923224406,20.820293616958384,20.888195037841797
2019-12-10,20.82029413157932,20.917902325330736,20.599614103529227,20.70995330810547
2019-12-11,20.692976656467692,20.811805355005863,20.61658897591125,20.752391815185547
2019-12-12,20.794827194596444,21.34652636781647,20.73541366163546,21.304088592529297
2019-12-13,21.27862994182776,21.52052887921832,20.998536350170387,21.108877182006836
2019-12-16,21.25316726707727,21.45687154395977,21.09614390495931,21.125850677490234
2019-12-17,21.11735896334973,21.19374825567542,20.956094118570952,21.049457550048828
2019-12-18,21.04097402075084,21.219214646712377,20.973070979739667,21.023998260498047
2019-12-19,21.083409460298327,21.236188047805875,20.878006993191743,21.185260772705078
2019-12-20,21.15131323512832,21.27014031916183,20.841512895399806,21.100387573242188
2019-12-23,21.159799722976906,21.18526174279581,20.930631831221795,20.998533248901367
2019-12-24,21.066438854154455,21.066438854154455,20.871222441882882,20.90517234802246
2019-12-26,21.023996887617766,21.083410425725205,20.820292634579058,20.998533248901367
2019-12-27,21.108875602427073,21.155556515128715,20.803318391157465,20.86273193359375
2019-12-30,20.95609909310415,20.973073236285632,20.76088106698822,20.854246139526367
2019-12-31,20.786341715555352,20.981558094649966,20.659026756097887,20.752391815185547
2020-01-02,20.540198334787885,20.803316116333008,20.319518330657402,20.803316116333008
2020-01-03,20.497763687756613,20.586884012314773,20.209182201560637,20.46381378173828
2020-01-06,20.260105874667932,20.497760031093787,20.098839397880727,20.37893295288086
2020-01-07,20.421373732374295,20.582640232850892,20.328010279591222,20.55717658996582
2020-01-08,20.506249280962187,20.54868706347448,20.192205805016904,20.3280086517334
2020-01-09,20.49776027737308,20.786341715555352,20.333948891711003,20.752391815185547
2020-01-10,20.786345535743106,21.057951264208366,20.756638760373335,20.828784942626953
2020-01-13,20.998529724194512,21.32954887745703,20.939116196059928,21.29559898376465
2020-01-14,21.312580443025894,21.414431770254335,21.028242115143048,21.066436767578125
2020-01-15,21.007021880887184,21.202238261345872,20.943363591264866,21.193750381469727
2020-01-16,21.36350532459032,21.575697470595827,21.338041684266525,21.473844528198242
2020-01-17,21.51628144437223,21.55023134198635,21.12584709897663,21.346527099609375
2020-01-21,21.176774116523237,21.19799300463651,20.88819270527005,21.049457550048828
2020-01-22,21.21921467817454,21.35926227212134,21.142825375821303,21.25316619873047
2020-01-23,21.10887808557523,21.45687311983649,20.879710150164797,21.44838523864746
2020-01-24,21.53325878088659,21.7878886977963,21.270139365329353,21.43989372253418
2020-01-27,20.896682464352484,21.108874602370737,20.676002446545795,20.97307014465332
2020-01-28,21.44838297354556,21.635111483290977,21.380481550101987,21.46535873413086
2020-01-29,21.82183839351344,22.067982047265282,21.753936975046987,21.89822769165039
2020-01-30,21.787891746983146,21.89823096137984,21.316824877767214,21.770915985107422
2020-01-31,21.575700218687324,21.719990961105246,21.10887808557523,21.44838523864746
2020-02-03,21.575698858296224,21.847304563628725,21.40594448301456,21.652088165283203
2020-02-04,21.65208676187229,21.860034158271333,20.659027454305825,21.3974552154541
2020-02-05,22.067982175716335,22.63665716576954,21.915203578553154,22.585731506347656
2020-02-06,23.247772476176387,23.341137544401256,22.7215368272126,22.865827560424805
2020-02-07,22.662120732654756,22.831873469818834,22.118907764596155,22.203784942626953
2020-02-10,22.118907764596155,22.212272822319786,21.932179268046415,22.203784942626953
2020-02-11,22.3735400659278,22.645145749822312,22.22076146401274,22.475391387939453
2020-02-12,22.78094955918566,23.06104313495853,22.78094955918566,22.96767807006836
2020-02-13,22.789436096684703,22.908263176708502,22.390513838494723,22.415977478027344
2020-02-14,22.570869730831664,22.622500809895993,21.71897662151306,21.736186981201172
2020-02-18,21.80502502753498,22.295508750364007,21.744790414734236,22.002939224243164
2020-02-19,22.269691323477325,22.92797352203362,22.10619785725233,22.79459571838379
2020-02-20,22.794595796580726,23.199029336224125,22.742966367136244,22.837621688842773
2020-02-21,22.803202161212155,22.81180734011219,22.381558242730826,22.39016342163086
2020-02-24,21.529667606611802,21.71897663952732,21.17256002850339,21.49524688720703
2020-02-25,21.598505753847196,21.942704715244062,20.77242660522461,20.77242660522461
2020-02-26,20.83265984057507,20.966037647351296,20.109842890079072,20.16147232055664
2020-02-27,19.498889924218915,19.498889924218915,18.44047748633689,18.595367431640625
2020-02-28,17.85533838522791,18.320008220171214,17.571374033185933,18.242563247680664
2020-03-02,18.276982173193336,18.707231287368142,18.079067974577754,18.638391494750977
2020-03-03,18.48350141971015,18.586761928537236,17.43369417944028,17.579978942871094
2020-03-04,17.812313370224004,18.289888491852434,17.287408943792137,18.233957290649414
2020-03-05,17.528350234423996,17.63160910625388,16.50435684803499,16.64203643798828
2020-03-06,15.781538917062804,17.175545240750434,15.781538917062804,16.65064239501953
2020-03-09,15.05871784295653,15.919216005411188,14.98127287703401,15.248026847839355
2020-03-10,15.95363530545672,16.392487885087476,15.303958331285,16.340858459472656
2020-03-11,15.721303808230306,15.841773040988022,13.901350161652443,14.378925323486328
2020-03-12,13.161321808189951,13.68192289543815,12.262101002365657,12.623510360717773
2020-03-13,13.501216344543655,13.95728015899658,12.494434209433619,13.957280158996582
2020-03-16,11.978134927647101,13.092480154668966,11.840455347891277,12.262099266052246
2020-03-17,12.700953024240182,13.724945472406887,12.270703944725014,13.234461784362793
2020-03-18,12.373965990414783,13.42377417486335,11.741500018070498,12.305126190185547
2020-03-19,12.046974436442058,13.354932054874856,11.5220708457114,12.907472610473633
2020-03-20,12.907473297289195,13.122597852244017,11.504861100507563,12.09000015258789
2020-03-23,11.530676876063117,11.530676876063117,10.162485270257497,10.308769226074219
2020-03-24,10.739018325438835,11.87487663263207,10.412029695566444,11.77161693572998
2020-03-25,12.133026689612457,13.148414153311258,11.6597524475601,12.305126190185547
2020-03-26,12.743979873955224,13.621687691865974,12.485830226110261,13.277488708496094
2020-03-27,12.769794292597568,13.053758652366415,12.468619573746931,12.657929420471191
2020-03-30,12.597694472378977,13.535636860427754,12.283611992508698,13.423772811889648
2020-03-31,13.440982352920015,13.897046188394437,12.976313338129927,13.182832717895508
2020-04-01,12.408384024701565,12.61920598378205,11.814639811210789,12.262099266052246
2020-04-02,12.038370707676844,13.208648890517038,11.874876395998639,12.924684524536133
2020-04-03,12.632115061720876,12.761189475964628,11.892086012860375,12.133026123046875
2020-04-06,12.804213669365653,13.509821950319516,12.666534084851248,13.466796875
2020-04-07,14.361713928557661,14.516603851102149,13.595870314530407,13.621685028076172
2020-04-08,13.914256579087953,14.611259692561633,13.664712122804094,14.01751708984375
2020-04-09,14.387530315340808,14.878015702173602,13.742157441020842,14.000307083129883
2020-04-13,13.965885719441292,14.1982206327918,13.25167226235166,13.630291938781738
2020-04-14,14.077750361770232,14.206824756956612,13.458191459478622,13.828205108642578
2020-04-15,13.268882987038424,13.363537498442005,12.812819147533792,13.217252731323242
2020-04-16,13.208648631139486,13.208648631139486,12.72676924402644,13.010733604431152
2020-04-17,13.664711468037726,13.85402130117218,13.329116875749607,13.681921005249023
2020-04-20,13.346327003420752,13.544241191430046,13.217251783704459,13.337721824645996
2020-04-21,12.907473911614447,13.251672887670129,12.864448834448714,13.010733604431152
2020-04-22,13.260278005893959,13.406562775199747,12.95049892887675,13.05375862121582
2020-04-23,13.122599187936983,13.260278785820274,12.571879975768683,12.70956039428711
2020-04-24,12.847239267195452,12.890263523629754,12.38257024024324,12.657929420471191
2020-04-27,12.94189325388006,13.53993925685266,12.79560849017474,13.466796875
2020-04-28,13.673316240677785,14.172404293866148,13.57866091660559,13.742156028747559
2020-04-29,14.267059546121795,14.267059546121795,13.638896277988357,13.819600105285645
2020-04-30,14.938252449737327,15.618045318648793,14.439163453393451,15.402920722961426
2020-05-01,14.774752716038812,15.256631201399795,14.628467970681204,15.093137741088867
2020-05-04,14.843593096652697,15.764325855117233,14.834987918194994,15.695486068725586
2020-05-05,16.056897326286606,16.237602813514165,15.609437839244258,15.6610689163208
2020-05-06,15.781539156261509,15.902008394604332,15.101744702709228,15.179189682006836
2020-05-07,15.52338634488861,16.31504301275695,15.52338634488861,15.945030212402344
2020-05-08,16.297833141755543,16.642032025374878,16.224689955772202,16.590402603149414
2020-05-11,16.315044593430862,16.986233760098592,16.241903036440604,16.822738647460938
2020-05-12,16.831345518580626,16.831345518580626,16.091318130493164,16.091318130493164
2020-05-13,15.962237641903391,15.988053173404824,14.895220292223414,15.161975860595703
2020-05-14,14.77475592397355,15.549204068200016,14.53381580834454,15.506179809570312
2020-05-15,15.269107998607579,15.506179090842409,15.062769832901813,15.488617897033691
2020-05-18,16.173489118536082,16.80567701276302,16.13836673149301,16.656410217285156
2020-05-19,16.48958315056205,17.235915419167213,16.331535765535424,16.875919342041016
2020-05-20,17.20079419570961,17.832982042243483,17.20079419570961,17.78030014038086
2020-05-21,17.736395924953843,17.995417605816375,17.674931762348628,17.894441604614258
2020-05-22,17.938347933336463,17.99102983641094,17.534448877158788,17.929567337036133
2020-05-26,18.63199946282605,19.290529154121813,18.473953743686263,18.95687484741211
2020-05-27,19.720766780909393,19.826132260005576,19.220284523339352,19.395893096923828
2020-05-28,19.562720041233415,19.562720041233415,19.03589602302946,19.22028350830078
2020-05-29,18.956872335158536,19.387111475487142,18.737362467150426,18.930530548095703
2020-06-01,19.02711656670963,19.593452462059997,18.877849780525676,19.439794540405273
2020-06-02,19.69442502804848,19.826130609911477,19.527597064500775,19.7910099029541
2020-06-03,20.194911796943334,20.888563919055475,20.194911796943334,20.546127319335938
2020-06-04,20.37051820132398,21.432945251464844,20.212470814589214,21.432945251464844
2020-06-05,22.328546828224624,22.47781362408693,21.547092136507146,21.73147964477539
2020-06-08,22.205618388784416,22.87292689385139,22.008059178528313,22.750001907348633
2020-06-09,22.14415777632123,22.267084457288707,21.54709226406499,22.188060760498047
2020-06-10,22.214402212290327,22.214402212290327,21.476848781038104,21.766603469848633
2020-06-11,20.60758748867862,20.74807368169884,19.92271771638695,20.001741409301758
2020-06-12,20.721731393555196,20.897338279045986,19.36954983416662,19.834911346435547
2020-06-15,18.96565591283925,19.98418172656274,18.877851616884954,19.852476119995117
2020-06-16,20.85343620879221,20.85343620879221,19.73832574432435,20.054420471191406
2020-06-17,20.115886587125356,20.405639580719587,19.729548704090522,19.7822322845459
2020-06-18,19.580281643242,19.913937616021748,19.510038544982194,19.67686653137207
2020-06-19,19.90515654603554,19.940277256966457,19.369551887836963,19.71198844909668
2020-06-22,19.562721486252798,19.747108985144084,19.325650409340426,19.5451602935791
2020-06-23,19.77344974172477,20.019299727409933,19.31686880441315,19.369550704956055
2020-06-24,19.185163856641406,19.220284566600867,18.491511831621654,18.526634216308594
2020-06-25,18.43005095687774,18.95687505050392,18.157859150483134,18.83395004272461
2020-06-26,18.51785485865675,18.649560460586613,17.815423865212423,17.87688636779785
2020-06-29,18.043713663211882,18.50029467114232,17.91200805412017,18.447612762451172
2020-06-30,18.438829003309376,18.746143154976675,18.38614710365216,18.579315185546875
2020-07-01,18.57931673498657,18.69346281427848,17.815423264705476,17.850543975830078
2020-07-02,18.342246951411788,18.640780553350286,18.087616334892274,18.113956451416016
2020-07-06,18.57053426570509,18.869067816431325,18.52224182739241,18.65833854675293
2020-07-07,18.52224532686966,18.772486486562215,18.372978523305004,18.447612762451172
2020-07-08,18.52663495431329,18.921751749415886,18.430050067304247,18.596878051757812
2020-07-09,18.535415165987413,18.728583261267243,17.33689139869077,17.455425262451172
2020-07-10,17.516889587868004,18.01737186042523,17.516889587868004,17.912006378173828
2020-07-13,18.11395394399204,18.307123703640755,17.797860866368783,17.81542205810547
2020-07-14,17.850547580817906,18.122739427232037,17.66616004203901,18.096399307250977
2020-07-15,18.491514745030972,18.86029146870864,18.29834662300086,18.80760955810547
2020-07-16,18.658340923160374,18.956874511909145,18.359807334411602,18.623218536376953
2020-07-17,18.77248553328733,18.78126613007792,18.41688057427025,18.500293731689453
2020-07-20,18.44761108912025,18.50907358947278,18.192978816542595,18.430049896240234
2020-07-21,18.72858457480495,19.404675467793563,18.72858457480495,19.351993560791016
2020-07-22,19.26418607081976,19.589059730634318,19.26418607081976,19.360769271850586
2020-07-23,19.308092159797074,19.66369882937072,19.220287857772103,19.5363826751709
2020-07-24,19.606624173576357,19.659306080578904,19.334432366880957,19.351993560791016
2020-07-27,19.18516402760998,19.729547597288988,19.18516402760998,19.6680850982666
2020-07-28,19.47491856870617,19.69442846839902,19.145653719166894,19.351993560791016
2020-07-29,19.834913702334877,19.870034413713572,18.71102246784834,18.991994857788086
2020-07-30,18.614436533288355,18.763703302955633,18.157855629044054,18.403705596923828
2020-07-31,18.46517369411066,18.50907500494049,18.017373289790207,18.342247009277344
2020-08-03,18.359804759017646,18.50907153245386,18.17541727845209,18.386146545410156
2020-08-04,18.30712327677823,18.430048266613984,18.026150914452284,18.24566078186035
2020-08-05,18.447609096399272,18.869067631628315,18.447609096399272,18.78126335144043
2020-08-06,18.62321873730251,18.786534823097792,18.456392422464106,18.500293731689453
2020-08-07,18.357363570717062,18.93801149164549,18.33949881770072,18.92014503479004
2020-08-10,18.902281910056317,19.000545736244284,18.670023041509836,18.759353637695312
2020-08-11,19.027343082176987,19.25960194290838,18.897815511097786,18.929080963134766
2020-08-12,19.31319895311323,19.45612720314041,18.687886581364957,18.857614517211914
2020-08-13,18.652154599022904,18.98267725862708,18.61642338665012,18.670021057128906
2020-08-14,18.536026000976562,18.75041838640667,18.504760551257956,18.536026000976562
2020-08-17,18.562826585024663,18.839749883272525,18.562826585024663,18.768285751342773
2020-08-18,18.804015790099232,18.973743731763786,18.656621772636242,18.821882247924805
2020-08-19,18.884413442883282,19.15240520295567,18.625356615703122,18.670021057128906
2020-08-20,18.321631776728836,18.50922445621307,18.07150650024414,18.07150650024414
2020-08-21,17.955380158923244,18.098308419178537,17.8839160287956,18.05364227294922
2020-08-24,18.125108029932072,18.661088151693274,18.11617480072415,18.65215492248535
2020-08-25,18.768283105495062,18.8040143145031,18.58962194893769,18.714685440063477
2020-08-26,18.661087799850986,18.661087799850986,18.45562864346037,18.536026000976562
2020-08-27,18.571759814495792,18.96481168818976,18.571759814495792,18.768285751342773
2020-08-28,18.8933453118787,18.964809435319072,18.482427028056343,18.786149978637695
2020-08-31,18.786150827033698,18.83974849607471,18.50029261652355,18.509225845336914
2020-09-01,18.29483539457703,18.36629952878087,18.053643302699307,18.330568313598633
2020-09-02,18.402032894906228,18.857617400464555,18.26714333731352,18.804018020629883
2020-09-03,18.81294919746114,19.17920306716349,18.375231199617822,18.44669532775879
2020-09-04,18.678955673451547,18.786152726209778,17.99111231983789,18.24123764038086
2020-09-08,17.95537876186129,17.95537876186129,17.401530518586107,17.4819278717041
2020-09-09,17.651659337873205,17.749923167751398,17.36580278241606,17.633792877197266
2020-09-10,17.598057584963016,17.67845493554976,17.160337918951157,17.187137603759766
2020-09-11,17.240738629070368,17.36580214537468,17.062079140383275,17.160341262817383
2020-09-14,17.222872753041354,17.356867786804038,17.142475392015886,17.169273376464844
2020-09-15,17.24073600769043,17.37473273363138,17.173739348559103,17.24073600769043
2020-09-16,17.37473545962295,18.241238328746906,17.25860517276587,17.892850875854492
2020-09-17,17.57125913236152,17.892848557260365,17.410464419912095,17.82138442993164
2020-09-18,17.86604845663633,17.982177021915238,17.58912518263343,17.749919891357422
2020-09-21,17.276468087268533,17.30326777192923,16.914680011624867,17.097806930541992
2020-09-22,17.11567544029805,17.285403389166103,16.794086001145796,17.142475128173828
2020-09-23,17.151407023881944,17.615922984069414,17.115674109492605,17.571258544921875
2020-09-24,17.517661056960453,17.767784644896302,17.40153078784239,17.749919891357422
2020-09-25,17.5712576511138,18.07150650024414,17.50872675795239,18.07150650024414
2020-09-28,18.330567540294048,19.241736490833414,18.2948346227799,19.14347267150879
2020-09-29,18.929081232234495,19.500794310568995,18.598558543922753,19.465063095092773
2020-09-30,19.384665914178292,19.74198659152364,19.03627676290711,19.402530670166016
2020-10-01,19.54545746564526,19.572257153362862,19.152405602155998,19.295333862304688
2020-10-02,21.394594535806938,23.172266221534112,21.37226061130104,22.377225875854492
2020-10-05,22.332561633080935,22.868543453042726,22.073503100294364,22.689882278442383
2020-10-06,22.511224410903008,22.524623403608558,21.841247514195647,22.019906997680664
2020-10-07,22.207500945131937,22.573754837946286,22.12710358292007,22.368295669555664
2020-10-08,23.02040421225811,24.199563156578435,23.002537754595274,24.0566349029541
2020-10-09,24.42288824958856,24.8427397727552,24.092365605169487,24.628347396850586
2020-10-12,24.610480833873968,25.101798184071292,24.431821373306963,24.95886993408203
2020-10-13,24.789142100230734,25.521649810398063,24.69087828901931,25.360855102539062
2020-10-14,25.360856854963973,25.682446292903677,25.119666480348457,25.557384490966797
2020-10-15,25.173260483663313,25.45018373495692,24.941001668312897,25.048198699951172
2020-10-16,25.048201606263337,25.27152721956951,24.90080588363844,25.128597259521484
2020-10-19,25.2625953732573,25.369790719361358,24.64621616972141,24.699813842773438
2020-10-20,24.923135673436132,24.99459979457061,24.592614752128814,24.6551456451416
2020-10-21,24.583683807475058,24.664081164198976,23.96730464053809,24.038768768310547
2020-10-22,24.15489895254688,24.168297944005488,23.547453016781766,23.949438095092773
2020-10-23,24.19956403911475,24.26209493937594,23.985171650859556,24.15489959716797
2020-10-26,23.82437547516495,23.949437268030973,23.395590724905034,23.806509017944336
2020-10-27,23.869043796814815,23.869043796814815,23.024873149981662,23.118669509887695
2020-10-28,22.663085429719395,22.734549562370013,22.292364070204762,22.368295669555664
2020-10-29,21.930574619248983,22.404025534440304,21.445512039782873,22.24323081970215
2020-10-30,22.171768315283632,22.359362730831204,21.394596075579067,21.707250595092773
2020-11-02,22.04670394968495,22.171765742981137,21.80551188789447,21.876976013183594
2020-11-03,22.332563032693486,22.832811967550803,22.201248134551268,22.529088973999023
2020-11-04,22.564819896657312,23.154399372260304,22.100302217746112,22.99360466003418
2020-11-05,23.225861977224284,24.01643479129434,23.082933732133107,23.6635799407959
2020-11-06,23.6454703199106,23.6454703199106,22.920981508197507,22.95720672607422
2020-11-09,24.55108013657527,25.23028742864005,23.971488739440165,23.980545043945312
2020-11-10,24.034881754358924,24.29750766355318,23.410010591041942,23.88092803955078
2020-11-11,24.143555306321993,24.279396420599586,23.745086540769375,24.04393768310547
2020-11-12,23.627355392427788,24.016767809822227,23.55490669109719,23.708860397338867
2020-11-13,23.944321196120235,24.225059722338827,23.871872488473066,24.21600341796875
2020-11-16,24.73220102714624,24.804649735822412,24.324677688585314,24.641639709472656
2020-11-17,24.29750715069086,24.922378300818306,24.16166604691881,24.858985900878906
2020-11-18,24.76842598561394,25.18500562430859,24.478631153945763,24.50579833984375
2020-11-19,24.324677105532697,24.868041543923038,23.78131093982893,24.152610778808594
2020-11-20,23.998657506255434,24.40618256992855,23.908096189071024,24.206947326660156
2020-11-23,24.587298724230784,25.619694776868183,24.51032274225733,25.501964569091797
2020-11-24,25.76459637965695,26.670206069946286,25.63780984844333,26.67020606994629
2020-11-25,26.26267971268785,26.5615308265328,25.882323592583976,26.498138427734375
2020-11-27,26.41663363331612,26.670204957856587,26.090613605666,26.48908233642578
2020-11-30,26.43474598899382,26.52530729884616,25.80081854734077,25.83704376220703
2020-12-01,26.39852438345235,26.688319232751233,26.217403466297323,26.434749603271484
2020-12-02,26.425689669171927,26.543418162788896,26.190230954624678,26.353240966796875
2020-12-03,27.231684251722964,29.341756576736618,27.01433812422365,29.124408721923828
2020-12-04,28.39086111218154,29.41419919319697,27.75693370557194,29.359861373901367
2020-12-07,29.070071479102424,29.93945946120822,29.01573710527689,29.68588638305664
2020-12-08,29.522876058486258,31.216368754818618,29.522876058486258,30.292646408081055
2020-12-09,30.37415260143788,30.654889419976268,29.160635367995827,29.803617477416992
2020-12-10,29.260251499697972,29.731168971917608,29.117164306198614,29.640605926513672
2020-12-11,29.269306424691266,29.604381060099694,29.124409004950298,29.48665428161621
2020-12-14,29.65871895103737,29.676831560371866,28.762165516741643,28.81650161743164
2020-12-15,29.205911156046895,29.219494748030375,28.617265230147375,29.079126358032227
2020-12-16,29.432314311782974,29.939456971282397,28.870835555663387,29.423259735107422
2020-12-17,29.595324413446804,29.87606465596475,29.23307916210924,29.559099197387695
2020-12-18,29.52287792517378,29.704000575038023,28.907064715725284,29.187803268432617
2020-12-21,28.934233369934873,29.151577784106166,28.438864015240142,28.97951316833496
2020-12-22,29.106296888809332,29.205914514311655,28.599155911123336,28.798389434814453
2020-12-23,28.97951150342962,29.48665419840535,28.907062793763586,29.19685935974121
2020-12-24,29.18779679473829,29.396086586765104,29.033844822007076,29.359861373901367
2020-12-28,29.7311712160906,29.7311712160906,29.332700695489756,29.341758728027344
2020-12-29,29.504767779483327,29.586269341829336,29.25119469632974,29.44137191772461
2020-12-30,29.387037542827272,29.91228940972174,29.287419916012695,29.44137191772461
2020-12-31,29.432317340117418,29.542803223762302,29.21949849276393,29.44137191772461
2021-01-04,29.667772321412453,29.839840375776422,28.2867195984557,28.418031692504883
2021-01-05,28.073898643211702,28.789331082907157,27.83843993118459,28.354637145996094
2021-01-06,28.870837847018688,30.700171669759893,28.789334559276558,30.057186126708984
2021-01-07,30.44659852749597,30.781676619023507,30.14774910934873,30.727338790893555
2021-01-08,30.98996070589987,31.143912675150617,30.3469752832974,30.71827507019043
2021-01-11,30.41037583069238,30.836010046795096,30.319812786586667,30.47376823425293
2021-01-12,30.86317876477341,31.098635755527095,30.419428512865288,30.980905532836914
2021-01-13,30.836007941745894,31.34315059023663,30.56432573722919,31.062410354614258
2021-01-14,31.370320934520546,31.904630820900888,31.008079110215217,31.832183837890625
2021-01-15,31.116751571048873,31.2163691963158,30.229254430367146,31.08052635192871
2021-01-19,31.334097868844733,31.478995299448986,30.654890515144682,30.935630798339844
2021-01-20,31.062406858176406,31.478986421852888,30.61866011349424,31.27069664001465
2021-01-21,31.34315432970008,31.49710633059735,30.673001587619954,30.78167724609375
2021-01-22,30.38321087736833,30.528108320432917,29.967536272802537,30.328876495361328
2021-01-25,30.09341232827237,30.519050026865568,29.540989814258335,29.803617477416992
2021-01-26,30.04813166348631,30.179445491276386,29.649664618715295,29.68588638305664
2021-01-27,29.14252236977437,29.28741979327184,28.055789966229778,28.128238677978516
2021-01-28,28.48142241702766,29.86700399011434,28.48142241702766,29.359861373901367
2021-01-29,29.142517853771988,29.19685567464836,27.820326910105855,27.856552124023438
2021-02-01,28.05578746603185,29.05196018660151,27.648264146504314,28.888948440551758
2021-02-02,29.19685993682374,29.423262374919176,28.626324825527657,28.798389434814453
2021-02-03,28.71688122522698,29.405146495084274,28.62632164191102,29.368921279907227
2021-02-04,27.72977238388186,27.775052182218122,26.298908992304742,26.778881072998047
2021-02-05,27.702599734751566,28.454255686095458,27.53053341510031,28.02861976623535
2021-02-08,28.345584342926646,28.798389215671886,27.820330759634707,28.001453399658203
2021-02-09,28.082957379537078,28.291247198765134,27.512422293617767,28.037675857543945
2021-02-10,28.200686768323365,28.581042928451446,27.983340637866387,28.227855682373047
2021-02-11,28.327468894430353,28.363692380207777,27.385634081832105,27.88372039794922
2021-02-12,27.784103551460944,27.91994464965095,27.050560239384296,27.11395263671875
2021-02-16,27.590601938211485,28.25057583185897,27.27894716246076,27.838092803955078
2021-02-17,27.53560311860708,27.81975831171686,26.50897536688498,26.673969268798828
2021-02-18,26.49064174294002,26.609804779863804,26.041492657744495,26.0506591796875
2021-02-19,26.40814702010329,27.068122668956015,26.316483541280917,27.058956146240234
2021-02-22,26.912296148504282,27.214784414551183,26.701469615904234,26.710636138916016
2021-02-23,26.123992782252294,27.22395107241817,25.629011027176997,27.113954544067383
2021-02-24,27.08645311508544,28.287241328096382,27.05895529613743,28.012250900268555
2021-02-25,28.140580299392447,28.415568977257564,27.196449474940895,27.205615997314453
2021-02-26,27.12311868233662,27.338527584402122,26.518142200438326,26.79313087463379
2021-03-01,27.4897719771356,27.883923708699292,27.30644676947173,27.645599365234375
2021-03-02,27.6180977106359,27.737260747532655,27.086451676409208,27.242279052734375
2021-03-03,27.434774928269345,27.608935363784617,26.435646677246346,26.47231101989746
2021-03-04,26.481478052332484,26.857296750500883,25.89483457193996,26.39898109436035
2021-03-05,26.857296403744403,27.439357489328103,26.15149163113565,27.3706111907959
2021-03-08,27.755596595025644,28.278076160087416,27.563103111492875,27.581436157226562
2021-03-09,27.828927362998463,28.369739980272527,27.714348448293542,27.993921279907227
2021-03-10,28.11308170603466,28.809721695536147,28.021418227459513,28.74555778503418
2021-03-11,28.814304339852484,29.25887107849121,28.74555804155921,29.25887107849121
2021-03-12,28.96096728759769,29.46053145041809,28.93805185318742,29.26803970336914
2021-03-15,29.2313724543683,29.70802116394043,29.011381145720126,29.70802116394043
2021-03-16,29.708018777629004,29.735516596291557,28.901384044045706,28.9838809967041
2021-03-17,28.883055802474402,29.561362832870216,28.809725359954196,29.54302978515625
2021-03-18,29.478863432392416,30.441325629540554,29.396366472827086,29.405534744262695
2021-03-19,29.433029565531523,30.001339953133304,28.993045243246037,29.45136260986328
2021-03-22,29.423863755857404,29.653021584163678,28.965549847580334,29.1855411529541
2021-03-23,28.873887010791012,28.970132881226455,27.572270447037805,27.627267837524414
2021-03-24,27.828928045614106,28.479735457900674,27.608936733784752,27.63643455505371
2021-03-25,27.70976322826542,28.378903644356022,27.375193020220117,28.241409301757812
2021-03-26,28.488900890353037,28.910552199800602,28.39723741018309,28.873886108398438
2021-03-29,28.305571995894216,28.768471752371553,27.88392246359342,27.9755859375
2021-03-30,28.058083670399707,28.488899736919848,27.90225628492044,28.415569305419922
2021-03-31,28.305575369121005,28.947218014597457,28.278077547506808,28.55306625366211
2021-04-01,28.571397185851268,29.497194992285365,28.305573274349456,29.43303108215332
2021-04-05,29.717186362780154,29.799683323242505,29.290954398172047,29.735519409179688
2021-04-06,29.95550957622067,30.587983880900726,29.6530195848493,29.97384262084961
2021-04-07,30.028843311226737,30.258001162644337,29.469701090971704,29.54302978515625
2021-04-08,29.92801336009806,30.07467422831174,29.39636552740416,29.570524215698242
2021-04-09,29.579694850448647,29.882181385516464,29.336788095872816,29.68968963623047
2021-04-12,29.68052650482375,29.96468000855333,29.49719952058672,29.873018264770508
2021-04-13,29.946342795889,30.15717107127855,29.222204980361973,29.460529327392578
2021-04-14,29.33220430858262,30.056343941651853,29.33220430858262,29.6988582611084
2021-04-15,30.019678090666723,30.59715684674598,30.019678090666723,30.514659881591797
2021-04-16,30.578825744947075,30.679655763958962,30.25800263930276,30.523826599121094
2021-04-19,30.633816154966194,30.872142249447666,30.285498780986952,30.652149200439453
2021-04-20,30.422992736923167,30.65215057057581,29.726354461154394,30.019676208496094
2021-04-21,29.79052376103442,30.853816161561397,29.609029017591418,30.716320037841797
2021-04-22,30.725481431455655,30.807978387881768,30.23049969289898,30.257997512817383
2021-04-23,30.248830332468383,31.165461554664397,30.202999470692706,31.00963592529297
2021-04-26,30.982141267306584,31.357960009283598,30.89047952406199,31.174633026123047
2021-04-27,31.165464401245117,31.37628918200597,31.119633535283356,31.165464401245117
2021-04-28,31.394622227724863,31.408371137846295,30.821727661525504,31.165464401245117
2021-04-29,31.165460317867147,31.78876980395813,31.00046642468598,31.651273727416992
2021-04-30,31.76127915366976,31.85294089426533,31.027971242220165,31.522953033447266
2021-05-03,31.73377433832996,32.16459216434659,31.486283469980254,31.935434341430664
2021-05-04,31.852935745576513,33.0445556640625,31.761274019797092,33.0445556640625
2021-05-05,33.0995562694625,34.172013194790594,32.80623453791955,33.906192779541016
2021-05-06,33.75036634932841,34.06660528703087,33.17288761424992,33.9520263671875
2021-05-07,33.67703706531446,34.62575036502891,33.67703706531446,34.62116622924805
2021-05-10,34.57486808948547,35.26932847944658,34.50079061909635,34.66746139526367
2021-05-11,34.2600479322301,34.547092848662736,33.408178165591444,34.11189651489258
2021-05-12,34.02855918504958,34.40819739113187,33.185947384612874,33.630401611328125
2021-05-13,33.66744265475863,35.03784416413387,33.593365179123424,34.787837982177734
2021-05-14,35.19525391852868,35.47304092324338,34.66746426110432,35.31562805175781
2021-05-17,34.9730256623065,35.176735173668376,34.20448780195626,34.66746139526367
2021-05-18,34.76931395883601,34.98228137446543,34.20448564545851,34.25078582763672
2021-05-19,33.65817753350009,34.20448649400068,33.0646464833675,34.195228576660156
2021-05-20,34.27856495176498,34.454493643981515,33.973000687579855,34.213748931884766
2021-05-21,34.52857143659637,34.935986927111934,34.357269935477674,34.66746139526367
2021-05-24,34.82487588248483,34.945250011392915,34.44523765950553,34.69524383544922
2021-05-25,35.01932395303825,35.42673946260851,34.63042781193141,34.69524383544922
2021-05-26,34.491530870265834,34.99154317222243,34.35263738676411,34.8526496887207
2021-05-27,34.99154742347757,35.64896912321462,34.92673139855749,35.38044357299805
2021-05-28,35.51007459875194,35.87119698287442,35.185994483497794,35.658226013183594
2021-06-01,35.97304583277839,36.32490674337585,35.764709134200274,36.204532623291016
2021-06-02,36.630470504803554,36.75084109104543,35.79711665739334,36.12119674682617
2021-06-03,35.80637617170588,36.4823207293129,35.77859888628934,36.2971305847168
2021-06-04,36.232314902858086,36.47305962053921,35.88045397805497,36.45454025268555
2021-06-07,36.88047479993606,37.39900291689034,36.58416847740919,37.047142028808594
2021-06-08,36.79714586691907,37.02863268317943,36.09805469279439,36.64899444580078
2021-06-09,36.463804273659946,36.52862029961361,35.79249038741343,35.83415985107422
2021-06-10,36.28786851777822,36.60732142346971,35.88971094993924,35.9915657043457
2021-06-11,36.14897819146611,36.4452810018709,36.0054539789017,36.27861022949219
2021-06-14,36.04712568369691,36.167499811737734,35.45452002597028,35.658226013183594
2021-06-15,35.61193148130766,35.861937670353136,35.380444661696124,35.621192932128906
2021-06-16,35.47304092324338,35.565634236675955,34.843396501718104,35.31562805175781
2021-06-17,35.23229182927063,35.39896261530139,33.611884156800286,34.11189651489258
2021-06-18,34.02855927518282,34.69524238312569,33.79707247739246,34.29708480834961
2021-06-21,34.510053483567276,35.28784929349392,34.41745664178533,35.21377182006836
2021-06-22,35.185994018323115,35.50081621135433,34.82487517118312,35.42673873901367
2021-06-23,35.59804218057599,36.09342382411758,35.34340527081739,35.76008224487305
2021-06-24,36.01008126171833,36.29712612720179,35.80637177445859,36.139713287353516
2021-06-25,36.389722048489084,36.77862168567164,36.13045797850608,36.33416748046875
2021-06-28,36.204535016189396,36.37120579895105,35.41748128931028,35.658226013183594
2021-06-29,35.99156956888035,36.09342433422329,35.510076562300966,35.69526672363281
2021-06-30,35.52859323758845,36.083238240889884,35.477665858778714,35.936012268066406
2021-07-01,35.973049645577575,36.14898188562749,35.44525998984479,36.0563850402832
2021-07-02,36.223051280012,36.5008347167378,36.06564196101032,36.33416748046875
2021-07-06,36.39898048971054,36.45453505313948,35.15821127815321,35.68600082397461
2021-07-07,35.185993788059626,35.750822148231805,34.68598144965722,35.63970947265625
2021-07-08,34.778576862083675,35.41747913568144,34.111893771576014,35.24155044555664
2021-07-09,35.91749513147862,36.60269412714576,35.87119847483221,36.57491683959961
2021-07-12,36.7230645057859,38.05642715481091,36.51009708121852,37.83420181274414
2021-07-13,38.08420598067345,38.08420598067345,37.1906668698508,37.35270690917969
2021-07-14,37.49160089103487,37.73234559094052,36.743433320262746,36.9915885925293
2021-07-15,36.76010463272141,37.149000762174225,36.5749144858451,36.824920654296875
2021-07-16,37.000847733748394,37.1101095270865,36.48231958381033,36.50083541870117
2021-07-19,35.62118678622165,36.15823427831237,35.35266127407232,36.019344329833984
2021-07-20,35.40821780030254,36.880473794921095,35.056356921809204,36.58416748046875
2021-07-21,36.769364416150076,37.72309248467978,36.741587128982175,37.602718353271484
2021-07-22,37.59345045174692,37.59345045174692,36.72306145849562,36.81565475463867
2021-07-23,37.28788890112231,37.38974364388911,36.44527720942566,37.01936340332031
2021-07-26,36.94529617873654,37.574940582636025,36.94529617873654,37.51938247680664
2021-07-27,37.31567358353344,37.31567358353344,36.24157491151232,36.56565856933594
2021-07-28,36.769365047066046,36.89899709901849,35.66748907326178,36.64899444580078
2021-07-29,37.18603816875549,39.17682599514956,36.62120983046656,38.94533920288086
2021-07-30,38.98237143092169,39.556461175136505,38.37124648724774,38.74162673950195
2021-08-02,38.963854440402535,39.36200843127343,38.30642933556082,38.352725982666016
2021-08-03,38.28791736597223,38.61200102272412,37.63049566635068,38.41755294799805
2021-08-04,38.30643180731217,38.88052157152501,37.917535707885406,38.17679977416992
2021-08-05,38.38976962193556,38.96385942251072,38.38976962193556,38.8897819519043
2021-08-06,39.338296752346736,39.90361272512164,39.01125769446393,39.23551559448242
2021-08-09,39.18878711090903,39.6372992828206,38.89912500489038,39.33829116821289
2021-08-10,39.27288069550248,40.16056253483518,39.27288069550248,39.78680419921875
2021-08-11,40.113846377677184,40.39416604279063,39.74943045658391,40.328758239746094
2021-08-12,40.553020455302025,40.59973981041672,40.06713132030091,40.291385650634766
2021-08-13,40.23532049755719,40.338101644461666,39.898935465628334,40.020408630371094
2021-08-16,39.80549551755812,40.39416935772626,39.385017767610535,40.36613845825195
2021-08-17,40.132539848296304,40.207290104925384,39.497146626886426,39.740089416503906
2021-08-18,39.53451783206404,39.97368399197091,39.06264420680776,39.10469055175781
2021-08-19,38.31045037342889,39.17009779281974,38.31045037342889,38.89912414550781
2021-08-20,38.91781877129215,39.75877787177577,38.747754897655696,39.740089416503906
2021-08-23,40.13253146009868,40.333427856708404,39.84286581061607,40.04843521118164
2021-08-24,40.132538877102036,40.459577925299484,39.8895925289054,40.319419860839844
2021-08-25,40.524979203314665,41.113652959648704,40.46797995997047,40.749237060546875
2021-08-26,40.79595881842941,40.92584053637702,40.02040762710932,40.07646942138672
2021-08-27,40.29138123644326,41.22578249420048,40.27269278355316,41.094966888427734
2021-08-30,41.244475232194496,41.244475232194496,40.51564331604824,40.56236267089844
2021-08-31,40.59973651695693,40.9080870872671,40.291382382188736,40.51564025878906
2021-09-01,40.571702599352975,40.79596047896442,39.90827853404198,40.730552673339844
2021-09-02,40.814651464439436,41.001532448298505,40.41285859670284,40.56236267089844
2021-09-03,40.440886194745325,40.68383252326317,40.32408603492736,40.52498245239258
2021-09-07,40.459576338903766,40.5436726000655,39.89893697413097,39.90827941894531
2021-09-08,39.581242874459186,39.74943540736718,39.146746091856585,39.48780059814453
2021-09-09,39.44107793424394,39.67467825875066,38.819700215586145,39.45976638793945
2021-09-10,39.86155846986791,40.001720087678,39.39435782977829,39.50648498535156
2021-09-13,39.964342070339946,40.56235830272173,39.79614955942533,40.33810043334961
2021-09-14,40.655798908787254,40.93612214976177,39.328950776528984,39.45976638793945
2021-09-15,39.487797863727934,40.0484407894178,39.18878972914325,39.92696762084961
2021-09-16,39.97368562544118,40.26335130550162,39.375669376439745,39.50648498535156
2021-09-17,39.6746791239992,40.58104954347849,39.6746791239992,40.16056823730469
2021-09-20,38.99256471609732,39.375669095660655,37.43211630026505,38.011444091796875
2021-09-21,38.41323565834189,38.63748996049717,37.889969679216456,38.0861930847168
2021-09-22,37.93669115528899,38.94584626493719,37.92734871069953,38.71224594116211
2021-09-23,38.95518879163625,39.78680894017318,38.95518879163625,39.20747756958008
2021-09-24,39.07666321382969,39.29624809600962,38.73093572085396,39.132728576660156
2021-09-27,39.16075552362325,39.90827579696316,39.13272462726607,39.637298583984375
2021-09-28,39.534519355824294,39.68402341772764,38.64683742882283,39.011253356933594
2021-09-29,39.16076074026254,39.300922369635124,38.63282525661463,39.04863357543945
2021-09-30,39.41304455927136,39.46910991683482,38.618804931640625,38.618804931640625
2021-10-01,38.60946379689976,39.45976888942965,38.51602508695691,39.04863357543945
2021-10-04,38.74027989667537,39.15141878021872,38.17964050115414,38.768314361572266
2021-10-05,38.927157521981975,39.992374420166016,38.637491839448856,39.992374420166016
2021-10-06,39.347641132247624,40.68383533817289,39.10469478692035,40.59973907470703
2021-10-07,41.16037717899672,43.23474923721679,41.14262261300938,42.44050598144531
2021-10-08,42.42181848076254,42.543288077726125,41.76773688816863,42.12281036376953
2021-10-11,42.33772472013853,42.786236922059885,41.636923736300524,41.70233154296875
2021-10-12,41.60888967366271,41.85183601316182,40.795961522633256,40.91743469238281
2021-10-13,40.93612264315931,41.30988102820007,40.39416817283175,40.945465087890625
2021-10-14,41.5341400566378,42.010683169160565,41.2351319145729,41.88921356201172
2021-10-15,41.86118189936273,42.40313642090786,41.82380498798889,41.94527816772461
2021-10-18,41.85183359513599,41.991991646480194,41.40332141481022,41.82379913330078
2021-10-19,41.833147662473,41.833147662473,41.27250472994412,41.664955139160156
2021-10-20,41.552828045267724,42.32837929116148,41.197754543874176,42.160186767578125
2021-10-21,42.13215615091552,42.487229654689436,41.6836439398392,42.403133392333984
2021-10-22,42.45919541380359,42.45919541380359,41.83314822978324,42.13215637207031
2021-10-25,42.225588936247576,42.45918923620029,41.81445369153557,42.03871154785156
2021-10-26,42.27231745966798,42.47788332708504,41.8892130594648,41.90789794921875
2021-10-27,41.7023274213851,41.7023274213851,40.347444940314325,40.44088363647461
2021-10-28,41.137017689745235,41.823799634930715,39.515830902101484,41.80511474609375
2021-10-29,41.5808586202642,43.515069061937815,41.5808586202642,43.44966125488281
2021-11-01,43.21606204384251,44.430783074885895,43.085246426347446,44.384063720703125
2021-11-02,44.46815758928083,44.62700409783959,43.645883455004416,43.78604507446289
2021-11-03,43.41228598962669,44.92601874736374,43.39359753483827,44.598976135253906
2021-11-04,44.430782823224455,44.93536040024023,44.243901843093624,44.39340591430664
2021-11-05,44.77017507243421,45.28824226262939,44.54411265598298,45.024497985839844
2021-11-08,45.21288851726381,45.63676006575267,44.85966282572269,45.542564392089844
2021-11-09,45.15637011413128,45.67443732482244,45.02449976711806,45.617919921875
2021-11-10,45.26940471656586,45.73095092903773,44.94914662103137,45.175209045410156
2021-11-11,45.23172378540039,45.36359412405798,44.732499333854605,45.23172378540039
2021-11-12,45.44837271744614,45.46721185234692,44.73250355720418,44.88321304321289
2021-11-15,44.9774046898659,44.9774046898659,44.60062918188644,44.83611297607422
2021-11-16,44.64772593736613,44.64772593736613,43.52211376115938,43.611595153808594
2021-11-17,43.56450057771059,43.56450057771059,42.4247599114503,42.745018005371094
2021-11-18,43.112372404641064,44.157920999883395,42.88630638680592,43.498565673828125
2021-11-19,43.46088697795028,43.82824110927224,43.07469371256085,43.40437316894531
2021-11-22,43.90359996076597,44.2568256584638,43.347858052660165,43.56450271606445
2021-11-23,43.64927449970855,44.026049992714576,43.413790714879134,43.799983978271484
2021-11-24,43.42320541503641,44.04488241930263,43.33843111476388,43.80939865112305
2021-11-26,42.37766424697457,42.566048403605606,41.68063065056835,42.13275909423828
2021-11-29,42.876888217651306,42.90514512216895,41.963209977475024,42.17043685913086
2021-11-30,41.473404941890394,41.62411442738516,40.02282749145234,40.2488899230957
2021-12-01,41.04953304743449,41.47340096441446,38.99611425875141,39.014949798583984
2021-12-02,39.14682801124909,40.18295528882731,38.685278184533004,39.76850509643555
2021-12-03,39.65546763926044,39.83914470263423,37.83753254615807,38.19546890258789
2021-12-06,38.71353287210121,38.901920619010184,38.08243805213318,38.37443923950195
2021-12-07,39.09031151371748,39.608375164536845,39.00553720044175,39.118568420410156
2021-12-08,39.11856583455699,39.41998479667985,38.986695487777915,39.043212890625
2021-12-09,38.61934533176652,39.193926410394695,38.440378927438815,39.09031295776367
2021-12-10,39.419987576392785,39.69314965295295,39.099729457404464,39.561279296875
2021-12-13,39.46708738854184,39.47650515979051,38.48747389158457,38.591087341308594
2021-12-14,38.449792586272785,39.63663288902921,38.449792586272785,39.30695343017578
2021-12-15,39.29753935327173,39.32579626064172,38.562827422872076,39.12799072265625
2021-12-16,39.65546792548852,39.88530320399006,38.62875847996926,38.94901657104492
2021-12-17,38.55340589934689,38.949016936815745,38.01650315238348,38.73237228393555
2021-12-20,38.054178443668015,38.14365983236343,36.44346673558755,37.197017669677734
2021-12-21,37.611474629647056,38.48747469517045,37.48902204167126,38.46863555908203
2021-12-22,38.42153520299352,38.87366363877479,38.25669727221869,38.506309509277344
2021-12-23,39.02437458733145,39.773211326714446,38.911343372427844,39.62721252441406
2021-12-27,39.674306896840136,40.45611478395467,39.62721085870975,40.446693420410156
2021-12-28,40.27714920043945,40.76695595543872,40.26773142906541,40.27714920043945
2021-12-29,40.23947006805346,40.531467659901786,40.088760590364764,40.13585662841797
2021-12-30,40.352502527121004,40.39018079600885,39.65546892548594,39.66489028930664
2021-12-31,39.56127814737775,40.02282797343744,39.47650383619118,39.5047607421875
2022-01-03,39.749665396932315,40.13585867780394,39.13740609138575,39.54243850708008
2022-01-04,39.928632272188906,40.46553504495596,39.58953502766285,39.90037536621094
2022-01-05,40.19237142655038,40.23947105896081,38.459214187049604,38.51572799682617
2022-01-06,38.67586223874758,39.21276503796399,38.280247569578876,39.12799072265625
2022-01-07,39.37288450125541,40.418432985116304,39.29753156546929,40.361915588378906
2022-01-10,40.09817600632253,40.701013881681554,39.50475590074223,40.5503044128418
2022-01-11,40.29598520963832,41.162567429917395,39.56127693074763,41.07779312133789
2022-01-12,41.285019697617784,41.54876039202018,39.56127663383723,39.617794036865234
2022-01-13,39.36346946742769,40.371339756842325,39.27869516302846,39.59895324707031
2022-01-14,38.99612019873504,39.3163783226295,38.30944932561179,38.685279846191406
2022-01-18,38.261406997057705,38.28966749656442,37.59263386429372,37.743343353271484
2022-01-19,37.771597909780375,37.771597909780375,36.42934104563783,36.48114776611328
2022-01-20,36.697793322925655,37.102825733063085,35.6710838449583,35.78411865234375
2022-01-21,35.209541726881014,35.266055543961116,33.71186448989335,34.022701263427734
2022-01-24,33.09960512140737,34.079218673705775,31.893929114392677,34.022701263427734
2022-01-25,33.27856778919215,34.145146329934484,32.34605048772651,33.75895309448242
2022-01-26,34.474822167565335,34.92695416374071,33.20321125876388,33.75895309448242
2022-01-27,34.22050943238542,34.776247781635945,33.40102317598334,33.70244216918945
2022-01-28,33.664767145843946,34.19224858196425,32.92157885977014,34.182830810546875
2022-01-31,33.86256903945117,34.785665046498224,33.65063147679607,34.757408142089844
2022-02-01,34.95521201791244,35.68520956202982,34.5972756750255,35.57688903808594
2022-02-02,35.74643865628864,36.123210549778925,35.1530185223747,35.89714813232422
2022-02-03,34.73857176282024,36.386958390376336,34.38063537474128,35.275474548339844
2022-02-04,34.060374697369724,34.908117765096364,33.754245056624136,34.5407600402832
2022-02-07,34.003854718780126,34.50308275114896,33.570565447302926,34.06978988647461
2022-02-08,34.30527929653289,34.653797918173126,33.9096682253059,34.22050857543945
2022-02-09,34.43715019262544,35.01643829457412,34.39947192446038,34.5407600402832
2022-02-10,34.01327839542211,34.710308385091935,33.174956697825955,33.344505310058594
2022-02-11,33.20167893009892,33.67299876849747,32.08860977889993,32.3161735534668
2022-02-14,32.25904939459613,32.71608388261915,32.00196681404808,32.28761291503906
2022-02-15,32.792253774759196,33.85390939199287,32.782733812212385,33.62063217163086
2022-02-16,33.23976618176087,34.27285458144384,33.07790140342319,33.92531967163086
2022-02-17,33.49685057564689,33.49685057564689,32.05909288697575,32.0781364440918
2022-02-18,31.944831899095043,32.84938079227623,31.944831899095043,32.4209098815918
2022-02-22,32.11622137526096,32.42091100403257,31.13550185966402,31.6687068939209
2022-02-23,32.00196634296187,32.48280617906726,31.173591572625984,31.2307186126709
2022-02-24,30.011960355988737,31.854383695474755,29.773921333779615,31.697277069091797
2022-02-25,31.95435707053553,33.363547532443164,31.95435707053553,33.08742141723633
2022-02-28,32.2209592808682,32.58277957895384,31.640143537995357,31.963876724243164
2022-03-01,31.74488262895119,31.897227450591906,29.259754774784994,29.478750228881836
2022-03-02,29.973871980345887,31.32593545837846,29.612053480883233,30.964115142822266
2022-03-03,30.716551126544523,31.03552614871695,29.888176419114984,30.173824310302734
2022-03-04,29.58348840573712,29.58348840573712,28.469465746202967,28.81224250793457
2022-03-07,28.536114765594174,28.812240878280743,27.869606652928876,28.564680099487305
2022-03-08,28.764633377957015,29.954828439595627,28.18381942282098,29.116931915283203
2022-03-09,29.840570225556316,30.564207212620715,29.573965882468613,30.383298873901367
2022-03-10,30.421386622512472,31.268804928608446,30.192867571609682,30.783206939697266
2022-03-11,30.983159186486432,31.44019366122894,30.716553018746286,30.830814361572266
2022-03-14,31.40210432029636,32.37330387232864,31.325933729333936,32.2685661315918
2022-03-15,32.201912932460914,32.61134026874564,31.982917506664574,32.4113883972168
2022-03-16,33.163592478077106,33.772971686481135,32.80177221101725,33.54445266723633
2022-03-17,33.09694179652688,34.01101434004139,33.077901872371164,33.79201889038086
2022-03-18,33.80153988970344,33.95388471293293,33.239767673009624,33.93484115600586
2022-03-21,34.0395745390574,34.36330770094009,33.27785052056476,33.59206008911133
2022-03-22,33.99197372743615,34.371882357640494,33.7729782588104,34.172882080078125
2022-03-23,33.61110858103438,33.61110858103438,32.62086539543494,32.66847610473633
2022-03-24,32.95412167255288,33.30641839618825,32.67799554464459,33.09694290161133
2022-03-25,33.01124758783352,33.52541271219448,32.868426363635685,33.315940856933594
2022-03-28,33.17311682714371,33.258811016672496,32.82557827178055,33.230247497558594
2022-03-29,33.80153805879286,34.53469861593051,33.52255704768749,34.353790283203125
2022-03-30,34.011018615663275,34.12527633589613,33.70632894025069,33.953887939453125
2022-03-31,33.8300994271919,34.258570327152206,33.33497790192518,33.34450149536133
2022-04-01,33.96340315158936,34.13479152405686,33.57301933256604,33.92531967163086
2022-04-04,33.991969419506795,34.27761548880951,33.477804315449816,33.830101013183594
2022-04-05,33.65871260424707,34.03005648929469,33.182634611925685,33.35402297973633
2022-04-06,32.96364033359136,33.29689711927879,32.32569754483704,32.54469299316406
2022-04-07,32.468516133070466,32.725598672985804,31.354495425624002,32.2114372253418
2022-04-08,32.14478687715995,32.687519171110175,32.02100920495931,32.32569885253906
2022-04-11,32.37330588619343,32.73512620428681,32.030529125072036,32.1447868347168
2022-04-12,32.04005007703558,32.40186673309975,31.344973017542177,31.5734920501709
2022-04-13,31.48779718916047,32.01148223876953,31.42114656278405,32.01148223876953
2022-04-14,32.01148499288905,32.439955936591645,31.116459624411323,31.1545467376709
2022-04-18,31.011721847812975,31.687751762647974,30.811769951682123,31.4497127532959
2022-04-19,31.44971232532667,32.82081932513621,31.44971232532667,32.77320861816406
2022-04-20,33.182635427188046,33.21120257731624,32.49708557128906,32.49708557128906
2022-04-21,32.935076347169044,33.06837760667434,31.240239821138438,31.364017486572266
2022-04-22,31.28784738816919,31.411628687741267,30.65942456046115,30.697511672973633
2022-04-25,30.468992418856303,31.24976005901454,29.83104781744276,31.2402400970459
2022-04-26,30.716552061048265,30.878420475578007,29.716788951708512,29.72631072998047
2022-04-27,29.812002301891095,30.088128399263145,29.45970561721551,29.631093978881836
2022-04-28,29.840569979074637,30.409958875415985,29.302601316258,30.211910247802734
2022-04-29,30.126216006300453,30.60229401811225,28.907457458362092,29.02171516418457
2022-05-02,29.059802430903208,29.516836888802874,28.693222141933628,29.316884994506836
2022-05-03,29.38353546028551,30.021480068542367,28.831285039413416,29.9167423248291
2022-05-04,26.441373845526854,27.431615189456775,25.232135230684435,27.393529891967773
2022-05-05,26.18429134617493,26.527068104947517,25.322589468079865,25.841514587402344
2022-05-06,25.651084950644872,26.555632124538533,25.31782996401307,26.18429183959961
2022-05-09,25.72725663127909,26.17476931619178,25.53682469688153,25.67012596130371
2022-05-10,26.12716082381351,26.717496519464845,25.451129127846237,26.012901306152344
2022-05-11,25.803427504063162,26.108117128066453,24.994094555246036,25.003616333007812
2022-05-12,24.870315858915145,25.44160801384666,24.527539113081456,25.098833084106445
2022-05-13,25.562730692069255,26.616166591926,25.562730692069255,26.48086166381836
2022-05-16,26.355223993789057,26.867443880489763,25.717363945295343,26.76113510131836
2022-05-17,27.254026537464537,27.698594867827957,27.031740528916554,27.553627014160156
2022-05-18,27.427987768590633,27.630944245172522,26.248913517924866,26.374553680419922
2022-05-19,25.86233203263052,26.422875772446965,25.78501571828916,25.98797035217285
2022-05-20,26.374554651232707,26.654825608851507,25.649713488725833,26.25857925415039
2022-05-23,26.751470893399663,27.031741845020893,26.26824346206908,26.509857177734375
2022-05-24,26.10394559977546,26.166765680879422,25.137490754215612,25.76568603515625
2022-05-25,25.630381963253534,26.244080987841233,25.417760725633894,25.95897674560547
2022-05-26,26.142604156792462,27.012415036466198,26.016965831598714,26.625831604003906
2022-05-27,26.87710933989517,27.505304634883334,26.87710933989517,27.495641708374023
2022-05-31,27.427986993829986,27.43765176323863,26.828786037424305,27.16704559326172
2022-06-01,27.08972926018584,27.254026653271815,26.18126121351244,26.403545379638672
2022-06-02,26.567843222916515,27.244362345526202,26.282738972535245,27.225032806396484
2022-06-03,26.915767515988094,26.93026374863187,26.50019164211428,26.538848876953125
2022-06-06,26.8674439370123,27.7082604627227,26.62583022591195,27.215368270874023
2022-06-07,26.819121010580915,27.292683646861093,26.75146946873607,27.254026412963867
2022-06-08,26.857781993282565,27.060736633215814,26.190927610107156,26.490528106689453
2022-06-09,26.335892641319422,26.335892641319422,25.514405713192183,25.611051559448242
2022-06-10,25.011849118240328,25.011849118240328,24.354661410410664,24.37398910522461
2022-06-13,23.736131395137047,23.852106792103992,23.136930400345953,23.291563034057617
2022-06-14,23.42686603008804,23.73613129622258,23.13693030392851,23.52351188659668
2022-06-15,23.803782041661275,24.171035915361042,23.455859550652317,23.784454345703125
2022-06-16,23.088605132464753,23.199747215909998,22.084458998990808,22.431415557861328
2022-06-17,22.653703654525778,23.175588348480634,22.479741475418674,22.731019973754883
2022-06-21,23.31089172206673,23.455859580451836,22.77064344781562,22.94363784790039
2022-06-22,22.58605052839854,23.24323827427018,22.479739905619954,23.098270416259766
2022-06-23,23.136929873465878,23.480020906490275,22.904980928180382,23.465524673461914
2022-06-24,23.813447176429236,24.91520697105429,23.649149776384835,24.760574340820312
2022-06-27,25.002186921505285,25.050508924998404,24.364325046525206,24.499629974365234
2022-06-28,24.789567302804553,24.86688361946827,23.95841735951121,23.977745056152344
2022-06-29,23.262568173780057,23.460691346247618,22.673030119593793,22.779340744018555
2022-06-30,22.286448115129947,22.895315697185325,21.919196086667174,22.72135353088379
2022-07-01,22.499068896676725,22.87598568699261,22.170474110064724,22.74068260192871
2022-07-05,22.267120362116895,22.875986099243168,22.025506652510764,22.875986099243164
2022-07-06,22.798669422900318,22.904980043311543,22.373428784621698,22.431415557861328
2022-07-07,22.56672055951053,23.156256749979082,22.537726251113863,23.040283203125
2022-07-08,22.99196146172655,23.223910401449814,22.673029595819962,22.95330238342285
2022-07-11,22.73101821168622,22.73584967479069,22.286448028056316,22.344436645507812
2022-07-12,22.276783634685486,22.769675831149158,22.23812639909797,22.557056427001953
2022-07-13,22.218796950272374,22.39759058274759,21.803221066654558,22.32510757446289
2022-07-14,21.832214222507666,22.296112087139093,21.4746251330837,22.218795776367188
2022-07-15,22.60537744109736,23.0306180741116,22.189801577397787,22.750347137451172
2022-07-18,22.750347989244453,23.069278015104594,22.1318156335109,22.33477210998535
2022-07-19,22.76001013398452,23.23357461504077,22.508733504488827,23.204580307006836
2022-07-20,23.194916358279475,23.726465787476847,23.088605735093466,23.62982177734375
2022-07-21,23.504180772326375,23.943917638789323,23.39787015295085,23.890762329101562
2022-07-22,24.01640372922517,24.316004220799737,23.798951016241066,23.84244155883789
2022-07-25,23.87143536996131,23.99707368852547,23.62015688946667,23.9390869140625
2022-07-26,23.678143661374502,23.755459975105563,23.083774153935796,23.175586700439453
2022-07-27,23.504181324310455,23.91975719886572,23.175586532493096,23.794118881225586
2022-07-28,24.354662585818105,24.924871086088928,23.204580815719936,24.480300903320312
2022-07-29,24.364326320725265,25.34527926456046,24.21935845929814,24.905542373657227
2022-08-01,24.741244895009874,25.71736452916696,24.546987260826526,25.66904067993164
2022-08-02,25.30178886270173,25.654544670039915,25.03118083472873,25.127826690673828
2022-08-03,25.340444308896625,25.340444308896625,24.697752822492152,24.741243362426758
2022-08-04,24.760574320420464,24.760574320420464,24.016403635928572,24.074390411376953
2022-08-05,23.927117533846467,24.398393901009793,23.927117533846467,24.12348175048828
2022-08-08,24.36893784456883,25.026761793634723,24.36893784456883,24.987489700317383
2022-08-09,24.997306661985064,25.056217611797727,24.41803063698028,24.643850326538086
2022-08-10,25.282036582652143,25.44894719033825,25.188763723795635,25.331127166748047
2022-08-11,25.71404039902957,25.930041587116595,25.31149162373493,25.498037338256836
2022-08-12,25.9693167199237,26.342410038434302,25.704223063971384,26.254045486450195
2022-08-15,26.038044001402202,26.38659202333563,25.88095188242697,26.28350067138672
2022-08-16,26.155862154290734,26.45041128188362,25.905497174888268,26.28350067138672
2022-08-17,25.87113304367731,26.14604331185138,25.831859078117727,26.06749725341797
2022-08-18,26.038043258295797,26.038043258295797,25.656112750625844,25.920223236083984
2022-08-19,25.72385933025823,25.74840462230618,24.93839687592361,25.331127166748047
2022-08-22,24.859850980392014,24.93839703907075,24.378756136899035,24.634031295776367
2022-08-23,24.62421186801748,24.840213052999097,24.403300501169415,24.476938247680664
2022-08-24,24.467120584885443,24.594757227448543,24.192208444314325,24.45730209350586
2022-08-25,24.614393343286828,25.095488167827774,24.614393343286828,24.791122436523438
2022-08-26,24.80094267769188,24.928579324766577,23.87802505493164,23.87802505493164
2022-08-29,23.642385918532437,23.80929652578558,23.446019837286716,23.475475311279297
2022-08-30,23.62274861148383,23.62274861148383,23.06310772210995,23.25947380065918
2022-08-31,23.436202606472392,23.519656971576207,22.81961522487452,22.974742889404297
2022-09-01,22.739105445822258,22.768560919983475,22.046917720862496,22.532922744750977
2022-09-02,22.896197562643923,23.2300187790614,22.50346727058976,22.532922744750977
2022-09-06,22.503466694953662,22.9354709415055,21.992916392000193,22.83728790283203
2022-09-07,22.82746993645745,23.465656893477174,22.650740837319674,23.406747817993164
2022-09-08,23.102382788944055,24.030208715343413,22.87656122603439,24.015480041503906
2022-09-09,24.31002796583827,24.712576740654168,24.202026435580347,24.69293975830078
2022-09-12,24.938395985168935,25.331126261965753,24.72730311026208,24.85984992980957
2022-09-13,24.16275401678211,24.21184459931597,22.955105835980937,23.04347038269043
2022-09-14,23.17111007834856,23.28892823152831,22.58692200382255,23.239837646484375
2022-09-15,23.27910847963819,23.897660304743358,23.269291861309505,23.42638397216797
2022-09-16,23.151472055687663,23.17110903789779,22.6507402454436,22.906015396118164
2022-09-19,22.866743130102495,23.936932434798116,22.866743130102495,23.67184066772461
2022-09-20,23.3478385758857,23.3478385758857,22.38073871955339,22.739105224609375
2022-09-21,22.93547079578818,23.16129047242245,22.375829913396426,22.415102005004883
2022-09-22,22.474012582959936,22.528013351135847,22.012554707732196,22.02237319946289
2022-09-23,21.61000431551767,21.757277935238566,20.981635872609477,21.43327522277832
2022-09-26,21.227093571721376,21.590368393353316,21.119092038037724,21.207456588745117
2022-09-27,21.551095793142384,21.77200529202867,20.618359723254212,20.883453369140625
2022-09-28,20.96199977338016,21.546185967705636,20.88345371470879,21.344911575317383
2022-09-29,20.92272495888068,21.413638273832174,20.809815121164117,21.119091033935547
2022-09-30,20.90309044313424,20.912907061748648,19.89671662075591,19.940898895263672
2022-10-03,20.20599249380765,20.795088861601794,19.88198977242373,20.56926918029785
2022-10-04,21.020909232040353,21.6787331876504,21.020909232040353,21.492185592651367
2022-10-05,20.804908329953225,21.383203073621978,20.56435996409453,21.217275619506836
2022-10-06,20.96200053116351,21.17800173214686,20.480905670323892,20.588905334472656
2022-10-07,20.28453826904297,20.421993399630594,19.86726269536727,20.28453826904297
2022-10-10,20.45144956667734,20.569269591666764,19.99981019503703,20.156902313232422
2022-10-11,19.85253428273967,19.91635353964355,19.29289338922217,19.44998550415039
2022-10-12,19.322349782644633,19.724898580392576,18.8412549236943,19.607078552246094
2022-10-13,19.155437739183274,21.040544940065335,18.743070480468894,20.873634338378906
2022-10-14,21.168182918648498,21.344912022533332,20.269812470814987,20.37290382385254
2022-10-17,20.96199888472382,21.276183106089885,20.804906774040788,20.873634338378906
2022-10-18,21.452913782519023,21.57073193788626,20.741089050051112,20.971818923950195
2022-10-19,20.63799631379906,20.981636010530494,20.205992070117098,20.421993255615234
2022-10-20,20.35326561670639,20.79508834985051,20.00962592122604,20.24526596069336
2022-10-21,20.313993914414805,21.089635994177904,20.215810874870108,20.952180862426758
2022-10-24,21.138729047037906,21.575641619025813,20.903090869090015,21.452913284301758
2022-10-25,21.3547302203396,22.0321911516817,21.148547517101353,22.012554168701172
2022-10-26,22.032190071212778,22.336555801741664,21.92418854280208,21.992916107177734
2022-10-27,23.092563992636624,23.092563992636624,22.16080918371481,22.18928337097168
2022-10-28,22.218736106336127,22.5329222051412,21.973279445594656,22.523103713989258
2022-10-31,22.523104149922645,23.023835972249163,22.17455426168246,22.35619354248047
2022-11-01,22.76856142975118,22.83728899831369,22.336557162476534,22.542739868164062
2022-11-02,22.43473938949413,22.88637875086232,21.963463045626696,22.002735137939453
2022-11-03,21.560913035777467,21.560913035777467,21.030727601344566,21.06999969482422
2022-11-04,21.479999542236328,21.895000457763672,21.399999618530273,21.719999313354492
2022-11-07,22.0,22.1299991607666,21.479999542236328,21.940000534057617
2022-11-08,22.06999969482422,23.329999923706055,21.8799991607666,23.209999084472656
2022-11-09,22.979999542236328,23.149999618530273,22.65999984741211,22.799999237060547
2022-11-10,24.010000228881836,25.65999984741211,23.84000015258789,25.290000915527344
2022-11-11,25.510000228881836,27.309999465942383,25.3799991607666,27.020000457763672
2022-11-14,26.729999542236328,26.84000015258789,26.079999923706055,26.110000610351562
2022-11-15,26.6299991607666,26.829999923706055,25.729999542236328,25.790000915527344
2022-11-16,25.600000381469727,25.700000762939453,25.1200008392334,25.34000015258789
2022-11-17,24.950000762939453,25.020000457763672,24.280000686645508,25.010000228881836
2022-11-18,25.579999923706055,25.59000015258789,24.40999984741211,24.420000076293945
2022-11-21,24.18000030517578,24.459999084472656,24.059999465942383,24.3700008392334
2022-11-22,24.469999313354492,24.969999313354492,24.329999923706055,24.940000534057617
2022-11-23,24.75,25.059999465942383,24.6200008392334,25.020000457763672
2022-11-25,25.010000228881836,25.315000534057617,24.889999389648438,25.309999465942383
2022-11-28,25.0,25.270000457763672,24.309999465942383,24.440000534057617
2022-11-29,24.540000915527344,25.049999237060547,24.479999542236328,24.780000686645508
2022-11-30,24.829999923706055,25.309999465942383,24.110000610351562,25.290000915527344
