Date,Open,High,Low,Close
2002-10-22,5.013729095458984,5.017071658026058,5.013729095458984,5.013729095458984
2002-10-23,5.017071658026058,5.017071658026058,5.013729095458984,5.013729095458984
2002-10-24,5.013729095458984,5.017071658026058,5.013729095458984,5.013729095458984
2002-10-25,5.013729095458984,5.013729095458984,5.013729095458984,5.013729095458984
2002-10-28,5.013729095458984,5.017071658026058,4.997016601387926,5.013729095458984
2002-10-29,5.013729095458984,5.017071658026058,5.013729095458984,5.013729095458984
2002-10-30,5.013729095458984,5.020414220593133,5.013729095458984,5.013729095458984
2002-10-31,5.013729095458984,5.017071658026058,5.013729095458984,5.013729095458984
2002-11-01,5.017072173838884,5.023756980895996,5.013729610928156,5.023756980895996
2002-11-04,5.023756464395896,5.023756464395896,5.013729095458984,5.013729095458984
2002-11-05,4.997016601387926,5.013729095458984,4.980304107316867,5.013729095458984
2002-11-06,4.980304718017578,5.0137297102583736,4.980304718017578,4.980304718017578
2002-11-07,4.96359254066153,4.980304718017578,4.96359254066153,4.980304718017578
2002-11-08,4.980302023779379,4.980302023779379,4.933507442474365,4.933507442474365
2002-11-11,4.980304718017578,4.980304718017578,4.946880044541132,4.980304718017578
2002-11-12,4.946881294250488,5.013730976855678,4.946881294250488,4.946881294250488
2002-11-13,4.946881294250488,4.980305976170868,4.946881294250488,4.946881294250488
2002-11-14,5.002612398241811,5.002612398241811,4.95225065524835,4.969038009643555
2002-11-15,4.95225065524835,4.969038009643555,4.95225065524835,4.969038009643555
2002-11-18,4.952250127883498,4.952250127883498,4.918675422668457,4.918675422668457
2002-11-19,4.905248000099712,4.905248000099712,4.841456413269043,4.841456413269043
2002-11-20,4.841454081488813,4.841454081488813,4.784377274354824,4.801164627075195
2002-11-21,4.784380891950874,4.784380891950874,4.700444385074542,4.717231750488281
2002-11-22,4.700438607865988,4.700438607865988,4.616502204154095,4.666863918304443
2002-11-25,4.61650624933822,4.61650624933822,4.482208013798008,4.505710124969482
2002-11-26,4.515779758593476,4.5997161865234375,4.498992408969072,4.5997161865234375
2002-11-27,4.549356460571289,4.566143817585866,4.488922103395694,4.549356460571289
2002-11-29,4.532568924898183,4.562786102294922,4.52921138958917,4.562786102294922
2002-12-02,4.562790909181651,4.566148448027821,4.519143864759018,4.532573699951172
2002-12-03,4.515782412586936,4.532569772077525,4.498995053096347,4.505710124969482
2002-12-04,4.53928599133661,4.53928599133661,4.472136536401024,4.492281436920166
2002-12-05,4.512422224630183,4.5997161865234375,4.512422224630183,4.5997161865234375
2002-12-06,4.599719230371003,4.599719230371003,4.532570107629757,4.586289405822754
2002-12-09,4.566142807587083,4.566142807587083,4.509065998477834,4.559427738189697
2002-12-10,4.566144491058703,4.566144491058703,4.498995053096347,4.505710124969482
2002-12-11,4.502351760864258,4.539284008988636,4.502351760864258,4.502351760864258
2002-12-12,4.505707788545702,4.512422536744671,4.462060804580108,4.465418338775635
2002-12-13,4.462063973772634,4.4687790469330855,4.42177449538686,4.448634147644043
2002-12-16,4.448633503775229,4.448633503775229,4.33447983810797,4.3848419189453125
2002-12-17,4.384843464757629,4.398273293676957,4.3311238288879395,4.3311238288879395
2002-12-18,4.33112107057592,4.388197887181291,4.29418914461628,4.341193675994873
2002-12-19,4.347909010543691,4.398271083831787,4.314334615210511,4.398271083831787
2002-12-20,4.368055084157656,4.448634038960601,4.334480359560277,4.421774387359619
2002-12-23,4.4136745752969615,4.501408245517198,4.386679649353027,4.386679649353027
2002-12-24,4.437294030246766,4.504781651325132,4.403550541512409,4.454165935516357
2002-12-26,4.393428686352335,4.454167110822958,4.383305347436472,4.4271721839904785
2002-12-27,4.4474179296752165,4.484535868524762,4.386679191735172,4.423797130584717
2002-12-30,4.4710397342782935,4.606014389987351,4.427172890721609,4.589142799377441
2002-12-31,4.622884332792536,4.622884332792536,4.504781639816765,4.555397033691406
2003-01-02,4.558772214521261,4.589141584467179,4.51827982852833,4.582392692565918
2003-01-03,4.555398974547695,4.589142799377441,4.548650080859761,4.589142799377441
2003-01-06,4.606014034841471,4.612762928009033,4.555398623304508,4.612762928009033
2003-01-07,4.589140844144384,4.606012427566047,4.508155763418203,4.555397033691406
2003-01-08,4.504781140461369,4.575642877113732,4.471037333748895,4.5182785987854
2003-01-09,4.504783832438357,4.514906851779515,4.4541680921225995,4.481163024902344
2003-01-10,4.48790974605554,4.55539704532908,4.440668475661649,4.454165935516357
2003-01-13,4.437293241838137,4.51827830838196,4.427170229196947,4.494657516479492
2003-01-14,4.51153340112396,4.531779766082764,4.457543523640556,4.531779766082764
2003-01-15,4.538525692702824,4.572269507350896,4.481161400884023,4.504782199859619
2003-01-16,4.481161400884023,4.521653785378788,4.433920446542562,4.504782199859619
2003-01-17,4.504782199859619,4.5081563238805336,4.450792032061732,4.504782199859619
2003-01-21,4.518277956527028,4.535149535680235,4.477785587310791,4.477785587310791
2003-01-22,4.501410842990735,4.5317802326531,4.477790349611157,4.514908313751221
2003-01-23,4.489813508545957,4.544071022797826,4.4626847514200225,4.496595859527588
2003-01-24,4.499987422060584,4.510160626007729,4.479640690765971,4.4932050704956055
2003-01-27,4.479640007019043,4.544070720050385,4.479640007019043,4.479640007019043
2003-01-28,4.513549579075519,4.520331603900341,4.449118564538813,4.476247310638428
2003-01-29,4.516939476736089,4.591543674468994,4.4796375395696835,4.591543674468994
2003-01-30,4.611891746520996,4.635629320474205,4.55424307543447,4.611891746520996
2003-01-31,4.628849506378174,4.628849506378174,4.59154753782566,4.628849506378174
2003-02-03,4.628849506378174,4.628849506378174,4.5949387140759885,4.628849506378174
2003-02-04,4.59493451425508,4.625454425811768,4.581370145052116,4.625454425811768
2003-02-05,4.6254561206942855,4.632238146080835,4.581371823781048,4.611891746520996
2003-02-06,4.625454761638522,4.632236785032371,4.56441493409341,4.591543674468994
2003-02-07,4.591543341104321,4.632236448713214,4.561023429547634,4.625454425811768
2003-02-10,4.632237344685388,4.635628518492071,4.567806659359076,4.571197509765625
2003-02-11,4.605108307902,4.6356282234191895,4.574588392384811,4.6356282234191895
2003-02-12,4.6356282234191895,4.6356282234191895,4.561024021421629,4.6356282234191895
2003-02-13,4.652583767973196,4.6864945336810955,4.55085082404927,4.6356282234191895
2003-02-14,4.635630372797309,4.744145390817351,4.635630372797309,4.679714679718018
2003-02-18,4.594937534632431,4.730581315824416,4.594937534632431,4.6966705322265625
2003-02-19,4.679714621989316,4.754318857657913,4.6661502449041405,4.706843376159668
2003-02-20,4.727186188877651,4.778052806854248,4.666146700065753,4.778052806854248
2003-02-21,4.733968860574291,4.761097596006805,4.693275757425519,4.744142055511475
2003-02-24,4.754320757058669,4.795013904571533,4.67632531510872,4.795013904571533
2003-02-25,4.798405847657844,4.798405847657844,4.679717554634071,4.710237503051758
2003-02-26,4.736126086430441,4.736126086430441,4.633907794952393,4.633907794952393
2003-02-27,4.623687209523609,4.770200618207827,4.623687209523609,4.640723705291748
2003-02-28,4.644131930434337,4.73272146489744,4.633910161056037,4.722499370574951
2003-03-03,4.671391068938486,4.719093209830283,4.65776193224715,4.715685844421387
2003-03-04,4.715684014638697,4.732720510128416,4.463544921212046,4.596428871154785
2003-03-05,4.596428871154785,4.596428871154785,4.541912345542982,4.596428871154785
2003-03-06,4.52487743206032,4.582801342010498,4.52487743206032,4.582801342010498
2003-03-07,4.582800039845425,4.647538661956787,4.538505278649269,4.647538661956787
2003-03-10,4.650944654993522,4.667981147766113,4.606650228706485,4.667981147766113
2003-03-11,4.6747968274985165,4.705462455749512,4.657760331254171,4.705462455749512
2003-03-12,4.708871469218642,4.715686200551085,4.6577622840024215,4.688427925109863
2003-03-13,4.70546234157201,4.739535008289794,4.654352854079138,4.702054977416992
2003-03-14,4.708869115345956,4.78723686177315,4.688425581456505,4.7736077308654785
2003-03-17,4.773608440394895,4.889456232801294,4.736128081119789,4.742942810058594
2003-03-18,4.77020240525286,4.8315336830168425,4.736129400951924,4.824718952178955
2003-03-19,4.804270989063395,4.821307150594353,4.736125043163753,4.79745626449585
2003-03-20,4.722499549234077,4.7974599523805805,4.722499549234077,4.770201683044434
2003-03-21,4.794052940396439,4.804275035858154,4.7259072620394615,4.804275035858154
2003-03-24,4.72590715062801,4.800867557525635,4.719092745425073,4.800867557525635
2003-03-25,4.724185527922124,4.792651918607532,4.703645447479751,4.758418560028076
2003-03-26,4.826883316040039,4.8405765886135885,4.754993553410562,4.826883316040039
2003-03-27,4.724184257503441,4.823460578918457,4.724184257503441,4.823460578918457
2003-03-28,4.823459815553595,4.823459815553595,4.758416527332458,4.775533199310303
2003-03-31,4.792653895901613,4.840580552391138,4.734457358190631,4.830310344696045
2003-04-01,4.837153865500244,4.844000339508057,4.761840692573805,4.844000339508057
2003-04-02,4.844000257673097,4.871386806188511,4.7926505608250505,4.8542704582214355
2003-04-03,4.861114185359985,4.861114185359985,4.748144654948545,4.837151050567627
2003-04-04,4.840577265740858,4.844000339508057,4.8097673165221595,4.844000339508057
2003-04-07,4.826883316040039,4.837153188851858,4.79607337113121,4.826883316040039
2003-04-08,4.850847851710025,4.850847851710025,4.775534667733568,4.833731174468994
2003-04-09,4.816612718660425,4.867962731422169,4.816612718660425,4.8611159324646
2003-04-10,4.837153865500244,4.874810288726755,4.823460591011202,4.844000339508057
2003-04-11,4.8748090179946875,4.9638154422085785,4.847422476155541,4.86453914642334
2003-04-14,4.847422476155541,4.909042358530286,4.820035934316395,4.86453914642334
2003-04-15,4.837155007869708,4.9364313529792705,4.837155007869708,4.922738075256348
2003-04-16,4.912465572357178,4.92958191550524,4.871385434676536,4.912465572357178
2003-04-17,4.8816572504416404,4.95012362514819,4.8816572504416404,4.929583549499512
2003-04-21,4.953546967328834,4.953546967328834,4.881657193112854,4.915890216827393
2003-04-22,4.878228554315786,4.94669485469578,4.878228554315786,4.895345211029053
2003-04-23,4.900854548427556,4.9318073664745405,4.873341005271859,4.928368091583252
2003-04-24,4.928364440336652,4.928364440336652,4.887094156178764,4.918046951293945
2003-04-25,4.918049303576522,4.949002113496304,4.887096493656741,4.945562839508057
2003-04-28,4.94900376047027,4.94900376047027,4.887098120029191,4.911172389984131
2003-04-29,4.914612118350537,4.921490669250488,4.873341796912911,4.921490669250488
2003-04-30,4.918051023415411,4.918051023415411,4.85614538192749,4.85614538192749
2003-05-01,4.883658065784466,4.924928376832037,4.856144525086085,4.900854110717773
2003-05-02,4.921490628035282,4.9524431228637695,4.9008553034956,4.9524431228637695
2003-05-05,4.962760949127288,4.976517722824624,4.942125624587607,4.9524431228637695
2003-05-06,4.952441043567848,4.986833127365255,4.928366781701995,4.959319591522217
2003-05-07,4.962758023549598,5.072812148250669,4.9524402033685,5.0040283203125
2003-05-08,4.99027637972778,5.059060274171783,4.973080324119909,5.052181720733643
2003-05-09,5.052176628694361,5.090007978499327,5.004028115105713,5.0556159019470215
2003-05-12,5.124399727064482,5.124399727064482,4.986832076829561,5.0556159019470215
2003-05-13,5.021222588070837,5.072810358830224,5.010904771529321,5.038418292999268
2003-05-14,5.052177902584045,5.052177902584045,4.990272608362694,5.048738956451416
2003-05-15,5.0831278473846915,5.0831278473846915,5.004026555155359,5.038418292999268
2003-05-16,5.007467997407915,5.120961404652516,5.007467997407915,5.072812557220459
2003-05-19,5.120965943165126,5.120965943165126,5.00747243533565,5.052181720733643
2003-05-20,5.062494448452342,5.069372666970514,5.010906333623884,5.0556159019470215
2003-05-21,5.021229267936946,5.069377830569057,5.010911437669365,5.024668216705322
2003-05-22,5.023284172871379,5.075106092519021,5.012919854836997,5.033648490905762
2003-05-23,5.026739431987067,5.06128727118197,5.016375113176171,5.057832717895508
2003-05-27,5.078557356348217,5.095831427080878,5.009461402893066,5.009461402893066
2003-05-28,5.009463136424388,5.057830485318325,4.978369864240828,5.026737213134766
2003-05-29,4.971462122583549,5.08892515932989,4.971462122583549,5.03019380569458
2003-05-30,5.033648558737397,5.092380244183228,5.033648558737397,5.088925361633301
2003-06-02,5.099284045002801,5.130377292633057,5.061281040354556,5.130377292633057
2003-06-03,5.130381280935559,5.144200476239082,5.082013932635429,5.113107204437256
2003-06-04,5.082010865759955,5.113104118797725,5.078555986650112,5.1027398109436035
2003-06-05,5.123471518545996,5.144200476239082,5.102742890328515,5.113107204437256
2003-06-06,5.144200673547796,5.144200673547796,5.075104364904353,5.109652519226074
2003-06-09,5.085470514795305,5.11656379699707,5.064741550168889,5.11656379699707
2003-06-10,5.1338364671232135,5.140746230366725,5.075104797455952,5.082014560699463
2003-06-11,5.099288204719804,5.1372909108932046,5.071649813052674,5.109652519226074
2003-06-12,5.082012934882686,5.1131062005799635,5.068193742292289,5.08546781539917
2003-06-13,5.1096543274571316,5.130383293280962,5.08201592600918,5.088925361633301
2003-06-16,5.133836332543037,5.133836332543037,5.088923861064504,5.126926898956299
2003-06-17,5.126928837917858,5.1752958797439526,5.126928837917858,5.154567241668701
2003-06-18,5.15802013156928,5.164929565099468,5.106197897452516,5.147655487060547
2003-06-19,5.123473955080062,5.168386443544123,5.1027453170048105,5.154567241668701
2003-06-20,5.154564790347822,5.154564790347822,5.099288009133733,5.113107204437256
2003-06-23,5.147655487060547,5.164929565099468,5.0958335824194165,5.147655487060547
2003-06-24,5.101155988728473,5.170559406280518,5.101155988728473,5.170559406280518
2003-06-25,5.170556893256914,5.170556893256914,5.121974690053483,5.1393256187438965
2003-06-26,5.135859841208663,5.1601509639729475,5.121979152351683,5.146270275115967
2003-06-27,5.1219760464488315,5.163618087768555,5.1219760464488315,5.163618087768555
2003-06-30,5.163618610501013,5.184439467797885,5.066453837585305,5.1289167404174805
2003-07-01,5.111565287912756,5.167088340613914,5.101154860318207,5.163618087768555
2003-07-02,5.139325021376605,5.1879072189331055,5.135854769853598,5.1879072189331055
2003-07-03,5.191375145457375,5.201785564422607,5.1705539765856585,5.201785564422607
2003-07-07,5.20179180897211,5.20179180897211,5.101156755656376,5.115037441253662
2003-07-08,5.128915864805459,5.163617728964666,5.104624758458916,5.153207302093506
2003-07-09,5.15320629550794,5.180967649036026,5.135855366817526,5.1393256187438965
2003-07-10,5.135857153337947,5.14973783493042,5.125446724878982,5.14973783493042
2003-07-11,5.12197794952313,5.135858635120415,5.111567187118928,5.115037441253662
2003-07-14,5.118504364901474,5.132385041466939,5.052571233950872,5.076862335205078
2003-07-15,5.083803581204961,5.097684260700629,5.01440018372662,5.066452980041504
2003-07-16,5.0664515943964,5.0664515943964,4.899883155062378,4.9102935791015625
2003-07-17,4.827012493470487,4.858244115736595,4.722907196230666,4.813131809234619
2003-07-18,4.788840784458913,4.840893268585205,4.764549338383904,4.840893268585205
2003-07-21,4.816601444076448,4.840892555632308,4.771489143371582,4.771489143371582
2003-07-22,4.7888392115389715,4.8860039710998535,4.740256666287773,4.8860039710998535
2003-07-23,4.922961739332641,4.922961739332641,4.8567180656571995,4.870664119720459
2003-07-24,4.888092393922107,4.891578654941417,4.83928108215332,4.83928108215332
2003-07-25,4.835797754656032,4.856716997399714,4.793959601668751,4.846257209777832
2003-07-28,4.849748093768311,4.849748093768311,4.7068008615437105,4.786990642547607
2003-07-29,4.786987890569832,4.797447681427002,4.734690266284729,4.797447681427002
2003-07-30,4.72422974673743,4.745148658752441,4.651012889684669,4.745148658752441
2003-07-31,4.745147266395605,4.776525957710861,4.72771495566492,4.748633861541748
2003-08-01,4.786986267194285,4.786986267194285,4.647525761394771,4.671931266784668
2003-08-04,4.6719304922219385,4.79395866394043,4.6719304922219385,4.79395866394043
2003-08-05,4.793956138078551,4.797442731433479,4.731198787689209,4.731198787689209
2003-08-06,4.741662395083347,4.76955449943677,4.713770290729925,4.745148658752441
2003-08-07,4.74514738215566,4.8427700536291205,4.74514738215566,4.8253374099731445
2003-08-08,4.790473557780842,4.881123065948486,4.790473557780842,4.881123065948486
2003-08-11,4.832313169121108,4.870665074689672,4.828826904296875,4.828826904296875
2003-08-12,4.793959185089454,4.828824475799218,4.731201794811902,4.811391830444336
2003-08-13,4.793961975309584,4.793961975309584,4.706799030303955,4.706799030303955
2003-08-14,4.710281723108616,4.710281723108616,4.664956989379595,4.68587589263916
2003-08-15,4.720742225646973,4.720742225646973,4.720742225646973,4.720742225646973
2003-08-18,4.671930452179473,4.724228382110596,4.63706549805874,4.724228382110596
2003-08-19,4.671930452179473,4.724228382110596,4.654498141369114,4.724228382110596
2003-08-20,4.741667747497559,4.807911486988116,4.724235079473574,4.741667747497559
2003-08-21,4.782302116782452,4.782302116782452,4.698217761799204,4.726245880126953
2003-08-22,4.698216814662584,4.712230871001296,4.6561746456464475,4.666685104370117
2003-08-25,4.656175257064754,4.663182453214978,4.614133082527916,4.617636680603027
2003-08-26,4.6106302723096615,4.624644332883307,4.544063568115234,4.544063568115234
2003-08-27,4.5650868931497355,4.6176398985349465,4.554576425721388,4.607129096984863
2003-08-28,4.6176400684823,4.694717277955911,4.568590661808572,4.659682273864746
2003-08-29,4.6912127111621995,4.705226775738717,4.68070191213857,4.694715976715088
2003-09-02,4.659677694883298,4.715733913641122,4.65267050047786,4.673691749572754
2003-09-03,4.645665123465055,4.726245880126953,4.642161525143704,4.726245880126953
2003-09-04,4.729747882419296,4.729747882419296,4.6701880675405985,4.691209316253662
2003-09-05,4.680701719021945,4.729751110076904,4.680701719021945,4.729751110076904
2003-09-08,4.729749478448303,4.736756675091003,4.684203702635329,4.726245880126953
2003-09-09,4.680699160708829,4.701720412277627,4.666685104370117,4.666685104370117
2003-09-10,4.680703209495095,4.726249015523183,4.649171806049572,4.659682273864746
2003-09-11,4.712232441824833,4.712232441824833,4.645665735556292,4.677197456359863
2003-09-12,4.670187476710884,4.743761336716588,4.670187476710884,4.740257740020752
2003-09-15,4.747268773605221,4.747268773605221,4.680701719021945,4.729751110076904
2003-09-16,4.7297531461658675,4.7297531461658675,4.6772004670794045,4.701725006103516
2003-09-17,4.691208331235884,4.729746889309537,4.691208331235884,4.7227396965026855
2003-09-18,4.722745944089387,4.722745944089387,4.687710936072341,4.701725006103516
2003-09-19,4.701723176064174,4.715737240640693,4.68070191213857,4.694715976715088
2003-09-22,4.684205288223127,4.69121248723774,4.5896104403773155,4.628149032592773
2003-09-23,4.623220671179121,4.6725163661966755,4.5985729915700695,4.619699478149414
2003-09-24,4.63026078665472,4.6795564610737586,4.63026078665472,4.665472030639648
2003-09-25,4.668996461437316,4.707728588052723,4.647869633229203,4.679559707641602
2003-09-26,4.658427770721609,4.693639000520531,4.658427770721609,4.672512531280518
2003-09-29,4.672509043212902,4.714762285949702,4.668987855701771,4.700677871704102
2003-09-30,4.700682421735023,4.76758337020874,4.700682421735023,4.76758337020874
2003-10-01,4.771104023688002,4.792230495226547,4.760540787918729,4.78870964050293
2003-10-02,4.788710131594611,4.802794559331097,4.700682374291763,4.742935657501221
2003-10-03,4.725330086572828,4.76758337020874,4.725330086572828,4.76758337020874
2003-10-06,4.7534982156139955,4.788709447827112,4.739413789888589,4.764061450958252
2003-10-07,4.788712514661581,4.8063178062438965,4.753501259898126,4.8063178062438965
2003-10-08,4.80631401981169,4.8203984434614275,4.757018704937182,4.813356399536133
2003-10-09,4.788711750508903,4.82040147177987,4.73237368471757,4.778148174285889
2003-10-10,4.77814952929082,4.799276351928711,4.760544235525274,4.799276351928711
2003-10-13,4.792231630710012,4.79575282206716,4.732372720835664,4.760541915893555
2003-10-14,4.739416504622568,4.778148613603359,4.7288532632276965,4.753500938415527
2003-10-15,4.721810155889583,4.753500211024305,4.707725724251855,4.749979019165039
2003-10-16,4.753500938415527,4.753500938415527,4.718289686033435,4.753500938415527
2003-10-17,4.7534964234037185,4.757017612457275,4.721806393519842,4.757017612457275
2003-10-20,4.732375394025652,4.771107849234605,4.718290956440437,4.735896587371826
2003-10-21,4.73941359960521,4.7570192150049175,4.721807984205502,4.728850364685059
2003-10-22,4.742937260940583,4.778148174285889,4.742937260940583,4.778148174285889
2003-10-23,4.741349215045162,4.7625792859817775,4.730734348297119,4.730734348297119
2003-10-24,4.751959340458665,4.769650653650528,4.720114436809042,4.762574195861816
2003-10-27,4.7661159666238095,4.7661159666238095,4.705964514367709,4.723656177520752
2003-10-28,4.716582300762492,4.748427246688339,4.705967431267415,4.727197170257568
2003-10-29,4.727195946900928,4.766117687377968,4.727195946900928,4.730734348297119
2003-10-30,4.734273974881364,4.748427246688339,4.713043898450594,4.727197170257568
2003-10-31,4.716579914093018,4.727194778216792,4.705965049969242,4.716579914093018
2003-11-03,4.705965042114258,4.727194770326372,4.698888241083256,4.705965042114258
2003-11-04,4.720117777402062,4.727194240199034,4.698887714130329,4.723656177520752
2003-11-05,4.723655987924698,4.741347312927246,4.702425925505088,4.741347312927246
2003-11-06,4.741348724451567,4.741348724451567,4.705965726472373,4.709504127502441
2003-11-07,4.734271040436415,4.734271040436415,4.695349651452047,4.723656177520752
2003-11-10,4.705968174293917,4.741351190677678,4.70242977142334,4.70242977142334
2003-11-11,4.6918117853240595,4.734271579259607,4.688273384802652,4.716579914093018
2003-11-12,4.698890626643619,4.727197170257568,4.677660887653466,4.727197170257568
2003-11-13,4.734272266179955,4.741348730809085,4.695350867118505,4.720118999481201
2003-11-14,4.737809926818523,4.7555012543469,4.705964997362734,4.73427152633667
2003-11-17,4.741348730809085,4.741348730809085,4.705965732782447,4.720118999481201
2003-11-18,4.734268846656158,4.766113758087158,4.709500732183269,4.766113758087158
2003-11-19,4.7484244272878815,4.79442261770905,4.741347626865971,4.783807754516602
2003-11-20,4.773195057019442,4.790886729911583,4.759041786193848,4.759041786193848
2003-11-21,4.762580188260395,4.790886729911583,4.759041786193848,4.759041786193848
2003-11-24,4.762576148853655,4.794421065561938,4.744884490966797,4.744884490966797
2003-11-25,4.74346201240143,4.779019994529143,4.732794651674045,4.764796733856201
2003-11-26,4.739911507441029,4.771913965157787,4.739911507441029,4.750578880310059
2003-11-28,4.761246027955009,4.7754693031311035,4.747022752778914,4.7754693031311035
2003-12-01,4.757686924970933,4.7861334561936175,4.754131023790747,4.771910190582275
2003-12-02,4.768353060614185,4.7719089608780285,4.729239175039856,4.747018337249756
2003-12-03,4.736352878605551,4.7470205844470765,4.718574047088623,4.718574047088623
2003-12-04,4.722129398292275,4.743464469909668,4.722129398292275,4.743464469909668
2003-12-05,4.747023315426828,4.764802157171988,4.732800038564899,4.750578880310059
2003-12-08,4.747018262354256,4.789688047519212,4.747018262354256,4.76835298538208
2003-12-09,4.764794899128254,4.800353206673198,4.764794899128254,4.786129951477051
2003-12-10,4.796802265626644,4.811025535522643,4.782578995730645,4.8039140701293945
2003-12-11,4.786129951477051,4.81102056329302,4.782574052900726,4.786129951477051
2003-12-12,4.7861338929903035,4.811024525304395,4.779022089980888,4.782577991485596
2003-12-15,4.771908533747314,4.793243255202085,4.754129373128816,4.764796733856201
2003-12-16,4.764794899128254,4.814576461869345,4.7505716439321075,4.786129951477051
2003-12-17,4.782579774258295,4.853696135314899,4.782579774258295,4.850140571594238
2003-12-18,4.843025409038216,4.860804571756304,4.796799721614915,4.818134784698486
2003-12-19,4.818137901675769,4.850140347449668,4.800358727455875,4.811026096343994
2003-12-22,4.818134659114409,4.8501370833509645,4.789688135150652,4.821690559387207
2003-12-23,4.813117388350121,4.845276355743408,4.813117388350121,4.845276355743408
2003-12-24,4.84885026340953,4.863143102755828,4.81669128968832,4.82741117477417
2003-12-26,4.823836930558516,4.845276355743408,4.816690341907518,4.845276355743408
2003-12-29,4.827408788022827,4.84884786605835,4.816688908237063,4.84884786605835
2003-12-30,4.830984469802787,4.84885026340953,4.813118335427872,4.82741117477417
2003-12-31,4.823837879745553,4.8452773091490835,4.820264584716936,4.82741117477417
2004-01-02,4.841704353921279,4.863143444061279,4.827411513571881,4.863143444061279
2004-01-05,4.859567994830501,4.859567994830501,4.8381285749285,4.855994701385498
2004-01-06,4.859571685354963,4.884584076929212,4.841705545329808,4.870291233062744
2004-01-07,4.873860578123796,4.877433530617715,4.834555033778667,4.84884786605835
2004-01-08,4.852422007776592,4.898873805999756,4.852422007776592,4.898873805999756
2004-01-09,4.888154381717884,4.938179134253081,4.888154381717884,4.923886299133301
2004-01-12,4.93103419834936,4.98105896418726,4.906021474662251,4.9560465812683105
2004-01-13,4.945327268388992,4.998925331653969,4.945327268388992,4.98463249206543
2004-01-14,4.97391152519497,5.031082867200049,4.970338231127633,5.00249719619751
2004-01-15,5.020362613407416,5.0310821533203125,4.9846303593403904,5.0310821533203125
2004-01-16,5.048949604086629,5.12041379018912,5.034656766866131,5.098974704742432
2004-01-20,5.106123435894681,5.181160952982399,5.0882572954893615,5.141855716705322
2004-01-21,5.148999090746476,5.152572384984164,5.106120582198514,5.145425796508789
2004-01-22,5.133219601811278,5.133219601811278,5.093733078612929,5.100912570953369
2004-01-23,5.108093397595204,5.133221286697481,5.082965850830078,5.082965850830078
2004-01-26,5.079379113142694,5.079379113142694,5.0578413009643555,5.0578413009643555
2004-01-27,5.054247966430906,5.0973239025704915,4.98604448646084,5.086555004119873
2004-01-28,5.057841572620486,5.104507291296431,5.0291242599487305,5.0291242599487305
2004-01-29,5.025530667715081,5.097323894500732,5.011172022357951,5.097323894500732
2004-01-30,5.079374420252334,5.187064408660104,5.029119343375867,5.169116020202637
2004-02-02,5.1439888780196785,5.1439888780196785,4.953736767323775,5.011171340942383
2004-02-03,5.007579468744293,5.0757832527160645,5.007579468744293,5.0757832527160645
2004-02-04,5.0793764494591995,5.122452735900879,5.068607549017366,5.122452735900879
2004-02-05,5.100912565172808,5.133219595994105,5.100912565172808,5.1116814613342285
2004-02-06,5.108093745528871,5.122452735900879,5.104504340273041,5.122452735900879
2004-02-09,5.122452853449305,5.122452853449305,5.097324962058836,5.118863105773926
2004-02-10,5.100914709734214,5.122452853449305,5.097324962058836,5.118863105773926
2004-02-11,5.118862746233054,5.126041898742378,5.09732460403077,5.1152729988098145
2004-02-12,5.115271213297213,5.118860959467433,5.0793744362690845,5.100912570953369
2004-02-13,5.111683610423169,5.122452853449305,5.111683610423169,5.118863105773926
2004-02-17,5.108091597347257,5.122450581680669,5.079374313354492,5.079374313354492
2004-02-18,5.086554996067162,5.122451780628542,5.079375502220042,5.097323894500732
2004-02-19,5.061428051413441,5.122452386989162,5.061428051413441,5.082965850830078
2004-02-20,5.093734155641249,5.111682547950354,5.072196358740011,5.086555004119873
2004-02-23,5.086553922845236,5.133219595994105,5.086553922845236,5.1116814613342285
2004-02-24,5.126042248486621,5.13322174382295,5.104504447151991,5.129631996154785
2004-02-25,5.110158358296185,5.142615311684941,5.106551953713952,5.113764762878418
2004-02-26,5.124584978505403,5.160648345947266,5.110159700313811,5.160648345947266
2004-02-27,5.175069941414353,5.254408743045523,5.167857135488511,5.243589878082275
2004-03-01,5.229163957364716,5.239982820977373,5.2003134251139835,5.236376762390137
2004-03-02,5.229164040392675,5.28686510581031,5.218345176608238,5.2327704429626465
2004-03-03,5.229166507720947,5.243591780881772,5.182284283966855,5.229166507720947
2004-03-04,5.225559318921828,5.229165722652005,5.164251831211171,5.22195291519165
2004-03-05,5.229168412949592,5.286869526616086,5.229168412949592,5.272444248199463
2004-03-08,5.268836799912664,5.301293755908287,5.218348507408984,5.247199058532715
2004-03-09,5.221953699177714,5.261623458314214,5.193103152856064,5.229166507720947
2004-03-10,5.2363793162641805,5.247198185153389,5.2039223656709135,5.229166507720947
2004-03-11,5.211134047926708,5.2471973973773025,5.203921584391943,5.22195291519165
2004-03-12,5.250806502537411,5.294082337787281,5.2435936913662164,5.272444248199463
2004-03-15,5.2868657757564455,5.2976846409118385,5.254408836364746,5.254408836364746
2004-03-16,5.2580168986412685,5.304899121009751,5.250804434236842,5.2796549797058105
2004-03-17,5.276050177811951,5.301294326782227,5.261624900696688,5.301294326782227
2004-03-18,5.279654018429582,5.294079288537632,5.247197074705079,5.265228748321533
2004-03-19,5.247195626002793,5.2616208921281595,5.225557554852006,5.236376762390137
2004-03-22,5.247195731965895,5.268833459628166,5.232770465549221,5.261620998382568
2004-03-23,5.2420594470010355,5.2746638797169005,5.227568626403809,5.227568626403809
2004-03-24,5.231193020521147,5.245683846514725,5.209456954275052,5.238438606262207
2004-03-25,5.220325909340507,5.234816737893256,5.1985898392556855,5.209457874298096
2004-03-26,5.198587799342886,5.263796329498291,5.198587799342886,5.263796329498291
2004-03-29,5.267420507586644,5.271043300628662,5.231193268143585,5.271043300628662
2004-03-30,5.234813690185547,5.267418121819089,5.234813690185547,5.234813690185547
2004-03-31,5.256552225126315,5.274665843990423,5.234815813391677,5.238438606262207
2004-04-01,5.252927301702893,5.252927301702893,5.220322870069351,5.234813690185547
2004-04-02,5.227568536519222,5.227568536519222,5.126132448594343,5.169605255126953
2004-04-05,5.126129703468698,5.126129703468698,5.021071225833629,5.035562038421631
2004-04-06,5.00296189927113,5.03556599408998,4.977602698205143,4.981225490570068
2004-04-07,5.002961640128051,5.028320494392008,4.966734409332275,4.966734409332275
2004-04-08,4.984848750300306,5.0283212262897905,4.970357924970477,5.017453193664551
2004-04-12,5.010205871553705,5.02831948330935,4.937751770019531,4.937751770019531
2004-04-13,4.901523758264237,4.926882948839338,4.850806068090742,4.87616491317749
2004-04-14,4.854430597529533,4.868921421727083,4.774731237187263,4.814580917358398
2004-04-15,4.803708822610766,4.908767295556783,4.800086033253404,4.818199634552002
2004-04-16,4.854429461400605,4.894279477733758,4.839938640594482,4.839938640594482
2004-04-19,4.8363161945092665,4.879788656927635,4.8363161945092665,4.839938640594482
2004-04-20,4.8218226926003105,4.839935949420042,4.796463511173877,4.832690715789795
2004-04-21,4.763859096117195,4.832690715789795,4.734877470619752,4.832690715789795
2004-04-22,4.751142763936935,4.842160823218461,4.751142763936935,4.783909320831299
2004-04-23,4.783908945185717,4.7875494033943,4.667405602353211,4.71473503112793
2004-04-26,4.711092588219453,4.732937065909763,4.663763523101807,4.663763523101807
2004-04-27,4.696532013185213,4.703813625041272,4.623717630656444,4.627358436584473
2004-04-28,4.6200761396686705,4.649202235567757,4.609154070710458,4.612794876098633
2004-04-29,4.612795560078719,4.729298572124751,4.590951071716906,4.627358436584473
2004-04-30,4.627355531296828,4.660122069663877,4.627355531296828,4.6564812660217285
2004-05-03,4.62736197046594,4.656487745720583,4.609158274130131,4.641924858093262
2004-05-04,4.660121786820963,4.660121786820963,4.6164331873852635,4.623714447021484
2004-05-05,4.641924858093262,4.641924858093262,4.620080353048965,4.641924858093262
2004-05-06,4.641920185723758,4.656483058692679,4.620075702667236,4.620075702667236
2004-05-07,4.594593488729957,4.594593488729957,4.481731243037033,4.5873122215271
2004-05-10,4.580025577215493,4.580025577215493,4.441678180233038,4.478085517883301
2004-05-11,4.489010270551185,4.6601243045259695,4.478088201592973,4.612794876098633
2004-05-12,4.554538953800296,4.605508790890304,4.4962875130083,4.529053688049316
2004-05-13,4.514496615817417,4.514496615817417,4.423478536085562,4.452604293823242
2004-05-14,4.459885430543148,4.550903500554232,4.459885430543148,4.510855674743652
2004-05-17,4.510855674743652,4.558185112814183,4.510855674743652,4.510855674743652
2004-05-18,4.547261618645884,4.558184034451815,4.514495065640691,4.5217766761779785
2004-05-19,4.521777745927196,4.547262694424257,4.485370379040209,4.510855674743652
2004-05-20,4.49265092844143,4.554543229183171,4.49265092844143,4.5217766761779785
2004-05-21,4.536340815771914,4.576388643282202,4.529059203202918,4.572748184204102
2004-05-24,4.554541110724885,4.605510971953032,4.550900307149691,4.590948104858398
2004-05-25,4.563868039888148,4.6224260330200195,4.563868039888148,4.6224260330200195
2004-05-26,4.611443180287378,4.651701684355699,4.600463302696356,4.648041725158691
2004-05-27,4.659025202907855,4.659025202907855,4.615106702415308,4.640726089477539
2004-05-28,4.648045066578162,4.662684564857417,4.611446495396609,4.655364990234375
2004-06-01,4.684643986792885,4.684643986792885,4.637065530127013,4.655364990234375
2004-06-02,4.666341677896472,4.688301086425781,4.640722658806411,4.688301086425781
2004-06-03,4.673664685256503,4.6846442222595215,4.640725725214258,4.6846442222595215
2004-06-04,4.648045185436033,4.680984144664952,4.618766188128813,4.673664569854736
2004-06-07,4.673666973386902,4.677326588157454,4.626088491036132,4.633408069610596
2004-06-08,4.629744893603515,4.637064816132639,4.593146328057245,4.62608528137207
2004-06-09,4.626085394240546,4.637064929268997,4.596806401475926,4.629745006561279
2004-06-10,4.648041702490924,4.648041702490924,4.600463280260621,4.615102767944336
2004-06-14,4.607783026790037,4.611442985832713,4.53458559110107,4.53824520111084
2004-06-15,4.556544562190434,4.611442899706524,4.538245116351739,4.5858235359191895
2004-06-16,4.585827471677378,4.615106470534653,4.5602084349355625,4.611446857452393
2004-06-17,4.58582486008639,4.622423762331798,4.5455663468428416,4.607784271240234
2004-06-18,4.604123100958482,4.6151026291328,4.560204639228303,4.5785040855407715
2004-06-21,4.596806049346924,4.60046566138732,4.563867097751666,4.596806049346924
2004-06-22,4.593147036454083,4.626085994849054,4.585827112796014,4.6224260330200195
2004-06-23,4.606239145466825,4.624634387844708,4.565768770155263,4.598880767822266
2004-06-24,4.617274195947143,4.646706990990318,4.59152023713442,4.613595008850098
2004-06-25,4.602560093784126,4.635672092437744,4.598880904852219,4.635672092437744
2004-06-28,4.643028989015953,4.643028989015953,4.609916998423972,4.628312587738037
2004-06-29,4.609916687011719,4.624633087295503,4.598879474515546,4.609916687011719
2004-06-30,4.609916687011719,4.628312275083113,4.595200286727936,4.609916687011719
2004-07-01,4.609915910027798,4.6540651034379685,4.609915910027798,4.617274284362793
2004-07-02,4.6246323363528115,4.705572700203942,4.6246323363528115,4.654065132141113
2004-07-06,4.690855430806182,4.690855430806182,4.620952641512699,4.657743453979492
2004-07-07,4.668782158348454,4.705573333468398,4.657744946159131,4.69085693359375
2004-07-08,4.6945385518940785,4.727650556472563,4.69085936230384,4.723971366882324
2004-07-09,4.7313272043675765,4.775476406406776,4.709252778781311,4.768118381500244
2004-07-12,4.771798165295083,4.775477002774433,4.735006983567886,4.74236536026001
2004-07-13,4.757079831641146,4.757079831641146,4.698214245467484,4.716609477996826
2004-07-14,4.735005150329352,4.753400734070784,4.709251543611292,4.7202887535095215
2004-07-15,4.727647127352725,4.749721547149182,4.709251543611292,4.7202887535095215
2004-07-16,4.7239691794610446,4.768118381500244,4.7239691794610446,4.768118381500244
2004-07-19,4.764437042268128,4.782832622528076,4.746041462008179,4.782832622528076
2004-07-20,4.782831749704572,4.815943717956543,4.782831749704572,4.815943717956543
2004-07-21,4.790192879165257,4.81594649113927,4.771797291669541,4.812267303466797
2004-07-22,4.781203220702931,4.844065161392213,4.770109688125412,4.840367317199707
2004-07-23,4.8218803321418156,4.832973516406115,4.803391456604004,4.803391456604004
2004-07-26,4.799692140906783,4.881042956769265,4.799692140906783,4.8477630615234375
2004-07-27,4.83297356140066,4.83297356140066,4.792298316955566,4.792298316955566
2004-07-28,4.792298280722315,4.8440670617895485,4.759018375225235,4.821880340576172
2004-07-29,4.840369135646786,4.862555503845215,4.799693539539727,4.862555503845215
2004-07-30,4.89583735719332,4.903233051300049,4.825580026409917,4.903233051300049
2004-08-02,4.936509076335681,4.973486459768989,4.888438160491137,4.929113388061523
2004-08-03,4.966094032679753,4.966094032679753,4.910627396075383,4.932814121246338
2004-08-04,4.936514301624282,4.943909645080566,4.921723262065513,4.943909645080566
2004-08-05,4.943908666563735,4.955001855875656,4.906931251308621,4.940210819244385
2004-08-06,4.94760515381163,4.9550004937712595,4.59631786590142,4.932814121246338
2004-08-09,4.954996585845947,4.962392272618752,4.906926032405738,4.954996585845947
2004-08-10,4.973491772635425,4.988282812338245,4.929118653526965,4.951305389404297
2004-08-11,4.947601251718898,4.962392272618752,4.921717053305592,4.954996585845947
2004-08-12,4.936512327973486,4.969791889190674,4.936512327973486,4.969791889190674
2004-08-13,4.9512990951053,4.984578627645655,4.947601251718898,4.954996585845947
2004-08-16,4.9845828870460425,5.036351680755615,4.958698666514284,5.036351680755615
2004-08-17,5.058539439946842,5.062236934601793,4.940210794835192,5.010468482971191
2004-08-18,5.010463742958639,5.014161586761475,4.954997143853492,5.014161586761475
2004-08-19,5.025259519529381,5.058539439946842,5.003072788369033,5.010468482971191
2004-08-20,5.010468482857875,5.04744589792945,4.991979598999023,4.991979598999023
2004-08-23,5.021560259180998,5.032653445316529,4.977187161992842,4.995676040649414
2004-08-24,5.016486167907715,5.016486167907715,4.971895222273815,5.016486167907715
2004-08-25,4.99790431758547,5.072222527579341,4.979324676492707,5.046211242675781
2004-08-26,5.068508494269129,5.090803787166937,5.035065200545127,5.072224140167236
2004-08-27,5.057361121484887,5.1168160701427245,5.042497472914762,5.105668067932129
2004-08-30,5.090801063919966,5.10566470269319,5.02019886834143,5.0573577880859375
2004-08-31,5.027634744845114,5.113101005554199,5.027634744845114,5.113101005554199
2004-09-01,5.072222362277603,5.101949645306351,5.049927077194625,5.068506717681885
2004-09-02,5.053645466457965,5.109384059906006,5.053645466457965,5.109384059906006
2004-09-03,5.072226028146493,5.1056693343187325,5.042498723632819,5.079658031463623
2004-09-07,5.0685103808653516,5.1056693343187325,5.057362375889656,5.079658031463623
2004-09-08,5.0573593682919515,5.0982346534729,5.053643723220493,5.0982346534729
2004-09-09,5.105669324591568,5.105669324591568,5.0536467189804615,5.0833740234375
2004-09-10,5.098236420835734,5.12424771723912,5.075940770791878,5.105668067932129
2004-09-13,5.105668993296987,5.153975948499508,5.105668993296987,5.116816997528076
2004-09-14,5.098236099624494,5.139111042022705,5.090804098619013,5.139111042022705
2004-09-15,5.098236099624494,5.146543043028187,5.079656451488103,5.139111042022705
2004-09-16,5.07222251043233,5.183700002234869,4.997904300689697,4.997904300689697
2004-09-17,5.035066305052329,5.10195255279541,5.035066305052329,5.10195255279541
2004-09-20,5.105669002719757,5.120532654011241,5.075941700136788,5.113101005554199
2004-09-21,5.098236264009779,5.124247559613036,5.075940614651756,5.1205315589904785
2004-09-22,5.11309893604912,5.142826226600095,5.109382936135934,5.131678581237793
2004-09-23,5.115250651708341,5.148854545546918,5.104049472455173,5.107783317565918
2004-09-24,5.1264487557269005,5.1712541580200195,5.111513740322145,5.1712541580200195
2004-09-27,5.152584080688551,5.182454104431077,5.152584080688551,5.1675190925598145
2004-09-28,5.174990993525159,5.193659863881358,5.148854788673933,5.156322479248047
2004-09-29,5.148851393241421,5.178721423681782,5.122715205625818,5.13391637802124
2004-09-30,5.137652121350209,5.171256007045972,5.1339182771442395,5.163788318634033
2004-10-01,5.163786472278215,5.1712541580200195,5.130182598597803,5.1712541580200195
2004-10-04,5.178720262443569,5.178720262443569,5.126447542854763,5.1675190925598145
2004-10-05,5.160055872102767,5.160055872102767,5.07791341379587,5.111516952514648
2004-10-06,5.126450801328151,5.148853511414036,5.118983468685521,5.145119667053223
2004-10-07,5.118984642949319,5.160055872102767,5.111516952514648,5.111516952514648
2004-10-08,5.111513677151544,5.13391637802124,5.111513677151544,5.13391637802124
2004-10-11,5.126448486954889,5.152585029602051,5.115247315008297,5.152585029602051
2004-10-12,5.130183749692818,5.1824564933776855,5.126449905984127,5.1824564933776855
2004-10-13,5.12271641835437,5.1824564933776855,5.12271641835437,5.1824564933776855
2004-10-14,5.1600506555538015,5.189920674937252,5.1488494873046875,5.1488494873046875
2004-10-15,5.171256694629755,5.189925205983854,5.137652804465931,5.160055160522461
2004-10-18,5.1675190925598145,5.1675190925598145,5.141382910804796,5.1675190925598145
2004-10-19,5.156324400598836,5.167525584554708,5.1413893699646,5.1413893699646
2004-10-20,5.141386649168363,5.174990183253158,5.137652804465931,5.160055160522461
2004-10-21,5.151047830470749,5.177309789727975,5.1285379885788265,5.14729642868042
2004-10-22,5.139796891524142,5.147300416493044,5.1135352697085095,5.121038436889648
2004-10-25,5.124789848796768,5.14730006437583,5.109783157673306,5.117286682128906
2004-10-26,5.0985291870983565,5.136045743064763,5.087274256087215,5.1135358810424805
2004-10-27,5.109784134465987,5.117287660355971,5.076018983536675,5.106032371520996
2004-10-28,5.083521885408426,5.121038436889648,5.072266955742835,5.121038436889648
2004-10-29,5.124785287717161,5.139791965484619,5.098523691070964,5.139791965484619
2004-11-01,5.102279842958655,5.16980977216093,5.102279842958655,5.132293224334717
2004-11-02,5.113530563863876,5.177309036254883,5.113530563863876,5.177309036254883
2004-11-03,5.166058570365381,5.1735617371096945,5.12478990101456,5.1510515213012695
2004-11-04,5.177309789727975,5.192316470251752,5.143544669102604,5.14729642868042
2004-11-05,5.121037248138977,5.136043936805503,5.049755566419895,5.053507328033447
2004-11-08,5.046003256989626,5.053506779402113,4.952211373559381,4.955963134765625
2004-11-09,4.970970153808594,5.023493740841075,4.944708539186187,4.970970153808594
2004-11-10,4.982224118572507,5.000982564447621,4.963465672697394,4.9747209548950195
2004-11-11,4.967218392351774,4.985976841848208,4.963466630894954,4.970970153808594
2004-11-12,4.970973190653534,5.0047383488172414,4.970973190653534,4.99723482131958
2004-11-15,4.989730523602736,5.023495674133301,4.989730523602736,5.023495674133301
2004-11-16,4.978473715763775,5.015990257263184,4.978473715763775,5.015990257263184
2004-11-17,5.027245500659809,5.046003951485164,5.008487407622145,5.038500785827637
2004-11-18,5.008487407622145,5.049755713207773,5.008487407622145,5.038500785827637
2004-11-19,5.027243608646892,5.038498889578773,4.982223558282039,5.0309953689575195
2004-11-22,5.12854077136608,5.12854077136608,5.004735500420315,5.053507328033447
2004-11-23,4.991675611512226,5.078389198062078,4.976595034662162,4.999216079711914
2004-11-24,5.029380130239633,5.029380130239633,4.97659790108819,4.980368137359619
2004-11-26,4.9765965877052185,5.00675775081772,4.9765965877052185,4.984137058258057
2004-11-29,4.999218265837294,5.006758377784911,4.935125696309934,4.950206279754639
2004-11-30,4.950206851759326,4.995448607321199,4.9313560303878345,4.976597785949707
2004-12-01,4.961516120433483,5.002987990330513,4.95774588507022,4.991677284240723
2004-12-02,4.961518955776143,4.9879098993016635,4.89365611865379,4.904966831207275
2004-12-03,4.904964642241519,4.976597325364148,4.901194406406255,4.957746505737305
2004-12-06,4.957744472746422,4.976595284643232,4.920043208502134,4.972825050354004
2004-12-07,4.938895313589305,4.99167716926147,4.927584607760048,4.984137058258057
2004-12-08,4.96528435382529,4.995445505471742,4.942663310315806,4.9464335441589355
2004-12-09,4.9351280981486365,4.950208688932795,4.920047507364479,4.9313578605651855
2004-12-10,4.953975792625527,4.969056373869693,4.927584505786173,4.9615159034729
2004-12-13,4.950205557427131,4.976596484717066,4.935124976182966,4.9615159034729
2004-12-14,4.957743886139032,4.96528435382529,4.935123202178838,4.9464335441589355
2004-12-15,4.9879083845323375,4.9879083845323375,4.946436863079558,4.965287685394287
2004-12-16,4.950205788968434,4.969056606292725,4.946435553593688,4.969056606292725
2004-12-17,4.953976597218159,5.002988584109259,4.950206361407425,4.995448112487793
2004-12-20,4.987908134952797,4.991678371136999,4.957746964578216,4.976597785949707
2004-12-21,4.984137797034676,4.991677909155726,4.957746505737305,4.957746505737305
2004-12-22,4.95622930563344,4.997910003279722,4.948651161226409,4.971385955810547
2004-12-23,4.948653131431144,4.982755336884445,4.933496475219727,4.933496475219727
2004-12-27,4.941073973811396,4.944863227707465,4.914549919265192,4.929706573486328
2004-12-28,4.929706111513637,4.956230163574219,4.918338350890725,4.956230163574219
2004-12-29,4.9410735107734425,4.975176069915966,4.929706111513637,4.956230163574219
2004-12-30,4.952440450871034,5.0016996582473,4.9448623058548025,4.982753753662109
2004-12-31,4.986543334434837,5.0016999868260665,4.956230029652378,4.963808536529541
2005-01-03,4.982752019338971,5.009276421071243,4.975173876960428,4.986541271209717
2005-01-04,4.994121513231067,5.0016996582473,4.96001895725034,4.982753753662109
2005-01-05,4.9865431390467565,5.009278297424316,4.971386487249411,5.009278297424316
2005-01-06,4.990330419479334,5.020643711090088,4.967595270089799,5.020643711090088
2005-01-07,5.024435612285228,5.047170412299966,5.020646358495062,5.039592266082764
2005-01-10,5.050957927238708,5.06611457581839,5.043379783630371,5.043379783630371
2005-01-11,5.039590876439339,5.092638969421387,5.039590876439339,5.092638969421387
2005-01-12,5.104008364354558,5.1115865109122,5.047170639038086,5.047170639038086
2005-01-13,5.0509613614940765,5.0926420830870525,5.04717210643201,5.085063934326172
2005-01-14,5.092643518996822,5.096432775127298,5.058541297912598,5.058541297912598
2005-01-18,5.077485424202038,5.096431338149119,5.058539871618209,5.085063934326172
2005-01-19,5.096430256348987,5.119165420532227,5.088852109196691,5.119165420532227
2005-01-20,5.104005936783629,5.145686626434326,5.100216684625482,5.145686626434326
2005-01-21,5.134321531227598,5.160845585490054,5.1305322773720645,5.1570563316345215
2005-01-24,5.1229479133652385,5.1570500725862525,5.1115801655955355,5.153261184692383
2005-01-25,5.119158664108671,5.1570500725862525,5.119158664108671,5.153261184692383
2005-01-26,5.163167765705078,5.163167765705078,5.109860594800719,5.140321731567383
2005-01-27,5.136516699152197,5.147939903789354,5.102247811491895,5.10986328125
2005-01-28,5.121283430306869,5.147937197321745,5.106052861923537,5.140321731567383
2005-01-31,5.140320669306501,5.166974067687988,5.117474639889998,5.166974067687988
2005-02-01,5.178396121221997,5.1936266830969045,5.140319534972108,5.170780658721924
2005-02-02,5.140321332266916,5.197435868486402,5.140321332266916,5.189820766448975
2005-02-03,5.193626580467284,5.197433948516846,5.170780556543757,5.197433948516846
2005-02-04,5.216474333071705,5.254550933837891,5.216474333071705,5.254550933837891
2005-02-07,5.227894887192815,5.265971471346711,5.1822032040832715,5.235510349273682
2005-02-08,5.224091924894049,5.243130233026511,5.208861351013184,5.208861351013184
2005-02-09,5.23170290831597,5.2545489327000965,5.2088572470570815,5.239318370819092
2005-02-10,5.258357906823259,5.2659730080010565,5.216473579406738,5.216473579406738
2005-02-11,5.2431261855951545,5.285010140653832,5.216472429534864,5.262164115905762
2005-02-14,5.243125811354549,5.273586933427578,5.235510349273682,5.235510349273682
2005-02-15,5.224089798475093,5.254550933837891,5.216474333071705,5.254550933837891
2005-02-16,5.2545501746716985,5.2545501746716985,5.20885847822894,5.216473579406738
2005-02-17,5.216470627025815,5.216470627025815,5.178394416436282,5.193624973297119
2005-02-18,5.193628499030371,5.197435868486402,5.15174416688574,5.189820766448975
2005-02-22,5.216473017486416,5.254549608649752,5.12889736618614,5.132704734802246
2005-02-23,5.161785394501711,5.180917363266461,5.138827323913574,5.138827323913574
2005-02-24,5.09673883384192,5.192398348680768,5.09673883384192,5.169440269470215
2005-02-25,5.150305181280772,5.219180107116699,5.150305181280772,5.219180107116699
2005-02-28,5.234484974165989,5.234484974165989,5.184742018720046,5.215353012084961
2005-03-01,5.203876525237164,5.234487533569336,5.200050057967642,5.234487533569336
2005-03-02,5.219180279537898,5.230659312585819,5.211527347564697,5.211527347564697
2005-03-03,5.20005103140624,5.257446591545388,5.20005103140624,5.22300910949707
2005-03-04,5.184745349504011,5.238314439850552,5.184745349504011,5.230661869049072
2005-03-07,5.238313635926854,5.272751111528548,5.226834599030291,5.234487533569336
2005-03-08,5.242142535992745,5.253621578216553,5.211531513454477,5.253621578216553
2005-03-09,5.219181527768861,5.242139599355405,5.173265019683806,5.177091121673584
2005-03-10,5.154131324531578,5.196221351623535,5.150304858910896,5.196221351623535
2005-03-11,5.165610810440747,5.203874740186542,5.165610810440747,5.1809163093566895
2005-03-14,5.177091384889186,5.1809178519854795,5.10821680171584,5.1120429039001465
2005-03-15,5.0967386506661025,5.138829069226211,5.077607040315591,5.119697093963623
2005-03-16,5.073779327673174,5.11586937099644,5.0661263934805865,5.1120429039001465
2005-03-17,5.112042421678143,5.142653425736961,5.096736919648733,5.138827323913574
2005-03-18,5.12734932529958,5.12734932529958,5.081432806659793,5.108217716217041
2005-03-21,5.1158669210121195,5.123519851539725,5.07377689784573,5.09290885925293
2005-03-22,5.112040627624466,5.112040627624466,5.054645106384935,5.085256099700928
2005-03-23,5.079874300220546,5.079874300220546,4.983737390955762,4.999119281768799
2005-03-24,4.987586919357855,5.052960098953614,4.979895784472002,5.022196292877197
2005-03-28,4.97989559173584,5.03757800094677,4.97989559173584,4.97989559173584
2005-03-29,4.979894197269944,5.0529584884643555,4.979894197269944,5.0529584884643555
2005-03-30,5.02219744285559,5.068343162536621,5.010660737885147,5.068343162536621
2005-03-31,5.052959544997114,5.083723347700891,5.037577643645226,5.0414228439331055
2005-04-01,5.045270119329316,5.095261407333828,5.045270119329316,5.068343162536621
2005-04-04,5.083718722853958,5.110636934047907,5.052954948137124,5.064491271972656
2005-04-05,5.056803060117762,5.08756685256958,5.056803060117762,5.08756685256958
2005-04-06,5.079873138948045,5.137555124627379,5.076027575440591,5.099100589752197
2005-04-07,5.110637936901199,5.126019827277982,5.083719720425126,5.122174263000488
2005-04-08,5.099104053173767,5.102949619293213,5.0568035593266005,5.102949619293213
2005-04-11,5.1029499311124376,5.1029499311124376,5.049113102350567,5.079876899719238
2005-04-12,5.095256599437175,5.10679292678833,5.0568016859556755,5.10679292678833
2005-04-13,5.106791403838509,5.164473756858698,5.083718756016934,5.118328094482422
2005-04-14,5.106794314535301,5.129867342240832,5.08756685256958,5.08756685256958
2005-04-15,5.118329065456188,5.141401717654766,5.118329065456188,5.122174263000488
2005-04-18,5.145248063068371,5.1490936279296875,5.106793147921705,5.1490936279296875
2005-04-19,5.149092768708645,5.1529379661950685,5.137556076049805,5.137556076049805
2005-04-20,5.1183280405563485,5.149091815149743,5.099100589752197,5.099100589752197
2005-04-21,5.093691645332756,5.132338552624519,5.093691645332756,5.101420879364014
2005-04-22,5.101421505130927,5.1477980207104705,5.101421505130927,5.12460994720459
2005-04-25,5.151661348732752,5.163255382168952,5.116878879856475,5.128473281860352
2005-04-26,5.12847588284361,5.174852408676636,5.113016672331403,5.170987606048584
2005-04-27,5.143938124797498,5.174855829121982,5.143938124797498,5.163261413574219
2005-04-28,5.16325799887824,5.19804048538208,5.159393564819486,5.19804048538208
2005-04-29,5.198040924433416,5.22509417653693,5.190311687095194,5.201905727386475
2005-05-02,5.225093735200548,5.225093735200548,5.18258164344347,5.19804048538208
2005-05-03,5.198038982187126,5.213497819655273,5.178715343210003,5.205768585205078
2005-05-04,5.217364570630813,5.22509417653693,5.198040924433416,5.201905727386475
2005-05-05,5.213498152127754,5.221227755638635,5.194174511918335,5.2096333503723145
2005-05-06,5.198038867585517,5.252144981815027,5.170985994754637,5.178715229034424
2005-05-09,5.163256391907099,5.205768470433054,5.163256391907099,5.178715229034424
2005-05-10,5.182581645364874,5.201905289937268,5.170987606048584,5.170987606048584
2005-05-11,5.167121307250833,5.217362621164249,5.167121307250833,5.205768585205078
2005-05-12,5.236687774512539,5.236687774512539,5.19804048538208,5.19804048538208
2005-05-13,5.205771950323845,5.228960037231445,5.205771950323845,5.228960037231445
2005-05-16,5.228957139510217,5.236686743241248,5.2096334987504305,5.232821941375732
2005-05-17,5.21736332294966,5.248281002044678,5.21349852092083,5.248281002044678
2005-05-18,5.2482800122376565,5.263738848869683,5.23668597690557,5.252144813537598
2005-05-19,5.236689043857987,5.267606735229492,5.236689043857987,5.267606735229492
2005-05-20,5.256007475587067,5.263736706473333,5.217360215452973,5.2366838455200195
2005-05-23,5.228953735800752,5.252142163331892,5.228953735800752,5.240548133850098
2005-05-24,5.231232617625598,5.262301526460222,5.184629254373663,5.196280002593994
2005-05-25,5.211811272852315,5.22346201395462,5.204043865203857,5.204043865203857
2005-05-26,5.204047044617346,5.219581499034658,5.180745548176683,5.196280002593994
2005-05-27,5.204042870512175,5.219577312469482,5.20015953780058,5.219577312469482
2005-05-31,5.223462877729134,5.235113620758057,5.204044725767302,5.235113620758057
2005-06-01,5.250648660115018,5.270066442525519,5.22346309807349,5.258415699005127
2005-06-02,5.2428810895136175,5.273949984858878,5.2428810895136175,5.250648498535156
2005-06-03,5.281718941754419,5.281718941754419,5.250650037304027,5.273951530456543
2005-06-06,5.270069365838868,5.270069365838868,5.227349702320478,5.242884159088135
2005-06-07,5.242882118358832,5.2700673145280525,5.231231372910669,5.2389984130859375
2005-06-08,5.235112169962176,5.2817158699035645,5.231228836942344,5.2817158699035645
2005-06-09,5.26618430591637,5.28560209274292,5.227347991522184,5.28560209274292
2005-06-10,5.254530316542698,5.2894829063135695,5.242879576742521,5.2817158699035645
2005-06-13,5.254533453702224,5.293369770050049,5.2312319601899775,5.293369770050049
2005-06-14,5.242880389733497,5.2856000225387225,5.238996685741094,5.277832984924316
2005-06-15,5.2778321665133925,5.301133646113746,5.2467632801326936,5.2817158699035645
2005-06-16,5.277832009490226,5.394340515136719,5.242879420759245,5.394340515136719
2005-06-17,5.378807887477021,5.382691221691742,5.336087877781001,5.374924182891846
2005-06-20,5.378807364741825,5.39434181120237,5.3205529127369715,5.390458106994629
2005-06-21,5.382695555819044,5.417648184488446,5.359394050286611,5.413764476776123
2005-06-22,5.417640172632442,5.4331746101379395,5.402105735126945,5.4331746101379395
2005-06-23,5.455031082823552,5.462835311889648,5.400402967865375,5.462835311889648
2005-06-24,5.462833788566117,5.494049951873556,5.431617625258679,5.474539756774902
2005-06-27,5.474541448182351,5.4784435628328785,5.392598901151953,5.470639705657959
2005-06-28,5.439427111841886,5.455035209655762,5.404309170855472,5.455035209655762
2005-06-29,5.423815065874878,5.458933353424072,5.404305236904112,5.458933353424072
2005-06-30,5.443329229326956,5.462839444625901,5.431623248998151,5.455035209655762
2005-07-01,5.462830869526402,5.478438942840016,5.408202426865843,5.435516834259033
2005-07-05,5.439421424542619,5.443323537947754,5.38869543877993,5.423813343048096
2005-07-06,5.404305236904112,5.46283546806868,5.400403122259505,5.458933353424072
2005-07-07,5.431619139877512,5.462835311889648,5.431619139877512,5.462835311889648
2005-07-08,5.416007504779259,5.478439807891846,5.416007504779259,5.478439807891846
2005-07-11,5.443325111350532,5.478443397895717,5.439422996817484,5.462835311889648
2005-07-12,5.46283546806868,5.4784435545209735,5.443325266971779,5.458933353424072
2005-07-13,5.474541448182351,5.474541448182351,5.44722738988093,5.470639705657959
2005-07-14,5.451133464297096,5.466741562110971,5.423819014028012,5.455035209655762
2005-07-15,5.431623248998151,5.455035209655762,5.423819014028012,5.455035209655762
2005-07-18,5.443327050319322,5.451131282165365,5.423816842830471,5.431621074676514
2005-07-19,5.435525366483222,5.455035209655762,5.4160151511842765,5.455035209655762
2005-07-20,5.431615580557406,5.478439807891846,5.427713468581399,5.478439807891846
2005-07-21,5.469033298819809,5.4886356437527954,5.441590240243808,5.4533514976501465
2005-07-22,5.44942704937494,5.484711170196533,5.44942704937494,5.484711170196533
2005-07-25,5.484714019095423,5.496475648067484,5.449429879946358,5.480793476104736
2005-07-26,5.4807935856463095,5.4807935856463095,5.437668733537516,5.449429988861084
2005-07-27,5.480794987483841,5.480794987483841,5.437670124344886,5.472954273223877
2005-07-28,5.4611910868416,5.469031798333434,5.433747661911359,5.465111255645752
2005-07-29,5.44943137167331,5.480794976417159,5.4415906574291775,5.469033718109131
2005-08-01,5.449429988861084,5.472952873391786,5.437668733537516,5.449429988861084
2005-08-02,5.465113185080251,5.488636075627466,5.441590668416699,5.472954273223877
2005-08-03,5.472952873391786,5.484714128715354,5.429828021282992,5.449429988861084
2005-08-04,5.433748190468471,5.461191618068218,5.429828021282992,5.449429988861084
2005-08-05,5.453349164302356,5.453349164302356,5.414144865094526,5.437667369842529
2005-08-08,5.43766987012555,5.43766987012555,5.390624465114227,5.406306266784668
2005-08-09,5.410223408468851,5.42198465885474,5.390621075236763,5.418064117431641
2005-08-10,5.4219855753827035,5.4455084540141785,5.4219855753827035,5.437667369842529
2005-08-11,5.445509855708941,5.461191654205322,5.425907514117574,5.461191654205322
2005-08-12,5.457272470820287,5.472954273223877,5.457272470820287,5.472954273223877
2005-08-15,5.472952788185759,5.4886345863342285,5.457270990037289,5.4886345863342285
2005-08-16,5.469032245177751,5.504316384482698,5.449429904021274,5.4886345863342285
2005-08-17,5.539602470504617,5.539602470504617,5.488636515140837,5.4964776039123535
2005-08-18,5.508237338279247,5.51999859429683,5.496476082261664,5.500396251678467
2005-08-19,5.508238863185936,5.508238863185936,5.484715970755079,5.4964776039123535
2005-08-22,5.496474730110583,5.500394898563011,5.46119059685426,5.492554187774658
2005-08-23,5.514615434571255,5.514615434571255,5.475225174062971,5.506737232208252
2005-08-24,5.4909785527859105,5.506734574253537,5.396442423980149,5.463405609130859
2005-08-25,5.455527786223637,5.475222531318283,5.431893566195606,5.463405609130859
2005-08-26,5.463404232095937,5.48309934787967,5.451587312886932,5.467343330383301
2005-08-29,5.459466509850657,5.487039829158891,5.435832665475808,5.463405609130859
2005-08-30,5.467344704619415,5.471283803896886,5.427954463151074,5.4555277824401855
2005-08-31,5.455531730347051,5.463409558949617,5.376751190400667,5.41220235824585
2005-09-01,5.424017112367992,5.459467887878418,5.412199811544572,5.459467887878418
2005-09-02,5.447651221500021,5.494919300079346,5.443712121038419,5.494919300079346
2005-09-06,5.48310158056321,5.522491828170132,5.4752233807805295,5.514613628387451
2005-09-07,5.502794549759013,5.546123504638672,5.490977254712029,5.546123504638672
2005-09-08,5.546126312583706,5.554004513270344,5.498858235423725,5.534309387207031
2005-09-09,5.534307904219429,5.554003025005186,5.514612783433672,5.530368804931641
2005-09-12,5.522490135701758,5.546123976500293,5.502795017934226,5.538246154785156
2005-09-13,5.530368072869687,5.561880111694336,5.530368072869687,5.561880111694336
2005-09-14,5.5658230284529555,5.5658230284529555,5.526432765075007,5.554006099700928
2005-09-15,5.542184993515647,5.5697583092270655,5.534307171636052,5.561880111694336
2005-09-16,5.569757719079546,5.569757719079546,5.518550567501897,5.546123504638672
2005-09-19,5.5540055723494275,5.565822499979441,5.522493514900487,5.557944297790527
2005-09-20,5.561882443024704,5.56582154344219,5.530370390991397,5.550065517425537
2005-09-21,5.534309491408884,5.569760643859676,5.534309491408884,5.550065517425537
2005-09-22,5.540567904517716,5.552440444349451,5.516822447433011,5.520780086517334
2005-09-23,5.520776508085917,5.532649040222168,5.500988702911503,5.532649040222168
2005-09-26,5.5366096771650035,5.5366096771650035,5.465374068322189,5.51682186126709
2005-09-27,5.489118932497316,5.528694562757699,5.449543679658116,5.481204032897949
2005-09-28,5.429751504045732,5.5207748521566415,5.429751504045732,5.5009870529174805
2005-09-29,5.4614151572645495,5.500990402418988,5.4614151572645495,5.477245330810547
2005-09-30,5.469331117367125,5.500991470606959,5.469331117367125,5.481204032897949
2005-10-03,5.481203896649557,5.5049489722786005,5.469330981413863,5.497034072875977
2005-10-04,5.50494932269682,5.524737138594734,5.497034422790373,5.51682186126709
2005-10-05,5.500988579074213,5.524734020233154,5.500988579074213,5.524734020233154
2005-10-06,5.544524723008534,5.544524723008534,5.5009914543664005,5.50494909286499
2005-10-07,5.528693221094831,5.528693221094831,5.500990135666873,5.508905410766602
2005-10-10,5.500990135666873,5.524735583544967,5.500990135666873,5.508905410766602
2005-10-11,5.508907825563381,5.532652906428899,5.485162367276607,5.489120006561279
2005-10-12,5.5009870529174805,5.508902323581497,5.469326725103175,5.5009870529174805
2005-10-13,5.461416778888256,5.485161857547173,5.398096065902851,5.421841144561768
2005-10-14,5.4416272359456475,5.473287582397461,5.421839425057988,5.473287582397461
2005-10-17,5.45349741070264,5.45745504665114,5.409964547531953,5.429752349853516
2005-10-18,5.445586959991856,5.4495445991699105,5.394138782940885,5.413926601409912
2005-10-19,5.350601517988204,5.433709608381078,5.350601517988204,5.429752349853516
2005-10-20,5.42579822601765,5.481204032897949,5.421840587507376,5.481204032897949
2005-10-21,5.461416082011239,5.497034072875977,5.4376706289610235,5.497034072875977
2005-10-24,5.532647380731786,5.532647380731786,5.453496561196022,5.5009870529174805
2005-10-25,5.4675840430660125,5.527230262756348,5.443725327657028,5.527230262756348
2005-10-26,5.52723580780649,5.52723580780649,5.40396672898771,5.407943248748779
2005-10-27,5.427821605948603,5.455656847191758,5.396010226717758,5.399986743927002
2005-10-28,5.384087207617486,5.419875144958496,5.384087207617486,5.419875144958496
2005-10-31,5.407946611487974,5.4238523212008545,5.3920409017750925,5.415899276733398
2005-11-01,5.388060236044699,5.435777328488204,5.376131057739258,5.376131057739258
2005-11-02,5.3681814998239235,5.427827809244284,5.356252313784249,5.419875144958496
2005-11-03,5.427825606644336,5.443731307983398,5.407943764386883,5.443731307983398
2005-11-04,5.411918638563609,5.4198716769825275,5.352272367308698,5.364201545715332
2005-11-07,5.431800855389161,5.431800855389161,5.364201545715332,5.364201545715332
2005-11-08,5.364201832452831,5.411918927851773,5.356249172830555,5.388060569763184
2005-11-09,5.384083762540883,5.392036800959802,5.34431932888978,5.364201545715332
2005-11-10,5.368182845374715,5.376135890875943,5.2926308092234535,5.336371421813965
2005-11-11,5.308532124475112,5.340343521689648,5.280696867496066,5.328413963317871
2005-11-14,5.308526856858959,5.324432539683124,5.272738975699243,5.300573825836182
2005-11-15,5.32841171806869,5.340341271413674,5.268765468230199,5.3164825439453125
2005-11-16,5.296602203614093,5.344319296170232,5.2767203661320075,5.308531761169434
2005-11-17,5.27274198601186,5.32841171806869,5.27274198601186,5.3164825439453125
2005-11-18,5.320460796356201,5.332389974368846,5.272743705083888,5.320460796356201
2005-11-21,5.312506026163652,5.348293927755389,5.27274198601186,5.3164825439453125
2005-11-22,5.294905242419348,5.33486694385995,5.294905242419348,5.314886093139648
2005-11-23,5.3188819206458176,5.3548469917864985,5.306893182495924,5.334866523742676
2005-11-25,5.294905185699463,5.358843602437085,5.270928088871342,5.294905185699463
2005-11-28,5.29490482544903,5.3548469917864985,5.29490482544903,5.334866523742676
2005-11-29,5.346855244574537,5.350851490896395,5.254943484686936,5.294905185699463
2005-11-30,5.294905185699463,5.302897678343179,5.234963015283698,5.294905185699463
2005-12-01,5.258941451600175,5.302899413316482,5.258941451600175,5.27092981338501
2005-12-02,5.254945526863766,5.270930137260111,5.195003333153267,5.262938022613525
2005-12-05,5.25494308794499,5.274923936942723,5.2069892790122285,5.242954730987549
2005-12-06,5.258939994443711,5.27492459942883,5.2229745379514325,5.266932487487793
2005-12-07,5.254941908942509,5.258938154066055,5.214980601015787,5.250946044921875
2005-12-08,5.2429537149988565,5.246949960244603,5.198996160604413,5.222972869873047
2005-12-09,5.246948530651094,5.282913965857758,5.2269676909693015,5.258936882019043
2005-12-12,5.23895746975311,5.2789191600047305,5.218977005730222,5.222972869873047
2005-12-13,5.218979107938169,5.26293668003875,5.210986614227294,5.210986614227295
2005-12-14,5.210986668286089,5.2429558812550825,5.198998308698486,5.2309675216674805
2005-12-15,5.202991423949513,5.290906516147199,5.15903349674782,5.218976020812988
2005-12-16,5.175021361447452,5.242956036291187,5.175021361447452,5.238959789276123
2005-12-19,5.250948926933279,5.266933535097787,5.202995102439752,5.2149834632873535
2005-12-20,5.234964318768769,5.2469526796163715,5.187010113172123,5.2149834632873535
2005-12-21,5.202991423949513,5.250945214539938,5.202991423949513,5.218976020812988
2005-12-22,5.241471838539461,5.273603435555704,5.18524135224161,5.205323696136475
2005-12-23,5.197290336393025,5.261553910138596,5.189257629074097,5.257537364959717
2005-12-27,5.225408286047876,5.261556443988282,5.221391738934717,5.253523349761963
2005-12-28,5.257537441046855,5.289669036865234,5.233438552663653,5.289669036865234
2005-12-29,5.289669036865234,5.321800632683614,5.281635946391221,5.289669036865234
2005-12-30,5.281635967745702,5.341882997427878,5.281635967745702,5.333849906921387
2006-01-03,5.357947681350937,5.361964225769043,5.333848797881059,5.361964225769043
2006-01-04,5.3539337312751485,5.390081882476807,5.3539337312751485,5.390081882476807
2006-01-05,5.390080183625132,5.442294120788574,5.357948588915141,5.442294120788574
2006-01-06,5.426225566264538,5.450324058532715,5.406143234015305,5.450324058532715
2006-01-09,5.470410016483836,5.486475816323656,5.434261871084519,5.46639347076416
2006-01-10,5.434260620150404,5.47844184681882,5.402129027867262,5.4061455726623535
2006-01-11,5.398115608372555,5.462379213183778,5.398115608372555,5.422214508056641
2006-01-12,5.398115608372555,5.442296860620209,5.398115608372555,5.422214508056641
2006-01-13,5.438274669147791,5.474422789636499,5.430241966282867,5.45434045791626
2006-01-17,5.462374882366009,5.462374882366009,5.414177121211202,5.4463090896606445
2006-01-18,5.4463118372886345,5.474426892947203,5.4222129445535,5.470410346984863
2006-01-19,5.450328687831989,5.502542642813067,5.450328687831989,5.498526096343994
2006-01-20,5.5025430953615295,5.530658539918394,5.494510384801701,5.52262544631958
2006-01-23,5.514590247945587,5.538689136505127,5.490491742424886,5.538689136505127
2006-01-24,5.538691250478223,5.538691250478223,5.48246074440348,5.52262544631958
2006-01-25,5.483078742543228,5.547632955369225,5.483078742543228,5.535529136657715
2006-01-26,5.555705514144798,5.563774602848913,5.515358916303205,5.531497478485107
2006-01-27,5.535537440444916,5.547641277313232,5.515364122481697,5.547641277313232
2006-01-30,5.519395570354826,5.5476379677905046,5.487118434778677,5.5153608322143555
2006-01-31,5.4911520959235895,5.55974109656994,5.487117743065502,5.519394874572754
2006-02-01,5.499220777538965,5.567809768286542,5.499220777538965,5.539566993713379
2006-02-02,5.5557019005554285,5.563770984011177,5.511320594841828,5.54359769821167
2006-02-03,5.539566584439899,5.555705531445733,5.47904707226272,5.499220371246338
2006-02-06,5.527466058523427,5.555708847869206,5.503258393111508,5.507292747497559
2006-02-07,5.523426797956616,5.53553100552813,5.507288239301521,5.511322975158691
2006-02-08,5.54763604066701,5.563774602848913,5.487116528678294,5.531497478485107
2006-02-09,5.5637733869811505,5.5637733869811505,5.507288239301521,5.511322975158691
2006-02-10,5.547637720687927,5.563776287757158,5.5153605865494635,5.551672458648682
2006-02-13,5.55974511418155,5.563779854729001,5.499225545065928,5.547641277313232
2006-02-14,5.551672006080007,5.551672006080007,5.515360136940908,5.519394874572754
2006-02-15,5.5072906616772155,5.5476372684481605,5.446771136294557,5.519394874572754
2006-02-16,5.49518752628581,5.519395570354826,5.475014220357266,5.5153608322143555
2006-02-17,5.495184416503596,5.515357711015863,5.495184416503596,5.511322975158691
2006-02-21,5.519394078013024,5.5637750312369905,5.511324603913919,5.539566993713379
2006-02-22,5.543602982727172,5.559741549796403,5.5153605865494635,5.551672458648682
2006-02-23,5.564638350670348,5.572744346155659,5.5241095327892085,5.5524797439575195
2006-02-24,5.511952124327865,5.5808515548706055,5.511952124327865,5.5808515548706055
2006-02-27,5.580851581750134,5.593010191164701,5.5443753669912095,5.584904193878174
2006-02-28,5.597062896658684,5.633538722991943,5.572745292587975,5.633538722991943
2006-03-01,5.633539951425008,5.674069171542139,5.633539951425008,5.665963172912598
2006-03-02,5.613276262900382,5.665963712953051,5.580853038322435,5.625434875488281
2006-03-03,5.653800487562434,5.653800487562434,5.556530893188567,5.5930070877075195
2006-03-06,5.540322780609131,5.605169217665744,5.507899562080825,5.540322780609131
2006-03-07,5.479528166332507,5.556533197179515,5.479528166332507,5.532215595245361
2006-03-08,5.548426769464145,5.572744369506836,5.53221516494073,5.572744369506836
2006-03-09,5.556532741700176,5.584902952868487,5.5524797439575195,5.5524797439575195
2006-03-10,5.588959684094489,5.593012684544591,5.5484304526242605,5.568695068359375
2006-03-13,5.572744802963894,5.59300940682316,5.516003989460982,5.532215595245361
2006-03-14,5.516003156616196,5.552479360752409,5.507897548205434,5.5362677574157715
2006-03-15,5.55653577427273,5.55653577427273,5.495742321014404,5.495742321014404
2006-03-16,5.548426864144646,5.568691466773501,5.520056652373335,5.556532859802246
2006-03-17,5.503848468185186,5.560589313507081,5.503848468185186,5.56058931350708
2006-03-20,5.532216701157455,5.605169135028227,5.532216701157455,5.576798915863037
2006-03-21,5.5403211604600076,5.593008971789889,5.4916863468897645,5.572744369506836
2006-03-22,5.540321137244692,5.564638350670348,5.51195092607638,5.5524797439575195
2006-03-23,5.524795444799781,5.569580329447001,5.524795444799781,5.5370097160339355
2006-03-24,5.569585044438714,5.626583472028038,5.545156869562813,5.602155685424805
2006-03-27,5.630651445113631,5.638794294501281,5.557367353714495,5.5940093994140625
2006-03-28,5.589938181390779,5.634723078133779,5.577724295130162,5.618437767028809
2006-03-29,5.581793121576871,5.659148216247559,5.581793121576871,5.659148216247559
2006-03-30,5.606225490570068,5.64693858588685,5.5899397865162905,5.606225490570068
2006-03-31,5.651009166422326,5.679508367707409,5.610295688924353,5.63065242767334
2006-04-03,5.598081433473584,5.6917218819899915,5.565510808922444,5.646937370300293
2006-04-04,5.663223428306424,5.667294853979557,5.614367485046388,5.614367485046387
2006-04-05,5.659150350062036,5.659150350062036,5.585866650708368,5.589937686920166
2006-04-06,5.589937935349843,5.598080784680143,5.549224853515625,5.549224853515625
2006-04-07,5.55736738471282,5.55736738471282,5.516654302364764,5.520725727081299
2006-04-10,5.520726583300941,5.581796410430672,5.504441270181513,5.5125837326049805
2006-04-11,5.508511244882424,5.55329613852798,5.496297359466554,5.496297359466553
2006-04-12,5.480014891001376,5.598083546635883,5.427087509058651,5.459658145904541
2006-04-13,5.4392968656209595,5.488152780154623,5.435225830614042,5.484081745147705
2006-04-17,5.455589004664571,5.5125878371589145,5.414875885688137,5.435232639312744
2006-04-18,5.475940305742535,5.488154190446481,5.4270843786543566,5.455583572387695
2006-04-19,5.492228288621109,5.557369556452206,5.423015594482422,5.423015594482422
2006-04-20,5.374157770611301,5.496297799362741,5.374157770611301,5.451513290405273
2006-04-21,5.4230125099209205,5.475939856997226,5.35379985514978,5.39044189453125
2006-04-24,5.4352298734051905,5.455586228397971,5.394516386874463,5.423015594482422
2006-04-25,5.427921009667169,5.432011083073955,5.366565227508545,5.366565227508545
2006-04-26,5.382929090492604,5.399290561676025,5.382929090492604,5.399290561676025
2006-04-27,5.387019555810521,5.419742498177362,5.378838625174688,5.399290561676025
2006-04-28,5.411562686549055,5.419743618876547,5.378839737415734,5.407472610473633
2006-05-01,5.415649619182602,5.419740082677458,5.366565227508545,5.366565227508545
2006-05-02,5.36656872901282,5.419743618876547,5.36656872901282,5.407472610473633
2006-05-03,5.460648296237545,5.464738372909103,5.382930988152215,5.432015419006348
2006-05-04,5.456552151889312,5.456552151889312,5.387015849676968,5.41973876953125
2006-05-05,5.41565196284152,5.440194364343469,5.399290491869634,5.423832893371582
2006-05-08,5.4401906919621705,5.452461689385533,5.3951963845965505,5.41973876953125
2006-05-09,5.452464657209266,5.452464657209266,5.419741719543605,5.4401936531066895
2006-05-10,5.4565551219395205,5.464735661311842,5.423832184273859,5.4401936531066895
2006-05-11,5.337931271175156,5.432009564731882,5.337931271175156,5.3788347244262695
2006-05-12,5.436105010875592,5.436105010875592,5.370659113602992,5.387020587921143
2006-05-15,5.4320135040428665,5.4320135040428665,5.354296613443679,5.399290561676025
2006-05-16,5.419742428106551,5.427923358636614,5.41565196284152,5.423832893371582
2006-05-17,5.4401906919621705,5.4401906919621705,5.3992868471003295,5.41973876953125
2006-05-18,5.4401951602656275,5.448375701904298,5.403381747670875,5.448375701904297
2006-05-19,5.489279661218743,5.489279661218743,5.407472293185558,5.436104774475098
2006-05-22,5.4729181069968975,5.4729181069968975,5.407472213534358,5.448375701904297
2006-05-23,5.486180485748138,5.506727664087145,5.4122093896083365,5.465632915496826
2006-05-24,5.486183123236771,5.4902923257326925,5.416321585943681,5.453307151794434
2006-05-25,5.457413730631379,5.473851708449968,5.428647367426925,5.465632915496826
2006-05-26,5.445087215021774,5.473853588104247,5.436868027333959,5.473853588104248
2006-05-30,5.473849492888065,5.494397054822672,5.440973550557554,5.445083141326904
2006-05-31,5.486180485748138,5.490289686268556,5.449194937678238,5.465632915496826
2006-06-01,5.486182424084889,5.494401219941834,5.457415658804472,5.482072830200195
2006-06-02,5.486179833417392,5.527274577121366,5.465632265609275,5.510836601257324
2006-06-05,5.506726977751895,5.523164953521724,5.486179801973802,5.494398593902588
2006-06-06,5.543714021096883,5.547823614129279,5.461524120010774,5.50261926651001
2006-06-07,5.527276515960693,5.53960490420517,5.490290959314867,5.527276515960693
2006-06-08,5.5396036215826605,5.543713214016762,5.461523324896247,5.490289688110352
2006-06-09,5.527277234757395,5.539605624605121,5.4779632834540415,5.514948844909668
2006-06-12,5.539607326977432,5.543716922160407,5.490293360519443,5.519060134887695
2006-06-13,5.47796393441994,5.519059094679108,5.43275957166485,5.453307151794434
2006-06-14,5.494399278701279,5.543713212157045,5.461523323064102,5.465632915496826
2006-06-15,5.5067291558974425,5.5067291558974425,5.469743989720314,5.498510360717773
2006-06-16,5.539606282896198,5.543715877304614,5.453307151794434,5.453307151794434
2006-06-19,5.490289686268556,5.502618463566726,5.445085345245514,5.465632915496826
2006-06-20,5.486182376305979,5.486182376305979,5.420430050460835,5.449196815490723
2006-06-21,5.416318629577677,5.457413375493782,5.408099445247088,5.43686580657959
2006-06-22,5.462467308944257,5.4665962526509135,5.441823377926462,5.450080871582031
2006-06-23,5.466593870221776,5.470722812128974,5.429434180572141,5.445949554443359
2006-06-26,5.499626302610036,5.503755245782012,5.417049407958984,5.417049407958984
2006-06-27,5.437690273214616,5.507880687486007,5.400530595805357,5.429432392120361
2006-06-28,5.4087902585512975,5.454207438257756,5.4087902585512975,5.445949554443359
2006-06-29,5.43769204653213,5.470722794166112,5.417047730821499,5.454207420349121
2006-06-30,5.429436297086176,5.483111381530762,5.429436297086176,5.483111381530762
2006-07-03,5.458338497437478,5.487240314483643,5.458338497437478,5.487240314483643
2006-07-05,5.495495219655678,5.5285259622882235,5.495495219655678,5.503752708435059
2006-07-06,5.503752708435059,5.5285259622882235,5.499623767166612,5.503752708435059
2006-07-07,5.536784180917941,5.5491706125985285,5.503753433931333,5.532655239105225
2006-07-10,5.549169540405273,5.549169540405273,5.516138799800761,5.549169540405273
2006-07-11,5.549172982591336,5.549172982591336,5.5078847281030825,5.540915489196777
2006-07-12,5.549173449152348,5.553302393075644,5.5161426852815065,5.545044898986816
2006-07-13,5.553301926167481,5.561559813319771,5.520271165073785,5.540915489196777
2006-07-14,5.540914802799198,5.540914802799198,5.483110781167013,5.499626159667969
2006-07-17,5.532654509799158,5.536783451067604,5.503752708435059,5.503752708435059
2006-07-18,5.540913462317026,5.569815269262225,5.499624829174524,5.55742883682251
2006-07-19,5.569813851722465,5.573942792737401,5.528525622845569,5.549169540405273
2006-07-20,5.573943837279605,5.615232467651366,5.553299522093723,5.615232467651367
2006-07-21,5.627623582588296,5.648267914954464,5.578077421164225,5.619365692138672
2006-07-24,5.6523942947387695,5.6565232383772175,5.611106039627509,5.6523942947387695
2006-07-25,5.673963497172326,5.711292266845703,5.65737297682296,5.711292266845703
2006-07-26,5.661516975796729,5.756912708282471,5.661516975796729,5.756912708282471
2006-07-27,5.769354710798273,5.790092945098877,5.73202596816697,5.790092945098877
2006-07-28,5.798388703257057,5.798388703257057,5.744469841318283,5.748617172241211
2006-07-31,5.7735079426692035,5.802541261048297,5.752769688591581,5.794246196746826
2006-08-01,5.794243933691518,5.806686723058598,5.773505687713623,5.773505687713623
2006-08-02,5.7900962809930965,5.806686798882223,5.765210306384834,5.798391342163086
2006-08-03,5.80253899475319,5.806686723058598,5.769357959408215,5.773505687713623
2006-08-04,5.790090839754571,5.868895626783825,5.790090839754571,5.83986234664917
2006-08-07,5.9103748878650455,5.9103748878650455,5.777650806432517,5.814979553222656
2006-08-08,5.835718384995046,5.835718384995046,5.781799118872147,5.785946846008301
2006-08-09,5.823276796999756,5.864753285795054,5.794243492172515,5.835719585418701
2006-08-10,5.881340259195678,5.881340259195678,5.798387331577171,5.802535057067871
2006-08-11,5.848162891025173,5.848162891025173,5.8066864013671875,5.8066864013671875
2006-08-14,5.848159597175595,5.873045160514834,5.8066831308783335,5.860602378845215
2006-08-15,5.8854879421844535,5.8854879421844535,5.84401187143609,5.860602378845215
2006-08-16,5.897928626683935,5.897928626683935,5.852304453929912,5.8896331787109375
2006-08-17,5.889633178710938,5.897928626683935,5.852304453929912,5.8896331787109375
2006-08-18,5.902083126095533,5.902083126095533,5.83572104387719,5.881345272064209
2006-08-21,5.893786829030078,5.893786829030078,5.823277032555368,5.877196311950684
2006-08-22,5.897935112580916,5.902082445579462,5.852310889654415,5.893787384033203
2006-08-23,5.923775257809828,5.923775257809828,5.869619741144816,5.877951145172119
2006-08-24,5.923774499823494,5.923774499823494,5.8654530899663655,5.890448093414307
2006-08-25,5.919615194493759,5.919615194493759,5.882122846194265,5.8987860679626465
2006-08-28,5.911278579350157,5.919610382102219,5.873786658812545,5.907113075256348
2006-08-29,5.92377728892623,5.92377728892623,5.865455851609514,5.869621753692627
2006-08-30,5.865453840490087,5.911277555845642,5.865453840490087,5.877951145172119
2006-08-31,5.907116811983013,5.91128231871184,5.873790374457556,5.886287689208984
2006-09-01,5.923774499823494,5.927940002663066,5.890448093414307,5.890448093414307
2006-09-05,5.894615740020188,5.919610752558369,5.877952530755484,5.915444850921631
2006-09-06,5.907117067662116,5.907117067662116,5.873790628694184,5.882122039794922
2006-09-07,5.907116555982213,5.911282062530518,5.882121530280111,5.911282062530518
2006-09-08,5.911282651749064,5.919614460241073,5.8862880208380295,5.902951240539551
2006-09-11,5.927943453379825,5.932109355926514,5.894617027570983,5.932109355926514
2006-09-12,5.9321117756965895,5.936277679942594,5.902951240539551,5.902951240539551
2006-09-13,5.940443261172171,5.94460916519165,5.90711682358128,5.94460916519165
2006-09-14,5.9446064695100045,5.952937876488474,5.915445551879628,5.91961145401001
2006-09-15,5.919614104666805,5.973769664764405,5.919614104666805,5.973769664764404
2006-09-18,5.977935746159001,5.977935746159001,5.902951061139806,5.948774814605713
2006-09-19,5.973769664764405,5.973769664764405,5.927945515375875,5.973769664764404
2006-09-20,5.973771351033534,5.977937256205251,5.9404449042249645,5.969605445861816
2006-09-21,5.928598924644804,5.9955414029936716,5.928598924644804,5.98298978805542
2006-09-22,6.02064687636287,6.037382501077209,5.970440002219853,5.991359233856201
2006-09-25,6.01646598240804,6.033201615778772,5.974626699476725,5.995546340942383
2006-09-26,6.079221056148814,6.079221056148814,5.991358931086402,6.020646572113037
2006-09-27,6.05411791615577,6.0624855287188115,6.016462662100203,6.049933910369873
2006-09-28,5.978809528214334,6.049936055762036,5.978809528214334,6.045752048492432
2006-09-29,6.045753400164378,6.045753400164378,5.982994873124724,6.01646614074707
2006-10-02,6.054117819850266,6.054117819850266,6.003910948244423,6.020646572113037
2006-10-03,6.012278079986572,6.016462085371397,5.987174845695053,6.012278079986572
2006-10-04,6.012278153397529,6.041565393431475,5.987174918799496,6.003910541534424
2006-10-05,6.003909412291603,6.003909412291603,5.98298978805542,5.98298978805542
2006-10-06,5.991358112100039,5.991358112100039,5.974622490519095,5.978806495666504
2006-10-09,5.962069982004172,5.970437991046918,5.92441473932908,5.953701972961426
2006-10-10,5.953702460920041,5.978806091097111,5.941150845335838,5.970438480377197
2006-10-11,5.978807998223362,5.978807998223362,5.936968734251869,5.962072372436523
2006-10-12,5.953701972961426,5.962069982004172,5.932782748371826,5.953701972961426
2006-10-13,5.9537063366535445,5.974625975584556,5.89931583404541,5.89931583404541
2006-10-16,5.899315518079337,5.936970387327661,5.899315518079337,5.903499126434326
2006-10-17,5.903499442624472,5.957890344241532,5.89931583404541,5.89931583404541
2006-10-18,5.899310518661134,5.932781751189004,5.865839286133265,5.907678127288818
2006-10-19,5.878395406689673,5.945337923083276,5.861659777591273,5.911866664886475
2006-10-20,5.982993188306896,5.982993188306896,5.874211399662855,5.911866664886475
2006-10-23,5.928602380887743,5.94533801023146,5.903498737367731,5.9411540031433105
2006-10-24,5.954599864292405,5.9588022186482315,5.904172814298196,5.929386138916016
2006-10-25,5.946196587613381,5.958803653717041,5.925185612291279,5.958803653717041
2006-10-26,5.9588022186482315,5.984015543266051,5.925184185318758,5.929386138916016
2006-10-27,5.958801205686386,5.979812172376637,5.925183178071785,5.963003158569336
2006-10-30,5.946193694302553,5.971407413482666,5.946193694302553,5.971407413482666
2006-10-31,5.984015040278885,5.984015040278885,5.933587994523329,5.975610733032227
2006-11-01,5.979808345459075,5.984010696411134,5.9461903393591,5.984010696411133
2006-11-02,5.97140837902963,5.979812686276288,5.937790348525925,5.975610733032227
2006-11-03,5.979814629039144,5.979814629039144,5.950398942981268,5.958803653717041
2006-11-06,5.954601754493513,5.971410776494027,5.946197043113909,5.950399398803711
2006-11-07,5.954598852044937,5.975610219493688,5.950396498403486,5.963003158569336
2006-11-08,5.946197007901639,5.979815051703587,5.946197007901639,5.967208385467529
2006-11-09,5.97140837902963,5.979812686276288,5.958801717780374,5.975610733032227
2006-11-10,5.975608779497863,6.0092267990112305,5.950395064483636,6.0092267990112305
2006-11-13,6.009231176184858,6.009231176184858,5.950399398803711,5.950399398803711
2006-11-14,5.97560876631628,6.005024433135986,5.9630017084577736,6.005024433135986
2006-11-15,5.9924187793396815,6.026036804407518,5.971407413482666,5.971407413482666
2006-11-16,6.042849660272415,6.042849660272415,5.9756135673737125,5.996624946594238
2006-11-17,5.996624178532143,5.996624178532143,5.857949253741981,5.887365341186523
2006-11-20,5.912578964099691,5.971410741132447,5.908377009193467,5.967208385467529
2006-11-21,5.988217394281482,5.992419748284079,5.946194655772584,5.975610733032227
2006-11-22,5.954599299842521,6.021835360128008,5.954599299842521,5.9798126220703125
2006-11-24,5.929389971219953,5.963008026277563,5.9251880149068725,5.9377946853637695
2006-11-27,5.9419950529954155,5.971410741132447,5.925186031094442,5.967208385467529
2006-11-28,5.952865350841323,5.982397912508407,5.931771181237614,5.973959922790527
2006-11-29,5.9866119718181405,5.9866119718181405,5.9444232622115125,5.948642253875732
2006-11-30,5.944424566662179,5.9823946952819815,5.927548998647298,5.982394695281982
2006-12-01,5.978173137223636,5.986610716437542,5.957078585671213,5.965516567230225
2006-12-04,5.986612498017272,6.003488063812256,5.965518342532461,6.003488063812256
2006-12-05,6.028798992031463,6.033017982231872,5.999266865318704,6.024580001831055
2006-12-06,6.028803305371423,6.028803305371423,5.952863036812396,5.978176593780518
2006-12-07,5.982397805672833,5.982397805672833,5.952865244533151,5.961303234100342
2006-12-08,5.952862630694582,5.952862630694582,5.898016929626465,5.898016929626465
2006-12-11,5.893799951668872,5.9317700937471525,5.87692437767246,5.910675525665283
2006-12-12,5.8811429694124975,5.919113111490778,5.8811429694124975,5.910675525665283
2006-12-13,5.881139458972564,5.902234014463137,5.851607322692871,5.851607322692871
2006-12-14,5.843172560285629,5.864266723605529,5.788326850494063,5.800983428955078
2006-12-15,5.834731758769449,5.851607322692871,5.822075186413177,5.851607322692871
2006-12-18,5.851607747417167,5.851607747417167,5.826294600867333,5.843170166015625
2006-12-19,5.7883246493414156,5.847388927929093,5.758792107702354,5.817856788635254
2006-12-20,5.771451278430917,5.822077994620353,5.771451278430917,5.800983428955078
2006-12-21,5.80098087403109,5.826294422149658,5.763010753025837,5.826294422149658
2006-12-22,5.834734855317441,5.834734855317441,5.767232563799659,5.8305158615112305
2006-12-26,5.838950558604976,5.838950558604976,5.7883238684971206,5.792542457580566
2006-12-27,5.803559082053525,5.854393128431453,5.803559082053525,5.850157260894775
2006-12-28,5.82050584708981,5.841686808325313,5.799324885854306,5.807797431945801
2006-12-29,5.81203047251127,5.84168355935286,5.803557931131953,5.833211421966553
2007-01-03,5.833209870361466,5.8374457359313965,5.778139578023361,5.8374457359313965
2007-01-04,5.858630078944386,5.879811035054885,5.845921666875341,5.86710262298584
2007-01-05,5.867101769493517,5.875573908309385,5.837448273655283,5.85862922668457
2007-01-08,5.841685394854614,5.879811035054885,5.841685394854614,5.86710262298584
2007-01-09,5.850156390439522,5.896754158354319,5.845920119540078,5.871336936950684
2007-01-10,5.862867458361501,5.892520560121287,5.845922771071164,5.854394912719727
2007-01-11,5.837448446305476,5.862865671490985,5.837448446305476,5.850157260894775
2007-01-12,5.850156815842491,5.875573635101319,5.837448002220018,5.875573635101318
2007-01-16,5.875571468756034,5.92216922287849,5.850154658868479,5.862863063812256
2007-01-17,5.871336936950684,5.896754158354319,5.854392257345937,5.871336936950684
2007-01-18,5.9009904292537625,5.9009904292537625,5.850156390439522,5.871336936950684
2007-01-19,5.871337740128578,5.8925186935302465,5.845920919241042,5.88404655456543
2007-01-22,5.884049555372341,5.892521698657868,5.84168762696484,5.845923900604248
2007-01-23,5.862865601163761,5.88404655456543,5.850157190719993,5.88404655456543
2007-01-24,5.88404624601259,5.88404624601259,5.833212202910116,5.841684341430664
2007-01-25,5.824739660396506,5.862865293721627,5.824739660396506,5.841684341430664
2007-01-26,5.87133664619445,5.87133664619445,5.816266339207919,5.833211421966553
2007-01-29,5.840017937981816,5.852778648397178,5.805990188159733,5.8272576332092285
2007-01-30,5.835764773486137,5.84427150812027,5.814497328436641,5.8272576332092285
2007-01-31,5.8272560637155,5.844269934044082,5.8230024947226875,5.8400163650512695
2007-02-01,5.844273199363306,5.865540650567275,5.818752582432855,5.852780342102051
2007-02-02,5.848526770732678,5.8697942219366475,5.818752582432855,5.852780342102051
2007-02-05,5.861288654230605,5.869795799255371,5.827260885417542,5.869795799255371
2007-02-06,5.874041618816064,5.87829478007184,5.831506761118575,5.861280918121338
2007-02-07,5.861286637226571,5.882554086826865,5.831512451171876,5.831512451171875
2007-02-08,5.848526184468379,5.852779755411367,5.814498428210173,5.844272613525391
2007-02-09,5.831510333984163,5.869791648237709,5.814496461609555,5.857031345367432
2007-02-12,5.865540062597482,5.8740472044834595,5.8400190425824015,5.844272613525391
2007-02-13,5.878298735544994,5.886805875065883,5.818750381469727,5.818750381469727
2007-02-14,5.831506761118575,5.874041618816064,5.831506761118575,5.861280918121338
2007-02-15,5.865537627391074,5.865537627391074,5.83150988526023,5.835763454437256
2007-02-16,5.83150988526023,5.848523756325652,5.83150988526023,5.835763454437256
2007-02-20,5.8230024947226875,5.861283804372665,5.8230024947226875,5.8400163650512695
2007-02-21,5.835763903488493,5.861284509229048,5.831510333984163,5.857031345367432
2007-02-22,5.840017937981816,5.86979252330822,5.8272576332092285,5.8272576332092285
2007-02-23,5.8400190425824015,5.865540062597482,5.814498428210173,5.844272613525391
2007-02-26,5.868188200635841,5.881001132099946,5.829750220849128,5.842563152313232
2007-02-27,5.859648652714577,5.927982681291526,5.825481638426102,5.855377674102783
2007-02-28,5.889537754436701,5.893808728020132,5.8596417539576064,5.8852667808532715
2007-03-01,5.889541864849905,5.927979839322389,5.8553748669416406,5.859645843505859
2007-03-02,5.889544688391258,5.889544688391258,5.842565145570339,5.855377674102783
2007-03-05,5.838294828974083,5.87673282623291,5.838294828974083,5.87673282623291
2007-03-06,5.863917880399059,5.889543338895215,5.863917880399059,5.868188858032227
2007-03-07,5.885274428489313,5.915170875119887,5.863919940125471,5.8810038566589355
2007-03-08,5.898079701603562,5.906621241467964,5.868183293822008,5.8852667808532715
2007-03-09,5.868188858032226,5.893814316528381,5.868188858032226,5.868188858032227
2007-03-12,5.868183192902373,5.893808626659798,5.863912219392395,5.8724541664123535
2007-03-13,5.88954137018786,5.89381234639336,5.855374375149277,5.863915920257568
2007-03-14,5.885273709779464,5.885273709779464,5.855377674102783,5.855377674102783
2007-03-15,5.885273657662668,5.885273657662668,5.851106643676757,5.851106643676758
2007-03-16,5.872457872668569,5.89381234639336,5.855374375149277,5.863915920257568
2007-03-19,5.859645351354778,5.88954137018786,5.859645351354778,5.863915920257568
2007-03-20,5.889541679972439,5.915167131250605,5.855374683136703,5.893812656402588
2007-03-21,5.910896340368256,5.910896340368256,5.859645843505859,5.859645843505859
2007-03-22,5.881003805328999,5.898087314410368,5.8724618471368215,5.87673282623291
2007-03-23,5.876730813298559,5.91516879739137,5.868188858032226,5.868188858032227
2007-03-26,5.868183192902373,5.906621139887283,5.868183192902373,5.8724541664123535
2007-03-27,5.889545356218191,5.902357886203473,5.851107358959363,5.87673282623291
2007-03-28,5.905034716477736,5.926476054228271,5.887880991929624,5.909322738647461
2007-03-29,5.883586832312105,5.913605001023323,5.866433534624711,5.892163276672363
2007-03-30,5.905032904897358,5.913609355572978,5.849284544120708,5.875014305114746
2007-04-02,5.875014305114746,5.90074447507596,5.862149424617727,5.875014305114746
2007-04-03,5.875014061357336,5.896455800607523,5.862149181394089,5.870725631713867
2007-04-04,5.870725631713867,5.896455800607523,5.857860751750619,5.870725631713867
2007-04-05,5.870726679650368,5.9264750480651855,5.857861797390713,5.9264750480651855
2007-04-09,5.8964576283066545,5.939341120099436,5.8964576283066545,5.922187805175781
2007-04-10,5.905034724151561,5.947917808675661,5.905034724151561,5.9178996086120605
2007-04-11,5.930760628658525,5.947913933084734,5.9136073242323155,5.935049057006836
2007-04-12,5.939340339292074,5.965070103811384,5.9221870266234555,5.9264750480651855
2007-04-13,5.939340114593505,5.9779347599123485,5.935051684346783,5.939340114593506
2007-04-16,5.977932113588841,5.982220541937152,5.935049057006836,5.935049057006836
2007-04-17,5.956493525321202,5.965069976989552,5.905033588409424,5.905033588409424
2007-04-18,5.952201196486629,5.952201196486629,5.905029720788569,5.9136061668396
2007-04-19,5.9221849897193,5.977932929992675,5.9221849897193,5.977932929992676
2007-04-20,5.982225002250363,6.016531636681614,5.960783253488995,5.973648548126221
2007-04-23,5.995089166130167,6.0336842274604345,5.969359397888184,5.969359397888184
2007-04-24,6.0036660281890235,6.025107774368871,5.939341198616772,5.969359397888184
2007-04-25,5.990798939132825,6.020817127355934,5.973645630295743,5.982222080230713
2007-04-26,6.040780378128087,6.040780378128087,5.9761962890625,5.9761962890625
2007-04-27,6.002028281163494,6.0192507280439935,5.9805005305245125,5.993417263031006
2007-04-30,6.01063706402449,6.023553790845031,5.984803199768066,5.984803199768066
2007-05-01,6.010640225266361,6.045085121980678,5.984806347422842,6.032168388366699
2007-05-02,6.027864208779098,6.049392377362156,6.014947471875528,6.019252777099609
2007-05-03,6.057998727193296,6.062304439712969,6.0192481357469285,6.023553848266602
2007-05-04,6.06661483010547,6.075225851169296,6.01925277709961,6.019252777099609
2007-05-07,6.036471627410795,6.057999371066541,6.006332047185049,6.0106377601623535
2007-05-08,5.9891119381728855,6.079529892829929,5.984806223518848,6.027862548828125
2007-05-09,6.049390836723858,6.049390836723858,6.0149459400095395,6.032168388366699
2007-05-10,6.062305084043846,6.062305084043846,6.0106377601623535,6.0106377601623535
2007-05-11,6.062307444829328,6.070918874137403,6.006334386173487,6.027862548828125
2007-05-14,6.027858988985538,6.075220590363199,6.010636551155906,6.036470413208008
2007-05-15,6.036471627410795,6.0881389512922865,6.002026334207744,6.0106377601623535
2007-05-16,5.9977210318458285,6.045082642750015,5.9977210318458285,6.0106377601623535
2007-05-17,6.023556834174088,6.032168263482164,5.971889490172284,6.027862548828125
2007-05-18,6.027861383912827,6.0364728115567,6.00202751159668,6.00202751159668
2007-05-21,6.023552926941415,6.066609224321831,6.006330490112305,6.006330490112305
2007-05-22,6.062304439712969,6.062304439712969,5.997720394379255,6.023553848266602
2007-05-23,6.0235551703791765,6.040777613622685,5.941748667626373,5.980499267578125
2007-05-24,5.9675841640494145,6.045085390405762,5.9202225316180765,5.928833961486816
2007-05-25,5.946054874373389,6.014944653062488,5.946054874373389,6.00202751159668
2007-05-29,5.978687763214111,6.034886613374052,5.9743646796005905,5.978687763214111
2007-05-30,6.01326842912278,6.052175336535412,5.978684603038602,6.039206504821777
2007-05-31,6.0478522552069585,6.052175336535412,5.983007684367055,6.039206504821777
2007-06-01,5.991651788478229,6.030558685200752,5.983006040468565,6.0046210289001465
2007-06-04,5.970037212318262,6.021912937191088,5.965714132177623,6.0046210289001465
2007-06-05,5.965712592829383,6.017588304316585,5.965712592829383,5.987327575683594
2007-06-06,6.013267993927003,6.060821060555004,5.970038420586279,6.013267993927002
2007-06-07,6.013270466419653,6.013270466419653,5.9051958702229745,5.965717792510986
2007-06-08,5.90519446653581,5.952747541412796,5.866287555189827,5.918163299560547
2007-06-11,5.892228204501428,5.922488965520261,5.840352437495452,5.887905120849609
2007-06-12,5.905194028413778,5.909517109858539,5.805765628814697,5.805765628814697
2007-06-13,5.818731901623829,5.870607619329248,5.762533104375069,5.836023807525635
2007-06-14,5.848998046830557,5.866289968735146,5.827383041381836,5.827383041381836
2007-06-15,5.857642592774787,5.857642592774787,5.810089511493865,5.814412593841553
2007-06-18,5.801439828230584,5.922483166048626,5.801439828230584,5.866284370422363
2007-06-19,5.896548280107775,5.922485944243036,5.836026376672604,5.848995208740234
2007-06-20,5.918162747037761,5.978684649289129,5.887902002047943,5.922485828399658
2007-06-21,5.8835750834229525,6.112693298912009,5.810084397288192,5.900866985321045
2007-06-22,5.926805522422517,5.926805522422517,5.823054102664276,5.831699848175049
2007-06-25,5.88790119425074,5.896547355788314,5.823056631805628,5.870609283447266
2007-06-26,5.8922217158364365,5.89654479472757,5.814407944882009,5.831699848175049
2007-06-27,5.816944145228024,5.903764540760944,5.816944145228024,5.821285247802734
2007-06-28,5.82997033793578,5.8864034573621975,5.812606333034616,5.851675033569336
2007-06-29,5.847329150722544,5.903762220039425,5.8256240603714105,5.860352039337158
2007-07-02,5.842986716481311,5.908101558685303,5.838645616603693,5.908101558685303
2007-07-03,5.916789006482333,5.92547079994803,5.882061004638672,5.882061004638672
2007-07-05,5.860355761096891,5.882060865232372,5.816945552825928,5.816945552825928
2007-07-06,5.873378657982008,5.873378657982008,5.816945552825928,5.816945552825928
2007-07-09,5.834309048890753,5.834309048890753,5.799581050872803,5.799581050872803
2007-07-10,5.856014725955873,5.856014725955873,5.78221761942646,5.842991828918457
2007-07-11,5.81694171546145,5.838646805278352,5.782213737350468,5.790895938873291
2007-07-12,5.7952375065372115,5.81260149699166,5.773532414971604,5.777873516082764
2007-07-13,5.799580559117293,5.799580559117293,5.760511875152588,5.760511875152588
2007-07-16,5.756170754676895,5.8429907420948,5.717101656841249,5.769193649291992
2007-07-17,5.777874446078694,5.808261330767447,5.756169351019474,5.773533344268799
2007-07-18,5.795237878647581,5.82562476039645,5.738804802549526,5.747486591339111
2007-07-19,5.7344641447860365,5.782215021798367,5.730123043060303,5.730123043060303
2007-07-20,5.725779134221501,5.790894386213447,5.725779134221501,5.738802433013916
2007-07-23,5.73880535777015,5.786556235708228,5.73880535777015,5.773533344268799
2007-07-24,5.773532400910595,5.790896391322755,5.773532400910595,5.786555290222168
2007-07-25,5.777871995299958,5.795235981184065,5.75182580947876,5.75182580947876
2007-07-26,5.717097837710547,5.777871995299958,5.7127567377420005,5.75182580947876
2007-07-27,5.728288265232441,5.968056461063708,5.71085057070385,5.754444599151611
2007-07-30,5.798037136988037,5.798037136988037,5.72828638180729,5.789318084716797
2007-07-31,5.7762434871632,5.806759357452393,5.745727616874007,5.806759357452393
2007-08-01,5.7326454921956165,5.8198343519188445,5.7326454921956165,5.789318084716797
2007-08-02,5.771882293680203,5.819836265444401,5.754444599151611,5.754444599151611
2007-08-03,5.754443047247923,5.789318426899636,5.754443047247923,5.784959316253662
2007-08-06,5.758803328713409,5.789319185972951,5.7544438017485104,5.780600547790527
2007-08-07,5.7762434871632,5.819837943931376,5.7675244295105434,5.806759357452393
2007-08-08,5.79803511733418,5.806753750821128,5.754440702657991,5.76315975189209
2007-08-09,5.771878385379037,5.828550958159223,5.737003019936946,5.76315975189209
2007-08-10,5.798037171926954,5.798037171926954,5.697770148939952,5.767520904541016
2007-08-13,5.732647327191418,5.77188224347634,5.706490993499756,5.706490993499756
2007-08-14,5.71085196665053,5.732648778328654,5.601866245269775,5.601866245269775
2007-08-15,5.588786037881248,5.680334033909997,5.536472956685879,5.59750509262085
2007-08-16,5.566989790572605,5.571348902631958,5.318502110301464,5.519035816192627
2007-08-17,5.462362273665259,5.723928077158523,5.462362273665259,5.588785648345947
2007-08-20,5.580065958425903,5.706489309282743,5.519033838246037,5.562628269195557
2007-08-21,5.562630374547544,5.715210109124839,5.545192678717354,5.671616077423096
2007-08-22,5.671617356527501,5.7326490978237565,5.645460599009423,5.680335998535156
2007-08-23,5.710850803693192,5.767523001412631,5.658537302225718,5.702131748199463
2007-08-24,5.750080108642577,5.7805963595393655,5.697767070208606,5.750080108642578
2007-08-27,5.732647568056315,5.776242013704002,5.697772177837143,5.723928928375244
2007-08-28,5.715209913238211,5.715209913238211,5.667256355285645,5.6672563552856445
2007-08-29,5.660252518930861,5.730294244991797,5.642742087415627,5.7127838134765625
2007-08-30,5.695270661095493,5.734669217552858,5.686515240779893,5.717158794403076
2007-08-31,5.717159343255934,5.75655748601414,5.717159343255934,5.721536636352539
2007-09-04,5.730295833483805,5.778449429128924,5.730295833483805,5.756561279296875
2007-09-05,5.756556897465211,5.813465876717317,5.756556897465211,5.787200450897217
2007-09-06,5.778445030636239,5.844109430149322,5.7740673205057504,5.787200450897217
2007-09-07,5.813464768644991,5.865996027753915,5.787199347831197,5.835352897644043
2007-09-10,5.865996347709747,5.914150317630448,5.835353215928472,5.901017189025879
2007-09-11,5.88351169321593,5.905399841730531,5.870378971099854,5.8703789710998535
2007-09-12,5.8835110858208495,5.892266511315491,5.848490218805616,5.866000652313232
2007-09-13,5.865999546185864,5.865999546185864,5.804713249206543,5.804713249206543
2007-09-14,5.817844187490814,5.8484873266050466,5.800333762642472,5.809089183807373
2007-09-17,5.817843586847806,5.830976299757856,5.782822740766728,5.787200450897217
2007-09-18,5.752181958589302,5.839734109618037,5.752181958589302,5.804713249206543
2007-09-19,5.774069079118594,5.861621638468658,5.769691785136326,5.800334930419922
2007-09-20,5.77406742032542,5.8397318209736815,5.739046573638916,5.739046573638916
2007-09-21,5.800334930419922,5.809090353347546,5.752181356762622,5.800334930419922
2007-09-24,5.774069683235296,5.804713249206543,5.765314676873216,5.804713249206543
2007-09-25,5.77406780662844,5.800333652141296,5.76969051361084,5.76969051361084
2007-09-26,5.7626580761115,5.819801190451463,5.736284589000145,5.789031982421875
2007-09-27,5.767054507694149,5.811010883895103,5.767054507694149,5.784636974334717
2007-09-28,5.802219440975284,5.811010883895103,5.784636974334716,5.784636974334717
2007-10-01,5.802217869668441,5.837382793426514,5.802217869668441,5.837382793426514
2007-10-02,5.854966694124153,5.898923069223206,5.811010738224161,5.846175670623779
2007-10-03,5.850570236622116,5.850570236622116,5.806613870203422,5.815404891967773
2007-10-04,5.815405998306627,5.837384185697164,5.771450042724609,5.771450042724609
2007-10-05,5.775845764042528,5.775845764042528,5.771450042724609,5.771450042724609
2007-10-08,5.7626582159338575,5.771449657983633,5.714306542257178,5.7274932861328125
2007-10-09,5.718702503464815,5.7978233892406905,5.718702503464815,5.731889247894287
2007-10-10,5.78463818964581,5.872550541318406,5.7670557193112915,5.854968070983887
2007-10-11,5.863759196968302,5.868154919112748,5.802220344543457,5.802220344543457
2007-10-12,5.841781005445204,5.8461767275896515,5.802220344543457,5.802220344543457
2007-10-15,5.846175628333003,5.859362373087703,5.76705432140669,5.771450042724609
2007-10-16,5.762659178650175,5.802219836085155,5.714307496895809,5.73628568649292
2007-10-17,5.7582643806963985,5.832989980355448,5.7582643806963985,5.802220344543457
2007-10-18,5.758260685367918,5.824194798425261,5.731886788625661,5.775843143463135
2007-10-19,5.767055405786156,5.815407091777661,5.7582643806963985,5.802220344543457
2007-10-22,5.806614974869847,5.8241974409424655,5.736285110579372,5.771450042724609
2007-10-23,5.8154061899362,5.824197632861735,5.758263487716514,5.793428421020508
2007-10-24,5.7934285727547215,5.806615318289322,5.740681171417236,5.740681171417236
2007-10-25,5.7318899647336785,5.7978241143259135,5.714307496895809,5.73628568649292
2007-10-26,5.771447296989533,5.802216493178571,5.709908485412598,5.709908485412598
2007-10-29,5.707261534615991,5.760229107303172,5.641051753045378,5.676363468170166
2007-10-30,5.6719526953339425,5.720506223011345,5.654296828819518,5.658710479736328
2007-10-31,5.6719498194912035,5.720503322550575,5.627809965110796,5.676363468170166
2007-11-01,5.645467294048799,5.698434880540898,5.627811431884766,5.627811431884766
2007-11-02,5.614567762124401,5.671949400197507,5.614567762124401,5.6366376876831055
2007-11-05,5.632225955288261,5.663123611321122,5.627811884155283,5.641053676605225
2007-11-06,5.66753817610218,5.742575708102679,5.627812374343208,5.671952247619629
2007-11-07,5.6719484236509885,5.6719484236509885,5.641050364809032,5.64987850189209
2007-11-08,5.645467747738202,5.658709540188144,5.636640026421238,5.641053676605225
2007-11-09,5.773473857580348,5.773473857580348,5.58367297568703,5.623398780822754
2007-11-12,5.618983774029195,5.62339784518742,5.517462663083967,5.583672046661377
2007-11-13,5.636637181024505,5.649878966789941,5.5395297698641555,5.5483574867248535
2007-11-14,5.5395302582027295,5.627809539335882,5.5395302582027295,5.552772045135498
2007-11-15,5.6233944852503335,5.773469447369364,5.508631229400635,5.508631229400635
2007-11-16,5.460079674599423,5.592498830538109,5.460079674599423,5.526289463043213
2007-11-19,5.446837875525859,5.588084750434507,5.045166759292725,5.5439453125
2007-11-20,5.482153845321446,5.627814903259278,5.482153845321446,5.517465591430664
2007-11-21,5.517461272317447,5.6454663569972565,5.517461272317447,5.592498779296875
2007-11-23,5.592498297854153,5.680777586421734,5.592498297854153,5.632224082946777
2007-11-26,5.671951803222509,5.711677180919972,5.58367206358638,5.614570140838623
2007-11-27,5.601328884387251,5.667538700427198,5.566017150878906,5.566017150878906
2007-11-28,5.5988207831071835,5.620985636987556,5.5323262214660645,5.5323262214660645
2007-11-29,5.563354969024658,5.722941092401861,5.545623177538302,5.563354969024658
2007-11-30,5.576652881396181,5.674177931513407,5.545622356578552,5.594384670257568
2007-12-03,5.59438597433922,5.7451064261743605,5.585520289221484,5.612117767333984
2007-12-04,5.598820295015364,5.714077186937942,5.598820295015364,5.652015686035156
2007-12-05,5.647583683234544,5.696346451156697,5.625418827157152,5.656449794769287
2007-12-06,5.656450407271592,5.705212757714454,5.629852492546704,5.638718605041504
2007-12-07,5.629851195658082,5.660882159482098,5.616552452738883,5.620985507965088
2007-12-10,5.638717451929248,5.674181049137152,5.612119542643607,5.629851341247559
2007-12-11,5.652014005186858,5.691910642276718,5.638715267076659,5.6874775886535645
2007-12-12,5.616552452738883,5.727376296837504,5.612119397512679,5.620985507965088
2007-12-13,5.718508191668944,5.718508191668944,5.567788171386519,5.572220802307129
2007-12-14,5.5722201974349455,5.603251147066367,5.541189670562745,5.541189670562744
2007-12-17,5.603251605558773,5.603251605558773,5.532324016854093,5.563354969024658
2007-12-18,5.563359695144006,5.607689000138373,5.5456278885943355,5.585524559020996
2007-12-19,5.5456277914828584,5.656451686167522,5.5456277914828584,5.581091403961182
2007-12-20,5.581088558367793,5.643149637182376,5.581088558367793,5.6076860427856445
2007-12-21,5.709643840129275,5.709643840129275,5.589953899383545,5.589953899383545
2007-12-24,5.718504878174851,6.006646859018715,5.603248508596329,5.669742584228516
2007-12-26,5.714077116042957,5.714077116042957,5.620985077223473,5.625417709350586
2007-12-27,5.622743606567383,5.698425857829188,5.604936043009652,5.622743606567383
2007-12-28,5.627196326279691,5.738493718950497,5.59603276762708,5.667263031005859
2007-12-31,5.671718319896201,5.765208200974319,5.671718319896201,5.7251410484313965
2008-01-02,5.81862917453423,5.867600312679064,5.738495318183918,5.796370029449463
2008-01-03,5.836434421817212,5.90766510125537,5.756300597368723,5.885405540466309
2008-01-04,5.876502348931235,5.992251741190645,5.876502348931235,5.9121174812316895
2008-01-07,5.961090494533679,6.361761072094951,5.952186496355607,5.969994068145752
2008-01-08,5.9789010948493235,6.032323837280273,5.965545090816923,6.032323837280273
2008-01-09,5.9878001056659205,6.02786723806874,5.974444536386946,5.9967041015625
2008-01-10,6.023419322176213,6.023419322176213,5.978900586220764,5.992256164550781
2008-01-11,5.983348659579625,6.059030933417374,5.983348659579625,6.027867794036865
2008-01-14,6.054580388798719,6.099099106257443,6.036772816902029,6.059031963348389
2008-01-15,6.05903337381091,6.112456101937083,6.027870221878835,6.06793737411499
2008-01-16,6.054580825896052,6.116907119750977,6.054580825896052,6.116907119750977
2008-01-17,6.205946503503797,6.205946503503797,6.018967151641845,6.018967151641846
2008-01-18,5.9967029198458075,6.036770044352956,5.8453384159591595,5.885405540466309
2008-01-22,5.894309965322204,5.983347796832263,5.836435268699198,5.96108865737915
2008-01-23,5.876503221832145,6.085742473602295,5.876503221832145,6.085742473602295
2008-01-24,6.036772816902029,6.081291534360752,6.036772816902029,6.059031963348389
2008-01-25,6.054579359624396,6.059030933417374,6.018964221884977,6.027867794036865
2008-01-28,6.018965245005339,6.059031963348389,6.010061246773992,6.059031963348389
2008-01-29,6.056346999226314,6.056346999226314,6.033998770380909,6.042938232421875
2008-01-30,6.038470436174221,6.0831664819289815,6.011652467715646,6.060818672180176
2008-01-31,5.899911962449088,6.105514975101059,5.899911962449088,6.087636470794678
2008-02-01,6.08763511599377,6.09657457928607,6.047408383692564,6.056347846984863
2008-02-04,6.042940395178187,6.092106175228805,6.034000929937804,6.06975793838501
2008-02-05,6.284299777353696,6.284299777353696,6.034000317376074,6.0652875900268555
2008-02-06,6.051878115338714,6.109983347967448,6.051878115338714,6.056347846984863
2008-02-07,6.0429407588795385,6.096576274778464,6.0429407588795385,6.08316707611084
2008-02-08,6.0429410339054845,6.109985325266159,6.0429410339054845,6.092106819152832
2008-02-11,6.087633415181841,6.150208361974034,6.078694380644071,6.0965728759765625
2008-02-12,6.0876410480284395,6.163624855026284,6.0876410480284395,6.114459037780762
2008-02-13,6.141274445504816,6.150213914370065,5.926732307826885,5.953549861907959
2008-02-14,5.908850574700281,5.92225934443002,5.80604887008667,5.80604887008667
2008-02-15,5.83286932292171,5.83286932292171,5.694310555776338,5.774764060974121
2008-02-19,5.7658229121714895,5.855215859110154,5.747944408035188,5.832867622375488
2008-02-20,5.801582493709318,5.868627233650702,5.797113185385772,5.823930740356445
2008-02-21,5.792645454406738,5.873098999661311,5.788175718279818,5.792645454406738
2008-02-22,5.7926390813827435,5.7926390813827435,5.7479426218032925,5.770290851593018
2008-02-25,5.9848332729049964,5.989302577866347,5.747942633415184,5.819457054138184
2008-02-26,5.846275806427002,5.873093773065123,5.801579337449173,5.846275806427002
2008-02-27,5.857047463879522,5.888464439285668,5.834606583721907,5.843583106994629
2008-02-28,5.834609500436464,5.848073864052177,5.758310726573419,5.767287254333496
2008-02-29,5.7448457785668605,5.753821877389448,5.695475736957379,5.731381416320801
2008-03-03,5.7403582899452275,5.830121430408619,5.735870025915953,5.816657066345215
2008-03-04,5.780750950599264,5.852561452292216,5.471067627017965,5.83012056350708
2008-03-05,5.785239793040957,5.910908183582537,5.704452756537744,5.866026401519775
2008-03-06,5.812167143039674,5.910906783373102,5.785238422600563,5.789726257324219
2008-03-07,5.830121147079324,5.875002929142085,5.821145047481409,5.866026401519775
2008-03-10,5.915395046121052,5.915395046121052,5.789726257324219,5.789726257324219
2008-03-11,5.830119948633164,5.830119948633164,5.771773815155029,5.771773815155029
2008-03-12,5.771773815155029,5.834608211521706,5.758309454513709,5.771773815155029
2008-03-13,5.771774423875468,5.8839784397767945,5.758310061814128,5.83012056350708
2008-03-14,5.825631685744621,5.8525608350515705,5.771773815155029,5.771773815155029
2008-03-17,5.659568100987981,5.8705116847432395,5.659568100987981,5.708938121795654
2008-03-18,5.646105273584174,5.84358455425103,5.646105273584174,5.789726257324219
2008-03-19,5.812164894811292,5.852558387869473,5.794212278788114,5.803188800811768
2008-03-20,5.848073774299549,5.8660264015197745,5.798704156450028,5.866026401519775
2008-03-24,5.857048768951762,5.951300144195557,5.857048768951762,5.951300144195557
2008-03-25,5.946809768676758,5.9692506458614965,5.892951920247864,5.946809768676758
2008-03-26,6.009647326882141,6.009647326882141,5.9378363961955305,5.964765548706055
2008-03-27,6.011628588457916,6.011628588457916,5.957551022162034,5.975576877593994
2008-03-28,5.948541168895911,5.980086755673168,5.88545085488246,5.935021877288818
2008-03-31,5.984589590424828,6.029654443889878,5.957551022162034,5.975576877593994
2008-04-01,5.948539807187104,6.020643252280092,5.939527091435696,5.998111248016357
2008-04-02,5.966563718323842,6.0116285716629925,5.9305120075606395,5.971070289611816
2008-04-03,5.939530376468195,6.007127286186727,5.898972058728807,5.957556247711182
2008-04-04,5.962059446806214,5.962059446806214,5.871930135132248,5.889955997467041
2008-04-07,5.8539038269652,5.953046277141121,5.8539038269652,5.926007270812988
2008-04-08,5.871930631704553,5.944034087141309,5.867424488067628,5.867424488067627
2008-04-09,5.921501636505127,5.98459194040563,5.876436765344371,5.921501636505127
2008-04-10,5.880945667157533,5.948542570895296,5.880945667157533,5.907984256744385
2008-04-11,5.926006794057664,5.935019938698731,5.8809423601635045,5.912487506866455
2008-04-14,5.889957924920002,5.935022810389424,5.880945205688477,5.880945205688477
2008-04-15,5.939527943504382,5.939527943504382,5.862917914660207,5.867424488067627
2008-04-16,5.862918415690285,5.9440345951033695,5.862918415690285,5.935021877288818
2008-04-17,5.898969143519667,5.944033584471421,5.885449854211187,5.889955997467041
2008-04-18,6.034163325915846,6.034163325915846,5.853904272797455,5.889955997467041
2008-04-21,5.8899565333173545,5.993605573499933,5.8899565333173545,5.966566562652588
2008-04-22,6.007127759412285,6.0206470564668715,5.926011117543355,5.989101886749268
2008-04-23,5.948543097204353,5.998114565450569,5.926010650707951,5.957556247711182
2008-04-24,5.944036022415569,5.975581616767714,5.912490857834057,5.91699743270874
2008-04-25,5.957552849824214,5.971072138103068,5.885449405976426,5.926007270812988
2008-04-28,5.950444073354324,5.991169616327948,5.878043299864614,5.90519380569458
2008-04-29,5.909718414675248,5.9504435223350205,5.8870930671691895,5.8870930671691895
2008-04-30,5.887090806310046,5.918766021728516,5.8780404981662295,5.918766021728516
2008-05-01,5.909717008679125,5.909717008679125,5.8870916665559205,5.8916168212890625
2008-05-02,5.959496220119595,5.959496220119595,5.882570266723633,5.882570266723633
2008-05-05,5.8870916665559205,5.918766886602902,5.855416014966432,5.8916168212890625
2008-05-06,5.864468262720956,5.923293999067008,5.850893225577297,5.90519380569458
2008-05-07,5.941396021176003,5.941396021176003,5.8735199514804455,5.882570266723633
2008-05-08,5.873517599739988,5.914243138942371,5.868992875472864,5.8870930671691895
2008-05-09,5.873517207959925,5.932342934934792,5.873517207959925,5.914242744445801
2008-05-12,5.973069422955521,5.973069422955521,5.896143493237041,5.90519380569458
2008-05-13,5.905193258865514,5.93686848644843,5.8870930671691895,5.8870930671691895
2008-05-14,5.90519380569458,5.936869036210665,5.90519380569458,5.90519380569458
2008-05-15,5.950442181460058,5.950442181460058,5.905191928187262,5.909717082977295
2008-05-16,5.8916168953596735,5.950442181460058,5.8916168953596735,5.909717082977295
2008-05-19,5.945916514617521,5.9549663912188935,5.918766021728516,5.918766021728516
2008-05-20,5.923292650442478,6.108819698154433,5.923292650442478,5.932342529296875
2008-05-21,5.954967873746699,5.964018184143648,5.927817805640952,5.932342529296875
2008-05-22,5.932342529296876,5.950442718548223,5.927817805640952,5.932342529296875
2008-05-23,5.968542923770278,5.968542923770278,5.927817821502686,5.9278178215026855
2008-05-27,5.950442718548223,5.9594930289451735,5.932342529296876,5.932342529296875
2008-05-28,5.925071866959461,5.984140887130373,5.925071866959461,5.961421966552734
2008-05-29,5.9614275011605695,5.975058692831446,5.9432524344901445,5.970515251159668
2008-05-30,5.956881495989195,5.984144302909579,5.956881495989195,5.979600429534912
2008-06-02,5.952332973480225,5.984139193289587,5.952332973480225,5.952332973480225
2008-06-03,5.970510080143852,6.011403619738882,5.943247287086439,5.988685131072998
2008-06-04,5.979595723196891,5.979595723196891,5.9341583251953125,5.9341583251953125
2008-06-05,5.938708559490595,5.970515251159668,5.934165117818817,5.970515251159668
2008-06-06,5.9432467520561,5.96596567200415,5.9432467520561,5.947790622711182
2008-06-09,5.970508416927484,5.970508416927484,5.9341583251953125,5.9341583251953125
2008-06-10,5.9432486084753275,5.961423663445413,5.906898498535156,5.906898498535156
2008-06-11,5.9432484664338485,5.9432484664338485,5.870548248291016,5.870548248291016
2008-06-12,5.838745177916343,5.902357686628779,5.838745177916343,5.85692024230957
2008-06-13,5.852372005455232,5.897809415904883,5.834196954609893,5.838740825653076
2008-06-16,5.947791537430436,5.947791537430436,5.816022301459603,5.884178638458252
2008-06-17,5.834200859069824,5.906901111104839,5.834200859069824,5.834200859069824
2008-06-18,5.825111840262748,5.89781207643957,5.820568400497388,5.847830772399902
2008-06-19,5.806932748863676,5.856914451523459,5.802389312253294,5.816020488739014
2008-06-20,5.797852321482573,5.875096468764178,5.779677253494419,5.7842206954956055
2008-06-23,5.806937048772387,5.806937048772387,5.7296929359436035,5.7296929359436035
2008-06-24,5.729692392141007,5.756955196039739,5.68879883628426,5.711517333984375
2008-06-25,5.711518858039708,5.779675669309642,5.711518858039708,5.770587921142578
2008-06-26,5.749596788670509,5.840860139961885,5.653770161020067,5.772412300109863
2008-06-27,5.749594470767192,5.776973247528076,5.745031196247775,5.776973247528076
2008-06-30,5.758721757810065,5.790663815597685,5.731342975471504,5.749595642089844
2008-07-01,5.6492062951760085,5.758722305297852,5.6492062951760085,5.758722305297852
2008-07-02,5.7587236131320605,5.8043555119683585,5.731344821972712,5.795228958129883
2008-07-03,5.767847133667051,5.831731236227654,5.763283859147634,5.776973247528076
2008-07-07,5.808918764449552,5.8591139437543145,5.786103248596191,5.786103248596191
2008-07-08,5.75872402032286,5.799792645143822,5.75872402032286,5.786103248596191
2008-07-09,5.745034217552386,5.813481630628795,5.745034217552386,5.795228958129883
2008-07-10,5.836297580046944,5.836297580046944,5.767850166970535,5.795228958129883
2008-07-11,5.77697598544451,5.804355210359202,5.73590736566148,5.763286590576172
2008-07-14,5.754157310108799,5.790662635908518,5.749594470767192,5.776973247528076
2008-07-15,5.754155007686566,5.786097481363467,5.640075801414747,5.649202346801758
2008-07-16,5.681149592376687,5.740470886230469,5.658333643174766,5.740470886230469
2008-07-17,5.735905815742664,5.790663815597685,5.722216424573384,5.749595642089844
2008-07-18,5.776973247528076,5.799789184947353,5.7267785333479155,5.776973247528076
2008-07-21,5.80435245946677,5.80435245946677,5.776973247528076,5.776973247528076
2008-07-22,5.790663999281927,5.795227274875738,5.763285216074891,5.767848491668701
2008-07-23,5.7860980202134975,5.799787404391248,5.754155543561844,5.790660858154297
2008-07-24,5.74959325689256,5.845419825680026,5.74959325689256,5.840856552124023
2008-07-25,5.840857647482136,5.909305022947499,5.840857647482136,5.900178909301758
2008-07-28,5.891057573067059,5.900184129966059,5.840862815657115,5.84998893737793
2008-07-29,6.044282201396523,6.044282201396523,5.7784987800777206,5.78766393661499
2008-07-30,5.819740043077486,5.838069915771484,5.77849772026133,5.838069915771484
2008-07-31,5.856401391509957,5.856401391509957,5.7647520029532195,5.810576915740967
2008-08-01,5.764751572450956,5.902225863529084,5.764751572450956,5.796828746795654
2008-08-04,5.815157717783306,5.819740295410157,5.815157717783306,5.819740295410156
2008-08-05,5.819739474792302,5.856399216600553,5.778497156003371,5.828904628753662
2008-08-06,5.815159057404736,5.856401391509957,5.80599433705844,5.810576915740967
2008-08-07,5.783079956795552,5.86556459756566,5.778497379637521,5.847234725952148
2008-08-08,5.838065386126184,5.865560392343641,5.783075810709567,5.856395244598389
2008-08-11,5.815153500192837,5.865560943491579,5.805988788604735,5.805988788604736
2008-08-12,5.778495722837612,5.870145491646125,5.778495722837612,5.865562915802002
2008-08-13,5.8609795570373535,5.874726845714848,5.8243198292184175,5.8609795570373535
2008-08-14,5.8243206072418685,5.879310206315884,5.819738031397745,5.865562915802002
2008-08-15,5.906802683160678,5.906802683160678,5.838065386126184,5.856395244598389
2008-08-18,5.856397764113756,5.9159699390318945,5.847233049443997,5.865562915802002
2008-08-19,5.8426504135131845,5.906805163615669,5.8426504135131845,5.842650413513184
2008-08-20,5.842654964275836,5.893062026248694,5.842654964275836,5.883897304534912
2008-08-21,5.865564888096878,5.911389350891113,5.847235015575457,5.911389350891113
2008-08-22,5.860982413784278,5.95721435546875,5.8472351184061075,5.95721435546875
2008-08-25,5.920558377811753,5.957218146830736,5.870151304665381,5.8747334480285645
2008-08-26,5.870146844802109,5.929718596433935,5.870146844802109,5.879311561584473
2008-08-27,5.968590277471657,5.968590277471657,5.844340310321092,5.9317755699157715
2008-08-28,5.917965916733978,5.93637325866528,5.908762465201153,5.913364410400391
2008-08-29,5.8673482024808985,5.890357498891244,5.853542800181022,5.871950149536133
2008-09-02,5.871946800692896,5.894956083980765,5.844335572974338,5.867344856262207
2008-09-03,5.858142881169953,5.959383497391051,5.858142881169953,5.890356063842773
2008-09-04,5.876550180811394,5.913364867519874,5.867346289701432,5.904160976409912
2008-09-05,5.894961322535972,5.922572135925293,5.871952018800894,5.922572135925293
2008-09-08,5.936373259987704,5.982391834259033,5.871947782646623,5.982391834259033
2008-09-09,5.922567863252565,5.982391834259033,5.922567863252565,5.982391834259033
2008-09-10,6.023807000705921,6.023807000705921,5.917964481127458,5.927168369293213
2008-09-11,6.028411369805049,6.028411369805049,5.890356063842773,5.890356063842773
2008-09-12,5.899557584507965,5.917964923349427,5.8535394568371,5.881150245666504
2008-09-15,5.927174608843481,5.927174608843481,5.821331977844238,5.821331977844238
2008-09-16,5.8029246210008045,5.9133692009274075,5.733897142554432,5.821331977844238
2008-09-17,5.752300266241151,5.761504157322664,5.5682268332677065,5.683272838592529
2008-09-18,5.664869336260586,5.669470846055634,5.4117678651618215,5.55442476272583
2008-09-19,5.715485094959736,5.917965854059675,5.715485094959736,5.7661051750183105
2008-09-22,5.743099737847494,5.779914884863794,5.628053665161133,5.628053665161133
2008-09-23,5.623449807105881,5.655662553567009,5.568227767944336,5.568227767944336
2008-09-24,5.568227757301074,5.614245903748189,5.568227757301074,5.582033157348633
2008-09-25,5.582033152792064,5.65566253813995,5.582033152792064,5.6372551918029785
2008-09-26,5.380260263991531,5.606748770877557,5.371015619232628,5.407993316650391
2008-09-29,5.366391649103892,5.389502813095947,5.246214389801025,5.246214389801025
2008-09-30,5.223103840569168,5.278570376193247,5.199992673856925,5.2693257331848145
2008-10-01,5.26470380727784,5.352525711059569,5.26470380727784,5.35252571105957
2008-10-02,5.334038393936311,5.334038393936311,5.264705315343493,5.287816047668457
2008-10-03,5.463459992696916,5.463459992696916,5.199993782127958,5.223104953765869
2008-10-06,5.176882199461705,5.195371047142291,4.742394058563507,4.89954948425293
2008-10-07,4.991994517504191,5.047461069377585,4.913416792147972,4.996616840362549
2008-10-08,4.811729295946507,4.987373648484412,4.418840995445936,4.807106971740723
2008-10-09,5.1861269822739775,5.1861269822739775,4.636082977664436,4.85332727432251
2008-10-10,4.640708028034397,4.6823080710847815,4.0675529568737385,4.5205302238464355
2008-10-13,4.871816860199723,5.176883121678746,4.50203939990646,5.1214165687561035
2008-10-14,5.153771290004146,5.153771290004146,4.982749330117247,5.0289716720581055
2008-10-15,5.079816201868788,5.079816201868788,4.74701690673828,4.747016906738281
2008-10-16,4.696173835656498,4.899551692620008,4.640707267614386,4.807106971740723
2008-10-17,4.747019814468347,5.065952777862549,4.6961751159612755,5.065952777862549
2008-10-20,5.065949578380426,5.260082717250451,4.85332759013273,5.139904975891113
2008-10-21,5.186128436433906,5.357150440204623,5.112173022998897,5.2323503494262695
2008-10-22,5.236968898877457,5.343280059682518,5.209235859230027,5.250835418701172
2008-10-23,5.250835418701172,5.431101939644335,5.250835418701172,5.250835418701172
2008-10-24,5.463460492601912,5.463460492601912,5.130661177477118,5.172260761260986
2008-10-27,5.139903424858403,5.213858800052094,4.973503830672598,5.084436893463135
2008-10-28,5.107549904508409,5.236971857876202,5.056705235078623,5.116794109344482
2008-10-29,5.146520126624637,5.146520126624637,5.076847196925386,5.109361171722412
2008-10-30,5.109363333283716,5.169746771288,5.044334913209134,5.118653297424316
2008-10-31,5.109361171722412,5.123295669068325,5.0722022168201875,5.109361171722412
2008-11-03,5.0814900398254395,5.179032374664305,5.062910568568967,5.0814900398254395
2008-11-04,5.114008991747631,5.225485918359857,5.100074043693655,5.202261447906494
2008-11-05,5.281220804153269,5.309090238412463,5.2069029034215895,5.285865783691406
2008-11-06,5.230127358142647,5.415922109971844,5.230127358142647,5.285865783691406
2008-11-07,5.276579385763021,5.388056755065918,5.25799989804086,5.388056755065918
2008-11-10,5.299802448837879,5.411279345569045,5.299802448837879,5.369475841522217
2008-11-11,5.36018763687206,5.397346614637867,5.36018763687206,5.374122142791748
2008-11-12,5.31373584809877,5.41592320372655,5.2765768902286165,5.299801349639893
2008-11-13,5.38340933787938,5.397343836626987,5.248708002066571,5.295156478881836
2008-11-14,5.2951570008702085,5.406634330749512,5.2951570008702085,5.406634330749512
2008-11-17,5.415923587082355,5.480951989442894,5.295156743971249,5.360185146331787
2008-11-18,5.778225349659809,5.782870331812264,5.253354769589041,5.262644290924072
2008-11-19,5.24870785560225,5.295156331121379,5.127941021907026,5.1325860023498535
2008-11-20,5.244063459498232,5.2487084404586435,4.970015784410665,4.997885227203369
2008-11-21,4.997884738434222,5.248707927160193,4.849248463025325,4.942146301269531
2008-11-24,4.909632375313232,5.248708455937208,4.904987837308889,5.127941608428955
2008-11-25,5.153143223908104,5.269835779200539,5.1344724328671845,5.1671462059021
2008-11-26,5.153147325724996,5.25583698076264,5.153147325724996,5.2184953689575195
2008-11-28,5.274508476257324,5.274508476257324,5.1064707560178135,5.274508476257324
2008-12-01,5.1811528094547015,5.274506821891885,5.10646915435791,5.10646915435791
2008-12-02,5.134475199402352,5.134475199402352,4.877751350402832,4.877751350402832
2008-12-03,4.770395924913828,5.017784232185,4.733054310425619,4.901091575622559
2008-12-04,4.8544161687351535,4.9664414996654465,4.8544161687351535,4.905761241912842
2008-12-05,4.835742558513025,4.938432200348076,4.695711754820854,4.831075191497803
2008-12-08,4.765728208175766,4.966439723968506,4.765728208175766,4.966439723968506
2008-12-09,4.882419554653497,5.017782984809929,4.803068532305204,4.994444370269775
2008-12-10,4.9711051024055966,5.25116754978633,4.80306790106535,5.157813549041748
2008-12-11,5.134476229845433,5.251168871432829,4.966438986212538,5.022451400756836
2008-12-12,4.971107704222232,4.971107704222232,4.807738228700387,4.919763088226318
2008-12-15,4.98977851414322,5.087800377515216,4.90109227830533,4.919763088226318
2008-12-16,4.901091575622559,5.045790665624736,4.803069726304221,4.901091575622559
2008-12-17,4.947767648536669,5.1204726860696645,4.672372972824279,5.064460277557373
2008-12-18,5.0597933135639375,5.2324983800416645,4.709715367830054,4.999113082885742
2008-12-19,4.817069916127283,5.134473899643139,4.8077347405134105,5.050455093383789
2008-12-22,5.251167966726039,5.251167966726039,5.003779733823668,5.087798118591309
2008-12-23,5.181154205869751,5.181154205869751,5.087799723124796,5.111138343811035
2008-12-24,5.087799723124796,5.17648639270307,5.087799723124796,5.111138343811035
2008-12-26,5.073796026272808,5.167150050945144,5.073796026272808,5.092466831207275
2008-12-29,5.122487508707636,5.277287918528918,5.1177964787466905,5.145942211151123
2008-12-30,5.122488062833696,5.235070109907531,5.089651744277482,5.202233791351318
2008-12-31,5.164707703689098,5.3476534630241,5.164707703689098,5.324199199676514
2009-01-02,5.305432048635754,5.464922992888759,5.305432048635754,5.418014049530029
2009-01-05,5.507144797413756,6.154492378234862,5.446162730304371,6.154492378234863
2009-01-06,5.990307297457168,5.990307297457168,5.64786977662354,5.657251834869385
2009-01-07,5.441471938079992,5.629108716347013,5.441471938079992,5.4883809089660645
2009-01-08,5.535289723974381,5.605653396315897,5.4508529592755055,5.558744430541992
2009-01-09,5.647871439858093,5.65725350086685,5.52590733091201,5.619725704193115
2009-01-12,5.680710175241344,5.713546955379472,5.624419127326457,5.699473857879639
2009-01-13,5.722926139831543,5.746380844997669,5.60096203085672,5.722926139831543
2009-01-14,5.736999092015643,5.736999092015643,5.5634349802454315,5.661944389343262
2009-01-15,5.464927398584529,5.704164678873156,5.464927398584529,5.633800983428955
2009-01-16,5.619725705517363,5.793290255329922,5.619725705517363,5.722926139831543
2009-01-20,5.840196243378727,5.840196243378727,5.7557599740972485,5.769832611083984
2009-01-21,5.769837195899795,5.812055587768555,5.722927772187524,5.812055587768555
2009-01-22,5.816744513134757,5.816744513134757,5.722926139831543,5.722926139831543
2009-01-23,5.769840598158962,5.7745316327686,5.652567417088095,5.737003803253174
2009-01-26,5.74638271331787,5.74638271331787,5.7182369684952405,5.746382713317871
2009-01-27,5.708856056255925,5.840201837792634,5.657256039635449,5.732310771942139
2009-01-28,5.7671710324897525,5.82371187210083,5.7577477838945645,5.82371187210083
2009-01-29,5.837850635501413,5.837850635501413,5.720057042407456,5.738903999328613
2009-01-30,5.724766427063691,5.7765958773409345,5.658802325760638,5.682361125946045
2009-02-02,5.691787242889404,5.767175081971866,5.663517027906964,5.691787242889404
2009-02-03,5.635249960191985,5.762466907501221,5.630538104905319,5.762466907501221
2009-02-04,5.734195503591173,5.771889439493151,5.729483649266635,5.757754325866699
2009-02-05,5.80958013358904,5.870832857586889,5.705921643027534,5.833138942718506
2009-02-06,5.889678697417041,5.946219558990626,5.851984789701318,5.875543594360352
2009-02-09,5.866119965363324,5.950931483446831,5.851984862131683,5.922660827636719
2009-02-10,5.960353813816091,5.960353813816091,5.894389709374487,5.941506862640381
2009-02-11,5.98391408893861,5.98391408893861,5.903814414376895,5.960355281829834
2009-02-12,5.998047716167511,5.998047716167511,5.908524810419578,5.941506862640381
2009-02-13,5.908526546217429,6.007473181294987,5.899103292534606,5.974491119384766
2009-02-17,6.002758088875902,6.002758088875902,5.6917832463416485,5.82371187210083
2009-02-18,5.804872672157266,5.804872672157266,5.7106378137158655,5.724772930145264
2009-02-19,5.644673188133261,5.790737555727869,5.644673188133261,5.724772930145264
2009-02-20,5.545725409344166,5.748330187328709,5.545725409344166,5.611689567565918
2009-02-23,5.555145486985758,5.649380265733171,5.545722233784451,5.55043363571167
2009-02-24,5.522165438996963,5.795446621619531,5.522165438996963,5.781311511993408
2009-02-25,5.603366640333655,6.010367765740769,5.603366640333655,5.8163323402404785
2009-02-26,5.8636580727627905,5.8636580727627905,5.6790875644385395,5.769006252288818
2009-02-27,5.816334410972017,5.821067094091916,5.683822442949377,5.750078201293945
2009-03-02,5.679087387316692,5.726413296077657,5.584436021128076,5.636494159698486
2009-03-03,5.674355433942385,5.693285709608024,5.608099694779336,5.679088115692139
2009-03-04,5.645954923264677,5.759536470177054,5.636489568688839,5.655419826507568
2009-03-05,5.45192156933538,5.702747685751053,5.437723532519567,5.622293949127197
2009-03-06,5.57970468801414,5.679088759356211,5.57970468801414,5.584437370300293
2009-03-09,5.54184524251687,5.560775524120109,5.513449594445255,5.518182277679443
2009-03-10,5.579703129567664,5.773738535770334,5.5276449929604325,5.735877990722656
2009-03-11,5.896785004503406,5.896785004503406,5.636493442122185,5.650691032409668
2009-03-12,5.6175662332713046,5.750078201293944,5.598635952125213,5.750078201293945
2009-03-13,5.750077427591134,5.806868714721349,5.617565477398665,5.683821678161621
2009-03-16,5.830529508389155,5.830529508389155,5.645959459206908,5.698017597198486
2009-03-17,5.750076697695295,5.754809379577636,5.612832082441116,5.754809379577637
2009-03-18,5.683817827307617,5.773736476898194,5.669619789477681,5.773736476898193
2009-03-19,5.6601576805114755,5.85892579506567,5.655424998895099,5.660157680511475
2009-03-20,5.645961120963773,5.702751956760546,5.641228438480681,5.683821678161621
2009-03-23,5.868389898389526,5.868389898389526,5.6317612661748955,5.735877990722656
2009-03-24,5.750075160932216,5.750075160932216,5.645958895347112,5.674354076385498
2009-03-25,5.769001373419945,5.769001373419945,5.61282663358219,5.655419826507568
2009-03-26,5.679088061167786,5.82579803466797,5.660157785683895,5.825798034667969
2009-03-27,5.727876261856443,5.8799856914641095,5.727876261856443,5.780163764953613
2009-03-30,5.870480956244176,5.870480956244176,5.689850724155832,5.727878093719482
2009-03-31,5.761148935297187,5.761148935297187,5.7041079105899,5.718368053436279
2009-04-01,5.7041079105899,5.784916142255665,5.7041079105899,5.718368053436279
2009-04-02,5.751642832989468,5.851464748382568,5.71836855897723,5.851464748382568
2009-04-03,5.884737915495013,5.884737915495013,5.832450424028438,5.837203502655029
2009-04-06,5.879983901977539,6.155682385897587,5.813435820116186,5.879983901977539
2009-04-07,5.91801276939948,5.91801276939948,5.799177169799805,5.799177169799805
2009-04-08,5.8657252687714845,5.8657252687714845,5.794423637018577,5.799177169799805
2009-04-09,5.9845624593363445,5.9845624593363445,5.803932245526602,5.808685779571533
2009-04-13,5.775409588727314,5.898998713180068,5.765902977096537,5.851464748382568
2009-04-14,6.017837424634698,6.017837424634698,5.789673187360417,5.822947025299072
2009-04-15,5.86097076181098,5.884737968444824,5.799176205891689,5.884737968444824
2009-04-16,5.846711623126586,5.946533545472229,5.8419580903192125,5.889492511749268
2009-04-17,5.894245940274526,5.975054189497739,5.889492860507529,5.92276668548584
2009-04-20,5.998818384480958,5.998818384480958,5.89424297573208,5.913256645202637
2009-04-21,5.889492520004088,5.989314442489644,5.889492520004088,5.979807376861572
2009-04-22,5.984561662591022,5.989315196003099,5.941780768526131,5.960794448852539
2009-04-23,5.98931428353832,6.051108395193465,5.95604000804498,6.008327960968018
2009-04-24,6.008325458938738,6.060612936766027,5.9750511973017,5.998818397521973
2009-04-27,5.92276539287569,6.036847442179452,5.92276539287569,6.022587299346924
2009-04-28,6.0197256081995105,6.0865585721013336,5.952893099560009,6.014952182769775
2009-04-29,6.005404561225484,6.105653781781427,5.986309493274939,6.029273509979248
2009-04-30,6.005400985902689,6.0388172211061635,5.991079807281494,5.991079807281494
2009-05-01,5.991079807281494,6.0244960424849685,5.94811581615585,5.991079807281494
2009-05-04,5.995854456187292,6.072234692337353,5.9290215219249305,6.019722938537598
2009-05-05,6.034045888696701,6.0865571986732085,6.029272009081868,6.038819313049316
2009-05-06,6.0292736139773995,6.115201648868178,5.948119459972184,6.086558818817139
2009-05-07,6.134298502746031,6.134298502746031,6.048370442842944,6.072239398956299
2009-05-08,6.048366215449674,6.086556336433777,5.99108103397352,6.062687397003174
2009-05-11,6.029270941283316,6.086556120729311,6.029270941283316,6.057913303375244
2009-05-12,6.02450148672959,6.100881782082347,5.991085221328376,6.072239398956299
2009-05-13,6.024495920983374,6.13429283556365,6.024495920983374,6.053138732910156
2009-05-14,6.100879758620819,6.134296468201279,6.034047249984542,6.124748706817627
2009-05-15,6.1342990673459,6.205905487014135,6.077013385296296,6.129525184631348
2009-05-18,6.110423344001407,6.1533873303406255,6.05313818063645,6.148613452911377
2009-05-19,6.134298805580945,6.2154529872152455,6.0674658162166715,6.167715072631836
2009-05-20,6.134298075702505,6.224999556304038,6.134298075702505,6.205904483795166
2009-05-21,6.167710235570137,6.229769293753405,6.1151989349206675,6.177257537841797
2009-05-22,6.1963567199095095,6.205904483795166,6.1056552393079775,6.205904483795166
2009-05-26,6.159882540274741,6.3132802425723575,6.116739322213234,6.294105529785156
2009-05-27,6.356421599434235,6.356421599434235,6.140706029450764,6.231785774230957
2009-05-28,6.265340733510529,6.29889681037744,6.14070537867682,6.222197532653809
2009-05-29,6.207817591976313,6.207817591976313,6.1167378425598145,6.1167378425598145
2009-06-01,6.13591393045834,6.1646757705685,6.073596000671387,6.073596000671387
2009-06-02,6.145499312641978,6.231785722787503,6.092768982642533,6.203023433685303
2009-06-03,6.126328168561902,6.25575785905358,6.126328168561902,6.135915756225586
2009-06-04,6.131120742959889,6.241375693356661,6.131120742959889,6.188644886016846
2009-06-05,6.18864220812575,6.20781691418097,6.145499005211241,6.198229789733887
2009-06-08,6.064008692590814,6.217406856436393,6.064008692590814,6.1838507652282715
2009-06-09,6.351630867700132,6.351630867700132,6.183851756254854,6.212614059448242
2009-06-10,6.212614628889687,6.270138783387764,6.11674103805956,6.135915756225586
2009-06-11,6.135915518718752,6.155090236142569,6.049629061730912,6.054422855377197
2009-06-12,6.073597284563307,6.073597284563307,5.87705632600619,5.929786682128906
2009-06-15,5.968131815112026,6.064005328604237,5.87705209158467,5.9441633224487305
2009-06-16,5.905816138992463,6.0975636952788905,5.905816138992463,5.9489593505859375
2009-06-17,5.944167605223955,6.016073135021807,5.896231042520023,5.929786682128906
2009-06-18,5.929784214378751,6.040039131320376,5.9058157144209105,5.977721214294434
2009-06-19,5.9537546931800245,6.107152412437074,5.920199056382861,6.064009189605713
2009-06-22,6.107147671765579,6.107147671765579,5.924987792968751,5.92498779296875
2009-06-23,5.9441682082499625,6.087978825273712,5.9441682082499625,6.0592169761657715
2009-06-24,6.0400400161743155,6.087976565951496,5.953753586549741,6.040040016174316
2009-06-25,6.035248463801588,6.0927726191788185,6.006486157532299,6.0592169761657715
2009-06-26,6.109287120674706,6.133358478546142,5.950416801495378,6.133358478546143
2009-06-29,6.114097986875738,6.114097986875738,6.046698774334894,6.094841003417969
2009-06-30,6.070768407446322,6.114096726072136,6.027440547943115,6.027440547943115
2009-07-01,6.046699131128602,6.2296402552107555,6.022627785605351,6.065956115722656
2009-07-02,6.06114092743051,6.167054557801663,6.017812603227645,6.041883945465088
2009-07-06,6.123728116886832,6.133356381269281,6.032257080078125,6.032257080078125
2009-07-07,6.162238960334006,6.162238960334006,6.027440113639682,6.090024948120117
2009-07-08,6.0611383226002795,6.142980575561523,6.02262437522116,6.142980575561523
2009-07-09,6.070772872806077,6.138172580146851,6.070772872806077,6.128543853759766
2009-07-10,6.080396742585648,6.133353318047681,6.075582383237488,6.099653720855713
2009-07-13,6.056325913681078,6.147796912489112,6.041883293546037,6.109282493591309
2009-07-14,6.090023459151409,6.157423095581112,6.041881255235159,6.12372350692749
2009-07-15,6.171866034327725,6.258522648690326,6.133352085527123,6.191123008728027
2009-07-16,6.186309109469816,6.244080032670721,6.142980802288516,6.191123008728027
2009-07-17,6.195939451587378,6.2344534133451015,6.195939451587378,6.229639053344727
2009-07-20,6.210380368119295,6.253708677986583,6.1622381586953745,6.171866416931152
2009-07-21,6.157422511407278,6.248893011555784,6.157422511407278,6.244079113006592
2009-07-22,6.195939451587378,6.248896034223588,6.195939451587378,6.229639053344727
2009-07-23,6.186311190709267,6.2344534133451015,6.186311190709267,6.229639053344727
2009-07-24,6.244079322890809,6.244079322890809,6.210379277179185,6.239264965057373
2009-07-27,6.210384236213847,6.244084308835212,6.18149898439302,6.234455585479736
2009-07-28,6.186311749647011,6.248896598815918,6.186311749647011,6.248896598815918
2009-07-29,6.190854686626479,6.2827499815597125,6.190854686626479,6.273077011108398
2009-07-30,6.273078133217964,6.28275110539955,6.253731727600097,6.253731727600098
2009-07-31,6.253730608951159,6.287586697412674,6.248893893098196,6.273077011108398
2009-08-03,6.239221223217773,6.335953707069874,6.239221223217773,6.321443557739258
2009-08-04,6.277914517041956,6.326280762702884,6.268241544662592,6.306934356689453
2009-08-05,6.292424828668026,6.31660795211792,6.287588111727104,6.31660795211792
2009-08-06,6.282751233858989,6.3117710735064865,6.282751233858989,6.306934356689453
2009-08-07,6.505236445649702,6.505236445649702,6.287589218788743,6.311772346496582
2009-08-10,6.360138590390988,6.369812026660063,6.297263099661315,6.340792179107666
2009-08-11,6.302097809092839,6.360137028691566,6.277914685613023,6.287588119506836
2009-08-12,6.287587198113847,6.35529984168367,6.215038299560547,6.215038299560547
2009-08-13,6.248897834580768,6.384322735100487,6.219877982413378,6.282753944396973
2009-08-14,6.302098910911528,6.350465166327206,6.258569373288377,6.311772346496582
2009-08-17,6.3262826601137965,6.3553025084650745,6.29726327301736,6.33595609664917
2009-08-18,6.3166095109446365,6.360138590390988,6.311772792810099,6.340792179107666
2009-08-19,6.340792179107666,6.355302333511279,6.335955922227957,6.340792179107666
2009-08-20,6.263406880037945,6.350465966250465,6.263406880037945,6.302099704742432
2009-08-21,6.369811108311686,6.369811108311686,6.29726219177246,6.297262191772461
2009-08-24,6.355300111589361,6.384319487741256,6.292424181587362,6.321443557739258
2009-08-25,6.3553032875061035,6.384322678159773,6.287590607222711,6.3553032875061035
2009-08-26,6.35046259208655,6.379481964568749,6.28758667003564,6.374645709991455
2009-08-27,6.355211102717536,6.432950614387078,6.3406350601205075,6.384363651275635
2009-08-28,6.389223098754882,6.389223098754882,6.360071008653539,6.389223098754883
2009-08-31,6.394083638747927,6.4718231842192075,6.340637817077482,6.345496654510498
2009-09-01,6.345500338819818,6.374652453615659,6.340641498565674,6.340641498565674
2009-09-02,6.3212066009136105,6.364935236471882,6.296912863007402,6.340641498565674
2009-09-03,6.316341346882766,6.384363651275635,6.316341346882766,6.384363651275635
2009-09-04,6.340638533543277,6.462106702908611,6.340638533543277,6.408660411834717
2009-09-08,6.398941653196992,6.515550956406497,6.398941653196992,6.510692119598389
2009-09-09,6.505834134972711,6.505834134972711,6.466964364913175,6.471822738647461
2009-09-10,6.379505150596023,6.4961144242171445,6.379505150596023,6.4669623374938965
2009-09-11,6.486404841561716,6.486404841561716,6.418382453636582,6.447535037994385
2009-09-14,6.457245868203987,6.457245868203987,6.413517266616027,6.423234939575195
2009-09-15,6.447525251299862,6.486394995866832,6.403796672821045,6.403796672821045
2009-09-16,6.403803867977396,6.515554393326597,6.403803867977396,6.496119499206543
2009-09-17,6.481540202875088,6.534986019134522,6.452387644592728,6.5349860191345215
2009-09-18,6.46210841965612,6.54470683383709,6.46210841965612,6.491260528564453
2009-09-21,6.515549452802372,6.5252671241760245,6.515549452802372,6.525267124176025
2009-09-22,6.4912576331213945,6.58357368467026,6.4912576331213945,6.578714847564697
2009-09-23,6.578714624875965,6.6175843936763155,6.510692297793255,6.5349860191345215
2009-09-24,6.5592759674775145,6.583569674844661,6.534982260110367,6.554417133331299
2009-09-25,6.549564793011039,6.603011094883005,6.525271524921296,6.583576202392578
2009-09-28,6.5884551591098335,6.632378267971934,6.559172931393359,6.5982160568237305
2009-09-29,6.573812503966922,6.6372569257106,6.554291179232336,6.568932056427002
2009-09-30,6.617738120574191,6.632379003343139,6.544532775878905,6.544532775878906
2009-10-01,6.539648868768497,6.61773462157553,6.539648868768497,6.5738115310668945
2009-10-02,6.539652868797052,6.6274991035461435,6.539652868797052,6.627499103546143
2009-10-05,6.5835721596991075,6.637256145477295,6.5835721596991075,6.637256145477295
2009-10-06,6.61773531743288,6.6372566413310565,6.5933335462038904,6.632376194000244
2009-10-07,6.637255026345884,6.695818983790558,6.627494134059291,6.676297664642334
2009-10-08,6.666536772355741,6.681177645360669,6.6470154532075165,6.676297664642334
2009-10-09,6.637257336783433,6.651898214884869,6.559171567583819,6.583573341369629
2009-10-12,6.564049806728556,6.564049806728556,6.432281017303467,6.432281017303467
2009-10-13,6.403000687587957,6.61773572925598,6.403000687587957,6.539649963378906
2009-10-14,6.534771398420795,6.5396513816885795,6.398121627568348,6.442044734954834
2009-10-15,6.43715912553129,6.4664413287882,6.2956294848766925,6.300509929656982
2009-10-16,6.290757564657985,6.466449613005354,6.290757564657985,6.398124694824219
2009-10-19,6.3639616310538045,6.588457229337121,6.3639616310538045,6.564055442810059
2009-10-20,6.588455889611023,6.588455889611023,6.520130994313811,6.544532775878906
2009-10-21,6.4713261504390704,6.564052336855629,6.4713261504390704,6.515249252319336
2009-10-22,6.559170352006715,6.559170352006715,6.383478451074182,6.427401542663574
2009-10-23,6.4225187752963135,6.4810827211149125,6.383476144750581,6.4127583503723145
2009-10-26,6.417642956915096,6.466446512994572,6.403002076261336,6.442044734954834
2009-10-27,6.490843903860993,6.505484774618963,6.442040380767909,6.456681251525879
2009-10-28,6.486102094689583,6.5694458504794015,6.456686926496511,6.500810146331787
2009-10-29,6.446880340576171,6.520419182254786,6.402757596623698,6.446880340576172
2009-10-30,6.388044999872656,6.461583789196259,6.37824010848999,6.37824010848999
2009-11-02,6.564543662837836,6.564543662837836,6.40766105078827,6.4713945388793945
2009-11-03,6.422365326825943,6.466488053368933,6.422365326825943,6.456683158874512
2009-11-04,6.432168309586514,6.584148103215306,6.432168309586514,6.486096382141113
2009-11-05,6.486100304346306,6.5939569822227,6.486100304346306,6.54983377456665
2009-11-06,6.476297194473782,6.5596409502636,6.476297194473782,6.500810146331787
2009-11-09,6.471392235453107,6.579248905181884,6.451781974370192,6.579248905181885
2009-11-10,6.510615075005369,6.56944587919433,6.461589638620737,6.4713945388793945
2009-11-11,6.471388992493572,6.520414854405639,6.417460918426515,6.417460918426514
2009-11-12,6.412561587955274,6.44687942869049,6.348828121200221,6.402756690979004
2009-11-13,6.446884982370855,6.579254712171989,6.412567112072449,6.427274703979492
2009-11-16,6.427271473430637,6.491004963054587,6.422369256956242,6.476297378540039
2009-11-17,6.491003506720653,6.544932083750614,6.456685661371099,6.505711555480957
2009-11-18,6.486101575486516,6.5694453246047875,6.422368560321373,6.544932842254639
2009-11-19,6.569439891843594,6.584147930145263,6.490998891082335,6.584147930145264
2009-11-20,6.515512323626691,6.5890506506303455,6.422363744919044,6.451778888702393
2009-11-23,6.5155161241393476,6.549833967752678,6.471392915181894,6.510613441467285
2009-11-24,6.471395912755389,6.535129414377122,6.471395912755389,6.515519142150879
2009-11-25,6.5155141876168745,6.623859985855913,6.5155141876168745,6.55491304397583
2009-11-27,6.510590838109049,6.5499892314380626,6.500741004943848,6.500741004943848
2009-11-30,6.535213753478909,6.594311332640091,6.525363922119141,6.525363922119141
2009-12-01,6.4810420826450486,6.599237267635714,6.461342885146604,6.540139675140381
2009-12-02,6.530287697396825,6.599234626211572,6.530287697396825,6.564761161804199
2009-12-03,6.579533965273733,6.62385724940914,6.579533965273733,6.599233150482178
2009-12-04,6.59924066890492,6.6238647958858055,6.594316219241668,6.6189398765563965
2009-12-07,6.604154527860951,6.62385370252104,6.579530442119497,6.589380264282227
2009-12-08,6.589386418031764,6.61401052676938,6.5746121406555185,6.574612140655518
2009-12-09,6.6090865565392996,6.623860836029053,6.574613081174585,6.623860836029053
2009-12-10,6.6238570727456665,6.648481171015884,6.604157888062614,6.638631343841553
2009-12-11,6.648481171015884,6.682954626794823,6.628781986332831,6.638631343841553
2009-12-14,6.692810603696556,6.692810603696556,6.64356236190409,6.658337116241455
2009-12-15,6.653408815642274,6.69280720118032,6.594311237335205,6.594311237335205
2009-12-16,6.68295851727921,6.722356909581089,6.609086649129657,6.653409957885742
2009-12-17,6.609086419696157,6.687883201564497,6.579537391662597,6.579537391662598
2009-12-18,6.579537527893917,6.628785752414263,6.574613081174585,6.623860836029053
2009-12-21,6.623862580907965,6.6878851017830785,6.599238462161229,6.678035736083984
2009-12-22,6.609083562225982,6.687880310026156,6.6041586480720555,6.628782749176025
2009-12-23,6.673106037230039,6.673106037230039,6.584459461122012,6.628782749176025
2009-12-24,6.692808350187621,6.692808350187621,6.618936012372186,6.653409957885742
2009-12-28,6.648481936126069,6.653406850279996,6.599233733918129,6.628782749176025
2009-12-29,6.658486626826541,6.688190121048643,6.643635115776002,6.683239459991455
2009-12-30,6.613935100991417,6.6832429758902325,6.613935100991417,6.643638610839844
2009-12-31,6.618888281593868,6.678294851759774,6.618888281593868,6.63869047164917
2010-01-04,6.628788760054309,6.6832446576716364,6.6238380951469,6.668393135070801
2010-01-05,6.683239459991455,6.683239459991455,6.638684454718814,6.683239459991455
2010-01-06,6.64858781276687,6.683241506536805,6.64858781276687,6.678290843963623
2010-01-07,6.653537134856383,6.683240634297659,6.653537134856383,6.658487796783447
2010-01-08,6.643635115776002,6.683239459991455,6.643635115776002,6.683239459991455
2010-01-11,6.643637150193688,6.683241506536805,6.643637150193688,6.678290843963623
2010-01-12,6.683239459991455,6.712942954213556,6.6634372878837285,6.683239459991455
2010-01-13,6.67333813787708,6.6931407821058295,6.6634372878837285,6.683239459991455
2010-01-14,6.693145605988566,6.747601500502001,6.6535407611080934,6.698095798492432
2010-01-15,6.722848464159257,6.752551978970393,6.668392571147082,6.73769998550415
2010-01-19,6.752546310424805,6.816903478388701,6.732744141214448,6.752546310424805
2010-01-20,6.742647296351895,6.856510162353516,6.722845120367411,6.856510162353516
2010-01-21,6.8317570319350915,6.8565098688865245,6.703042657484519,6.782251358032227
2010-01-22,6.782252564072968,6.906016298717078,6.782252564072968,6.807005405426025
2010-01-25,6.841662887987795,6.841662887987795,6.7822563191222525,6.7921576499938965
2010-01-26,6.782253340079015,6.851561209373349,6.782253340079015,6.8466105461120605
2010-01-27,6.821732147293442,6.881440905478141,6.781926308503643,6.85656213760376
2010-01-28,6.821734850537511,6.856564854649889,6.806807773706952,6.8267107009887695
2010-01-29,6.826706468698402,6.886415213526775,6.8167547739655445,6.866512298583984
2010-02-01,6.83168098097817,6.8466085211970835,6.811778068542481,6.8117780685424805
2010-02-02,6.786901424368693,6.901343079905163,6.786901424368693,6.881440162658691
2010-02-03,6.891388541701459,6.901339758273662,6.811776436510091,6.831679344177246
2010-02-04,6.871488401519996,6.871488401519996,6.791876264264912,6.796852111816406
2010-02-05,6.791875105299113,6.841632623277548,6.786899733119557,6.81675386428833
2010-02-08,6.811778068542481,6.841632674457446,6.806802696325706,6.8117780685424805
2010-02-09,6.801829960287763,6.901344567977527,6.801829960287763,6.876465797424316
2010-02-10,6.8665111752260195,6.896365305494624,6.83665657043457,6.83665657043457
2010-02-11,6.82670535185265,6.846608263539335,6.806802440165965,6.83665657043457
2010-02-12,6.8665120903908905,6.886415004730225,6.811778720065541,6.886415004730225
2010-02-16,6.92124674426794,6.92124674426794,6.85656213760376,6.85656213760376
2010-02-17,6.856561297457462,6.980954647064209,6.856561297457462,6.980954647064209
2010-02-18,6.956075342457096,6.966027037424425,6.866512460365805,6.896366596221924
2010-02-19,6.876462783136607,6.901341542784249,6.866511563991273,6.891390323638916
2010-02-22,6.881443206556414,6.891394906843116,6.821734428405763,6.821734428405762
2010-02-23,6.84163735445598,6.84163735445598,6.821734428405763,6.821734428405762
2010-02-24,6.846736754520031,6.951763418048331,6.846736754520031,6.856739521026611
2010-02-25,7.016781612462878,7.176822575335028,6.846738357700246,6.906754016876221
2010-02-26,6.8417369895316185,6.956765961796938,6.8417369895316185,6.936760902404785
2010-03-01,6.941759644160071,7.046786285230776,6.916753210198845,7.016778469085693
2010-03-02,6.981771204633699,7.0767951011657715,6.981771204633699,7.0767951011657715
2010-03-03,7.096800223486948,7.221831943595273,7.036785055069931,7.196825981140137
2010-03-04,7.176820728941801,7.226833129443976,7.111804179026642,7.131809234619141
2010-03-05,7.141814551261971,7.151817321777344,7.106805808374867,7.151817321777344
2010-03-08,7.151816207629178,7.151816207629178,7.1218083777161905,7.146814823150635
2010-03-09,7.131810330191367,7.131810330191367,7.081797445048181,7.091800212860107
2010-03-10,7.076795873195842,7.091800024515248,7.011779791977913,7.026783466339111
2010-03-11,7.0467871096135655,7.071793546500221,7.036784344075658,7.056789398193359
2010-03-12,7.066797421821782,7.066797421821782,6.991778055343232,6.996779441833496
2010-03-15,7.026779815419681,7.051786244334505,7.0017733865048575,7.031781196594238
2010-03-16,7.046785259859735,7.131806836781661,7.011776543582937,7.11680269241333
2010-03-17,7.09680113260913,7.131810343055799,7.09680113260913,7.12180757522583
2010-03-18,7.126807643963222,7.126807643963222,7.036784657939188,7.051788806915283
2010-03-19,7.101804256439209,7.126810705182394,7.026785387167993,7.101804256439209
2010-03-22,7.0567910152056985,7.126808959140814,7.0567910152056985,7.12180757522583
2010-03-23,7.126810872447262,7.1718223858497385,7.111807193632553,7.151817321777344
2010-03-24,7.12681150029977,7.161820246271048,7.031787556824132,7.06679630279541
2010-03-25,7.066793820403397,7.226834290863382,7.036785993713038,7.2118306159973145
2010-03-26,7.181820566129089,7.206827001137118,7.181820566129089,7.2018256187438965
2010-03-29,7.337520442173331,7.337520442173331,7.106338278124364,7.131466388702393
2010-03-30,7.121415240328778,7.201826344469639,7.096286650462763,7.131466388702393
2010-03-31,7.116391658782959,7.141520256531368,7.106340507256478,7.116391658782959
2010-04-01,7.116393280125959,7.156598853968278,7.086239339388343,7.136496067047119
2010-04-05,7.1163936129916205,7.1565991887145355,7.086239670843569,7.121419429779053
2010-04-06,7.096286234050385,7.23700565803943,7.096286234050385,7.231980323791504
2010-04-07,7.191772521839964,7.252080827520005,7.106335635637955,7.151566505432129
2010-04-08,7.116386843487953,7.15659238096512,7.041001580540218,7.0661301612854
2010-04-09,7.071162130209483,7.091264917814305,6.975674008908649,7.0108537673950195
2010-04-12,7.015876090711831,7.091261386871338,7.015876090711831,7.091261386871338
2010-04-13,7.06613602818637,7.131469721366439,7.056084395827461,7.081212997436523
2010-04-14,7.081209688258348,7.166646606230009,7.081209688258348,7.131466388702393
2010-04-15,7.14654521232663,7.252084926744739,7.086236872557436,7.1264424324035645
2010-04-16,7.126442135628839,7.156596064613661,7.076184948270056,7.096287727355957
2010-04-19,7.086239339388343,7.151573037415927,7.07618770628364,7.136496067047119
2010-04-20,7.131465264296103,7.186748249142558,7.096285531603203,7.161619663238525
2010-04-21,7.141519250368468,7.181724809386138,7.081210911841965,7.111364841461182
2010-04-22,7.116391658782959,7.161623038872467,7.101314691849169,7.116391658782959
2010-04-23,7.1314654176017305,7.17669677734375,7.1063373104454275,7.17669677734375
2010-04-26,7.166650487072982,7.176701640889438,7.136496067047119,7.136496067047119
2010-04-27,7.136493550546424,7.19680189004372,7.136493550546424,7.171673774719238
2010-04-28,7.1868269070324775,7.207029272827682,7.14642313874389,7.166625022888184
2010-04-29,7.146422998666359,7.196927948862597,7.131271706267848,7.156524181365967
2010-04-30,7.161573879677015,7.1716745794661785,7.030261410862008,7.126220226287842
2010-05-03,7.146417647058253,7.287831209049552,7.146417647058253,7.181771278381348
2010-05-04,7.1868269070324775,7.1868269070324775,7.121171144801706,7.166625022888184
2010-05-05,7.156522485910227,7.176724364872505,7.156522485910227,7.171673774719238
2010-05-06,7.156520340093332,7.161570928732225,6.994905356853886,7.121167182922363
2010-05-07,7.075716291263844,7.116120056732731,6.99490876032607,7.0605645179748535
2010-05-10,7.161570928732225,7.161570928732225,7.070662259834716,7.121167182922363
2010-05-11,7.0908680777598105,7.166625022888184,7.080767376513118,7.166625022888184
2010-05-12,7.2221788241550815,7.28783505220613,7.151472005872999,7.282784461975098
2010-05-13,7.26763247040149,7.287834347721999,7.222178126017659,7.232278823852539
2010-05-14,7.242382105169011,7.242382105169011,7.17167527320184,7.1767258644104
2010-05-17,7.186821277939985,7.186821277939985,7.126215672976568,7.141367435455322
2010-05-18,7.141371998447848,7.1716745794661785,7.126220226287842,7.126220226287842
2010-05-19,7.1312732027023,7.141374387521552,7.0807687235590455,7.090869426727295
2010-05-20,7.025210820142005,7.141371998447848,7.025210820142005,7.126220226287842
2010-05-21,7.100964069366455,7.141367808117143,7.0757116122346355,7.100964069366455
2010-05-24,7.111068935778677,7.1716745794661785,7.111068935778677,7.126220226287842
2010-05-25,7.1161149796412655,7.141367435455322,7.060559480520234,7.141367435455322
2010-05-26,7.131218608792976,7.171823372984427,7.11091622669725,7.146445274353027
2010-05-27,7.171823372984427,7.176899089520101,7.13629432532865,7.146445274353027
2010-05-28,7.166744190277076,7.176895618438721,7.136290873885617,7.176895618438721
2010-06-01,7.161675453186035,7.17690261026298,7.131222107126563,7.161675453186035
2010-06-02,7.17689978102745,7.207353115081787,7.1565973969755525,7.207353115081787
2010-06-03,7.1972050023183645,7.1972050023183645,7.1413730611306505,7.161675453186035
2010-06-04,7.131218863639933,7.207352678207941,7.115992197535729,7.197201728820801
2010-06-07,7.202278227913383,7.202278227913383,7.1718248903501705,7.181975841522217
2010-06-08,7.176899089520101,7.197201471615827,7.1210671757216275,7.146445274353027
2010-06-09,7.156600218207595,7.202280237296804,7.156600218207595,7.161675453186035
2010-06-10,7.197204333211898,7.202279567718506,7.131221444154364,7.202279567718506
2010-06-11,7.202270876071404,7.232724666595459,7.181968510404228,7.232724666595459
2010-06-14,7.232733438876879,7.232733438876879,7.161674830834443,7.192128658294678
2010-06-15,7.227655237032477,7.227655237032477,7.156597137451172,7.156597137451172
2010-06-16,7.156597137451172,7.2327309538731415,7.141369986929178,7.156597137451172
2010-06-17,7.1515244991819475,7.171826891237332,7.1362978261522105,7.161675453186035
2010-06-18,7.146445962926095,7.227655499133685,7.141370245901367,7.207353115081787
2010-06-21,7.212429663132502,7.217505380742062,7.156598221568564,7.181975841522217
2010-06-22,7.1667501007820364,7.237808704376221,7.1616743825152085,7.237808704376221
2010-06-23,7.237808306376958,7.273337364196777,7.232732588389238,7.273337364196777
2010-06-24,7.242884422643049,7.283489200683401,7.222581549575737,7.237808704376221
2010-06-25,7.263191593280534,7.283493995666504,7.242889190894565,7.283493995666504
2010-06-28,7.303891095468565,7.303891095468565,7.257986673185993,7.263087272644043
2010-06-29,7.278389506754209,7.293690819624466,7.237585195066915,7.242685794830322
2010-06-30,7.237585195066915,7.319193332021538,7.237585195066915,7.242685794830322
2010-07-01,7.268181740391865,7.268181740391865,7.237578655881413,7.247779846191406
2010-07-02,7.303894133718374,7.303894133718374,7.268190895500186,7.28859281539917
2010-07-06,7.3038869872535335,7.3038869872535335,7.252882480621338,7.252882480621338
2010-07-07,7.206985011620005,7.303894007865312,7.181482490580672,7.283492088317871
2010-07-08,7.2834886128517615,7.344694342288511,7.278388500213623,7.278388500213623
2010-07-09,7.293693416978951,7.314095336877935,7.273291497079967,7.28859281539917
2010-07-12,7.278389071018191,7.288589783514353,7.232484648735619,7.263087272644043
2010-07-13,7.303889961858992,7.303889961858992,7.263086145367478,7.293689250946045
2010-07-14,7.268184636612784,7.314089038460651,7.268184636612784,7.303887844085693
2010-07-15,7.319193799312192,7.319193799312192,7.283490085108817,7.298791885375977
2010-07-16,7.283486574625279,7.314089673989566,7.273285865783691,7.273285865783691
2010-07-19,7.303889961858992,7.308990560525397,7.263086145367478,7.293689250946045
2010-07-20,7.293692276211121,7.319194793701172,7.268189758721069,7.319194793701172
2010-07-21,7.298787733317935,7.339591537978324,7.278385830987741,7.303887844085693
2010-07-22,7.344692667275524,7.380396366119385,7.344692667275524,7.380396366119385
2010-07-23,7.349797025157457,7.380400141762363,7.344696424653301,7.3599982261657715
2010-07-26,7.354893684387207,7.380396186821903,7.344692488845419,7.354893684387207
2010-07-27,7.3548942417071554,7.3650949516021305,7.324291139182603,7.339592933654785
2010-07-28,7.33446874741302,7.416475305485951,7.33446874741302,7.411349773406982
2010-07-29,7.41647537429501,7.41647537429501,7.32934328333471,7.354970455169678
2010-07-30,7.354972872184286,7.370348984819154,7.334471225738525,7.334471225738525
2010-08-02,7.33446779804653,7.426724919538084,7.33446779804653,7.421599388122559
2010-08-03,7.4779782418828695,7.4779782418828695,7.4062222781903,7.462602138519287
2010-08-04,7.472854113107441,7.493355751037598,7.447226943495344,7.493355751037598
2010-08-05,7.503608674218605,7.539486427289508,7.488232075361596,7.524110317230225
2010-08-06,7.518978589346236,7.5343546867370605,7.49847696322603,7.5343546867370605
2010-08-09,7.518978589346236,7.5343546867370605,7.508727531887471,7.5343546867370605
2010-08-10,7.52410408113931,7.585608959197998,7.52410408113931,7.585608959197998
2010-08-11,7.570236066741385,7.71374750963388,7.570236066741385,7.708621978759766
2010-08-12,7.7137480231038245,7.734249659167455,7.631741478849301,7.6727447509765625
2010-08-13,7.6573719970445255,7.708626357303377,7.60611812558348,7.652246952056885
2010-08-16,7.6676195967802,7.780378845073351,7.647117959708497,7.765002250671387
2010-08-17,7.785505703205559,7.841885584897865,7.770129594015702,7.826509475708008
2010-08-18,7.826509475708008,7.841885584897865,7.785505703205559,7.826509475708008
2010-08-19,7.852130986284996,7.852130986284996,7.708619587903088,7.7137451171875
2010-08-20,7.688119483200923,7.708621115604227,7.611238483887903,7.616363525390625
2010-08-23,7.657370090484619,7.662495622993891,7.636868449245212,7.657370090484619
2010-08-24,7.626616839780176,7.723999500274658,7.606115201318305,7.723999500274658
2010-08-25,7.6932467653192225,7.765002250671387,7.68299570238458,7.765002250671387
2010-08-26,7.734246745527773,7.775250002208318,7.682992430278404,7.7137451171875
2010-08-27,7.73434804584144,7.754945490406215,7.646808783670689,7.703451633453369
2010-08-30,7.713747974341126,7.863080019939583,7.713747974341126,7.842482089996338
2010-08-31,7.868230805374385,7.868230805374385,7.8064384747004505,7.847633361816406
2010-09-01,7.857932329136291,7.863081812796233,7.7034512569105615,7.847633361816406
2010-09-02,7.847631178840916,7.868228616669304,7.801286820956627,7.81673526763916
2010-09-03,7.827032472488268,7.827032472488268,7.739493253134651,7.744642734527588
2010-09-07,7.734344309902867,7.744642781669852,7.677700996398926,7.677700996398926
2010-09-08,7.6828526091185205,7.754943895812527,7.646807211312375,7.667404651641846
2010-09-09,7.62621204859574,7.713750827828675,7.62621204859574,7.693153381347656
2010-09-10,7.6828541888885935,7.713750110194849,7.672555221065298,7.703451633453369
2010-09-13,7.682852846677354,7.693151321619668,7.6365084817326165,7.657105922698975
2010-09-14,7.641659418320432,7.718899713866282,7.63650993432889,7.698302268981934
2010-09-15,7.713747024536133,7.739493942713255,7.6622536792635065,7.713747024536133
2010-09-16,7.744647524213287,7.796141387825935,7.703452629755919,7.785842418670654
2010-09-17,7.760095832479534,7.801290728771619,7.724050420994435,7.770394802093506
2010-09-20,7.801287786057522,7.801287786057522,7.657105703421969,7.688002109527588
2010-09-21,7.677701633737133,7.724045988239629,7.6622536792635065,7.713747024536133
2010-09-22,7.724045300037417,7.77553913180363,7.713746337251545,7.744642734527588
2010-09-23,7.724050420994435,7.816739183192576,7.724050420994435,7.770394802093506
2010-09-24,7.785837603507928,7.7961365662938,7.724045300037417,7.744642734527588
2010-09-27,7.765241007438505,7.796137408050463,7.739494088775478,7.74979305267334
2010-09-28,7.77566283108083,7.811877165768247,7.744622536636283,7.7911834716796875
2010-09-29,7.775661081228795,7.817048460092006,7.760140937499209,7.7963547706604
2010-09-30,7.7808302882613285,7.81187105178833,7.749789524734326,7.81187105178833
2010-10-01,7.83257207963862,7.83257207963862,7.7549703446890135,7.765317440032959
2010-10-04,7.7860098735525645,7.806703567504883,7.754969085935797,7.806703567504883
2010-10-05,7.79118076521327,7.79118076521327,7.729099211136627,7.744619846343994
2010-10-06,7.734269389658924,7.81187105178833,7.723922797400722,7.81187105178833
2010-10-07,7.796352897130762,7.837740266048239,7.775659212672025,7.83256721496582
2010-10-08,7.7963547706604,7.837742149523612,7.786008172632834,7.7963547706604
2010-10-11,7.7963547706604,7.837742149523612,7.791181718334854,7.7963547706604
2010-10-12,7.780838252448618,7.84291934967041,7.780838252448618,7.84291934967041
2010-10-13,7.84291352387023,7.9153416635169425,7.822219840167789,7.8739542961120605
2010-10-14,7.85326419528113,7.884304488308044,7.82739695550766,7.848090648651123
2010-10-15,7.879127634965714,7.879127634965714,7.827393670507047,7.83256721496582
2010-10-18,7.8067048346554175,7.8894796239003355,7.713582950066554,7.765317440032959
2010-10-19,7.786003785708384,7.796350377906295,7.7394428873772965,7.775656700134277
2010-10-20,7.791181718334854,7.80670186206444,7.760140937499209,7.7963547706604
2010-10-21,7.780834764030671,7.801528453826904,7.765314620027618,7.801528453826904
2010-10-22,7.791184070235128,7.80153067138599,7.760143280029297,7.760143280029297
2010-10-25,7.749791187905667,7.8015256404279265,7.687710140904739,7.734271049499512
2010-10-26,7.713578300956603,7.904995009059408,7.713578300956603,7.889474868774414
2010-10-27,7.863489334860846,7.889475849309669,7.717965547859593,7.7543463706970215
2010-10-28,7.67119041715893,7.717966047061977,7.629612189612125,7.697176933288574
2010-10-29,7.676391504060491,7.71796975156419,7.676391504060491,7.691983222961426
2010-11-01,7.681590708637578,7.790733764861371,7.681590708637578,7.728366374969482
2010-11-02,7.733558177947998,7.754347292849004,7.702374257770692,7.733558177947998
2010-11-03,7.759546419952978,7.769940731887694,7.681586850009934,7.764743328094482
2010-11-04,7.806325984073309,7.806325984073309,7.717972057813479,7.728366374969482
2010-11-05,7.754346568325665,7.769938279131717,7.723162651062012,7.723162651062012
2010-11-08,7.723167977302979,7.7283653830398755,7.640011468120201,7.686787128448486
2010-11-09,7.671188266563077,7.7075690815543805,7.515269709148101,7.551650524139404
2010-11-10,7.530864381450231,7.530864381450231,7.338564933326601,7.380143165588379
2010-11-11,7.307381897435277,7.354157039490547,7.052714591658884,7.239817142486572
2010-11-12,7.2138322577649125,7.390540042214546,7.203437448961163,7.208634853363037
2010-11-15,7.208634581026132,7.2398185106075115,7.078702449798584,7.078702449798584
2010-11-16,7.0735028842322585,7.245013205394242,6.870809138668966,7.224224090576172
2010-11-17,7.2242293986217705,7.3281755447387695,7.146270284685979,7.3281755447387695
2010-11-18,7.317776208230342,7.317776208230342,7.094292826142447,7.239817142486572
2010-11-19,7.239818200732122,7.338566398151715,7.239818200732122,7.322974681854248
2010-11-22,7.2865917545996925,7.43211555480957,7.224223916001019,7.43211555480957
2010-11-23,7.416527432149699,7.478894805278937,7.380146092752109,7.442513465881348
2010-11-24,7.4425118689150125,7.478893200506129,7.380144509168161,7.416525840759277
2010-11-26,7.406074762596777,7.468749523162842,7.406074762596777,7.468749523162842
2010-11-29,7.484422321433919,7.51575996848664,7.421747525423478,7.447862148284912
2010-11-30,7.426966190338135,7.479194907310224,7.4060746039303575,7.426966190338135
2010-12-01,7.557538729910421,7.557538729910421,7.4060746039303575,7.426966190338135
2010-12-02,7.406076128458098,7.458304856181378,7.270280539806907,7.322509765625
2010-12-03,7.327734608553521,7.432192595150067,7.322512082794921,7.369517803192139
2010-12-06,7.353848159503326,7.468752177084756,7.312064970945515,7.338179588317871
2010-12-07,7.343403171188435,7.343403171188435,7.035251758513464,7.077034950256348
2010-12-08,7.066588903273159,7.160601333742116,7.0509203308933115,7.077034950256348
2010-12-09,7.103148846414296,7.207606815136147,7.003913402557373,7.003913402557373
2010-12-10,7.0718154232008015,7.197165060404628,7.009140604598889,7.12926721572876
2010-12-13,7.165826712603395,7.228501520818602,7.103151904388188,7.134489059448242
2010-12-14,7.061369947732275,7.191942612463166,7.009140682601843,7.160604953765869
2010-12-15,7.18148865395551,7.191934694719418,7.045693112592548,7.155374050140381
2010-12-16,7.191938882385015,7.458306601732849,7.176269812115491,7.406077861785889
2010-12-17,7.3851866310086045,7.515759234468549,7.327734366705459,7.442638397216797
2010-12-20,7.395630756914191,7.400853779590156,7.077033845103219,7.103148460388184
2010-12-21,7.113595370356457,7.144933014320561,7.0509205805232,7.082258224487305
2010-12-22,7.035250261874563,7.244166176145407,7.024804217113606,7.124039649963379
2010-12-23,7.0979262113577954,7.155377972770845,7.040473951849834,7.1188178062438965
2010-12-27,7.097926797421881,7.10314982109839,7.030028983912114,7.082258224487305
2010-12-28,7.061364875651814,7.191937446594238,7.050918830890902,7.191937446594238
2010-12-29,7.20768585115737,7.20768585115737,7.060697491292094,7.160439968109131
2010-12-30,7.144693068466928,7.26018420899245,7.139443858028499,7.249685287475586
2010-12-31,7.233934938493848,7.443918840580935,7.233934938493848,7.354675769805908
2011-01-03,7.349428740157075,7.349428740157075,7.212939229114819,7.286433696746826
2011-01-04,7.254932234845456,7.2916797002916605,7.13944163098552,7.160439968109131
2011-01-05,7.170940473332835,7.176190183935499,7.139443210996767,7.144692420959473
2011-01-06,7.1131965040497205,7.191940175423829,7.1131965040497205,7.1709418296813965
2011-01-07,7.191939222706259,7.244435330428198,7.139443615624308,7.207687854766846
2011-01-10,7.176187849098858,7.191936475142937,7.149939805265531,7.155189514160156
2011-01-11,7.139444028697485,7.181440717048881,7.071199284966463,7.086947917938232
2011-01-12,7.071197912092244,7.071197912092244,6.9767051313273845,6.987204551696777
2011-01-13,6.950457436172984,6.976705487797674,6.892712123110621,6.929459095001221
2011-01-14,6.918960174735311,7.002953539422364,6.882212702204766,6.929459095001221
2011-01-18,6.966204611578893,7.076445496297543,6.903209105111373,7.065946578979492
2011-01-19,7.044950405068638,7.191938797095478,7.018702352760999,7.1814398765563965
2011-01-20,7.149945122163011,7.191941823270328,7.113198133854151,7.165693759918213
2011-01-21,7.14994755334455,7.2864371286736755,7.14994755334455,7.260189056396484
2011-01-24,7.233940083240788,7.296935148476757,7.2181914420918645,7.270687580108643
2011-01-25,7.239186286573873,7.270684054237356,7.123695139327813,7.202439308166504
2011-01-26,7.176193788851722,7.244438559048816,7.176193788851722,7.186692714691162
2011-01-27,7.165581619976261,7.355537948221972,7.14975205175901,7.260560035705566
2011-01-28,7.255289139571877,7.276395415122099,7.218353283162314,7.223629474639893
2011-01-31,7.228906169330774,7.239459558712536,7.181416923539447,7.223629474639893
2011-02-01,7.2025202036430995,7.371370841035114,7.2025202036430995,7.3397111892700195
2011-02-02,7.339711297653591,7.339711297653591,7.234179962233412,7.250009536743164
2011-02-03,7.223629474639893,7.250012444880996,7.218353283162314,7.223629474639893
2011-02-04,7.24473103148832,7.24473103148832,7.12864684317772,7.144476413726807
2011-02-07,7.128644936886928,7.1919637053639995,7.128644936886928,7.160304069519043
2011-02-08,7.181410789489746,7.228899994717852,7.144474964629162,7.181410789489746
2011-02-09,7.207794689757789,7.218348071520018,7.170858860015869,7.170858860015869
2011-02-10,7.1972418112085,7.223624259188193,7.160305478253641,7.170858860015869
2011-02-11,7.133923047413889,7.218348088862797,7.133923047413889,7.149752616882324
2011-02-14,7.1391987800598145,7.181411298093747,7.1286459021577855,7.1391987800598145
2011-02-15,7.16030736010361,7.197243702765965,7.139201094245008,7.191967010498047
2011-02-16,7.2077964839120625,7.355540342868871,7.2077964839120625,7.292221546173096
2011-02-17,7.3133281584902035,7.4399662610991975,7.3133281584902035,7.392477035522461
2011-02-18,7.371370806286035,7.439966298776132,7.371370806286035,7.376646995544434
2011-02-22,7.308049217875584,7.387197561896458,7.297495836959254,7.31332540512085
2011-02-23,7.297494346208082,7.445238126364915,7.297494346208082,7.408302307128906
2011-02-24,7.434825220401165,7.4931581872340285,7.392400646836159,7.440127849578857
2011-02-25,7.42421382447357,7.493153013531813,7.408304936455339,7.471940994262695
2011-02-28,7.498455328838861,7.498455328838861,7.397697868973639,7.445425033569336
2011-03-01,7.456034887532068,7.471943781484715,7.418913460663065,7.4507317543029785
2011-03-02,7.450734119403804,7.4772492882313895,7.434825220401165,7.440127849578857
2011-03-03,7.429522085488691,7.450734119403804,7.381794882745994,7.440127849578857
2011-03-04,7.424213551951494,7.429516683007718,7.39239527134856,7.397698402404785
2011-03-07,7.4083046645172335,7.461334457876239,7.397698402404785,7.397698402404785
2011-03-08,7.397697868973639,7.493152198165033,7.38709211336036,7.445425033569336
2011-03-09,7.471940803070524,7.477243934185714,7.418910503387451,7.418910503387451
2011-03-10,7.424213016608402,7.471940181204099,7.424213016608402,7.445425033569336
2011-03-11,7.429516765617834,7.493152821796869,7.381789597049952,7.418910503387451
2011-03-14,7.424211413473081,7.450726555382339,7.392393142035119,7.402999401092529
2011-03-15,7.3605804443359375,7.445428552278892,7.328762150990022,7.3605804443359375
2011-03-16,7.371183523433558,7.477244125513582,7.318153728127977,7.471940994262695
2011-03-17,7.450728948622977,7.49845611824318,7.397698647770656,7.461334705352783
2011-03-18,7.456030541137321,7.498454570770264,7.456030541137321,7.498454570770264
2011-03-21,7.49845479097764,7.54087882185645,7.429515614365988,7.434818744659424
2011-03-22,7.434824397068344,7.434824397068344,7.318157970587483,7.334066867828369
2011-03-23,7.360577328366099,7.413607120513916,7.3552741974309965,7.413607120513916
2011-03-24,7.392398533737347,7.434823095175397,7.376489639282227,7.376489639282227
2011-03-25,7.371183084501902,7.418910251449018,7.371183084501902,7.413607120513916
2011-03-28,7.4348216776811835,7.4348216776811835,7.355276209102136,7.387094497680664
2011-03-29,7.381763935089111,7.424402240891134,7.376434019791684,7.381763935089111
2011-03-30,7.424400806427002,7.45104936118799,7.4030816576450515,7.424400806427002
2011-03-31,7.445722410226688,7.483030805824347,7.424403254415344,7.44039249420166
2011-04-01,7.424400406110997,7.483027935028076,7.381762110846108,7.483027935028076
2011-04-04,7.483031951238654,7.483031951238654,7.3924253980992685,7.403085231781006
2011-04-05,7.387096701810171,7.435064944725973,7.1952242384358955,7.280500888824463
2011-04-06,7.280500888824463,7.317809296297228,7.264511643948839,7.280500888824463
2011-04-07,7.259177207946777,7.296485592197938,7.248517887427281,7.259177207946777
2011-04-08,7.264504967080167,7.275164284437203,7.232525998432133,7.237855911254883
2011-04-11,7.237860973283456,7.285829205659386,7.237860973283456,7.275169372558594
2011-04-12,7.2751672289103935,7.280497143890315,7.195220537366236,7.211209774017334
2011-04-13,7.221869162951766,7.259177548955534,7.19522009796823,7.227199077606201
2011-04-14,7.227203236476074,7.291160724267499,7.216543401033038,7.280500888824463
2011-04-15,7.296487606897295,7.307147438648789,7.248519888881836,7.291158199310303
2011-04-18,7.259179415660856,7.461711650013004,7.248520091899568,7.44039249420166
2011-04-19,7.440391912271377,7.488360136167386,7.403083519591694,7.451051235198975
2011-04-20,7.461709571819037,7.5629754066467285,7.461709571819037,7.5629754066467285
2011-04-21,7.562981214500442,7.562981214500442,7.472375139174605,7.493694305419922
2011-04-25,7.515004709477098,7.562972396383938,7.499014972219726,7.530993938446045
2011-04-26,7.515004709477098,7.562972396383938,7.515004709477098,7.530993938446045
2011-04-27,7.541711137523657,7.62741231918335,7.541711137523657,7.62741231918335
2011-04-28,7.632767743077772,7.76667594909668,7.632767743077772,7.76667594909668
2011-04-29,7.798815105181082,7.798815105181082,7.6809757263211385,7.707757472991943
2011-05-02,7.707759453077623,7.761322449359974,7.5899200439453125,7.5899200439453125
2011-05-03,7.605986210178128,7.6166991121493295,7.536353879823163,7.563135623931885
2011-05-04,7.525640677647845,7.579203649273633,7.5042153868336845,7.557778358459473
2011-05-05,7.541707131362084,7.616695880889893,7.525638296041505,7.616695880889893
2011-05-06,7.605983182489608,7.648833751678467,7.573845511007502,7.648833751678467
2011-05-09,7.605984941633436,7.659548420917434,7.595272552268155,7.654191970825195
2011-05-10,7.632770733198928,7.6541960341224975,7.6059889793396,7.6059889793396
2011-05-11,7.62205782732741,7.632770733198928,7.514931322709564,7.6059889793396
2011-05-12,7.568490812626156,7.654191970825195,7.568490812626156,7.654191970825195
2011-05-13,7.648839943593808,7.659552849972911,7.509575736401913,7.514931678771973
2011-05-16,7.536355124705818,7.568493325108847,7.530999183654784,7.530999183654785
2011-05-17,7.525645701293645,7.627415772891374,7.514932793325691,7.584565162658691
2011-05-18,7.600626361967839,7.659546274835662,7.595270424195444,7.643477439880371
2011-05-19,7.616701885211119,7.638127186134687,7.579207225480271,7.6059889793396
2011-05-20,7.573845349559792,7.6059830203568355,7.573845349559792,7.59527063369751
2011-05-23,7.600629759192527,7.6166991121493295,7.563135623931885,7.563135623931885
2011-05-24,7.541708643687646,7.7131109503289945,7.541708643687646,7.632766246795654
2011-05-25,7.638127079041203,7.702402980910704,7.632770626180546,7.686334133148193
2011-05-26,7.670183998365591,7.718627347855422,7.643270969390869,7.643270969390869
2011-05-27,7.63788618002857,7.654034301007929,7.605590964716235,7.632503986358643
2011-05-31,7.632508225906146,7.718629532340174,7.610977899297638,7.713246822357178
2011-06-01,7.691712210313341,7.745538253507182,7.686329503329318,7.697094917297363
2011-06-02,7.7347755791678345,7.7347755791678345,7.675567321341818,7.6863322257995605
2011-06-03,7.664805059291491,7.72401385481815,7.664805059291491,7.691718101501465
2011-06-06,7.691718101501465,7.697100812608176,7.686335390394753,7.691718101501465
2011-06-07,7.691711273023378,7.740154603330031,7.686328566695276,7.729389190673828
2011-06-08,7.718627451597483,7.740157772401971,7.702479839324951,7.702479839324951
2011-06-09,7.691713975965299,7.707861587300899,7.648653336854827,7.654036045074463
2011-06-10,7.632504330287984,7.654034645907451,7.627121623052313,7.6378865242004395
2011-06-13,7.616355581638944,7.616355581638944,7.58944307432233,7.594825267791748
2011-06-14,7.600208920003986,7.62712194399159,7.562530994415283,7.562530994415283
2011-06-15,7.557148793154825,7.557148793154825,7.530235767364502,7.530235767364502
2011-06-16,7.5356100839483116,7.616348558090106,7.530227382119472,7.605583667755127
2011-06-17,7.6163612720971665,7.654039734473077,7.5948309421638855,7.627126693725586
2011-06-20,7.643270798893127,7.670183827267502,7.643270798893127,7.648653507232666
2011-06-21,7.63788618002857,7.675564615657216,7.594825550729995,7.632503986358643
2011-06-22,7.6163626834419516,7.6648060630994905,7.605597773142305,7.659423351287842
2011-06-23,7.65403699910296,7.6863322257995605,7.632506676864102,7.6863322257995605
2011-06-24,7.675570064406358,7.72401343508713,7.627126693725586,7.627126693725586
2011-06-27,7.654034301007929,7.664799201670977,7.616355865379282,7.632503986358643
2011-06-28,7.643323931810466,7.654142239453244,7.605459081255894,7.610867977142334
2011-06-29,7.600051748071908,7.6379166089823105,7.589232921600342,7.589232921600342
2011-06-30,7.5892309826488615,7.637914657592773,7.5892309826488615,7.637914657592773
2011-07-01,7.670370612845351,7.697416640374273,7.637914657592773,7.637914657592773
2011-07-05,7.637914657592773,7.643324069446521,7.6270963497551865,7.637914657592773
2011-07-06,7.6270963497551865,7.664961200991604,7.605459218210104,7.637914657592773
2011-07-07,7.616280209650891,7.7082381800864415,7.616280209650891,7.62709903717041
2011-07-08,7.61628020000261,7.681191617427223,7.61628020000261,7.675782203674316
2011-07-11,7.648732978889989,7.719053780759932,7.648732978889989,7.702825546264648
2011-07-12,7.702830262815385,7.762332793992578,7.702830262815385,7.735286235809326
2011-07-13,7.773151107743765,7.773151107743765,7.735286235809326,7.735286235809326
2011-07-14,7.702825546264648,7.762328041007609,7.702825546264648,7.702825546264648
2011-07-15,7.729873149228902,7.729873149228902,7.535138951376586,7.540547847747803
2011-07-18,7.545956886655974,7.627096518649215,7.545956886655974,7.616277694702148
2011-07-19,7.637917348819839,7.654145074229027,7.610870795891132,7.62709903717041
2011-07-20,7.659552536909686,7.724463937881977,7.648734228015949,7.6920084953308105
2011-07-21,7.724465370178223,7.740693610332859,7.697418819123884,7.724465370178223
2011-07-22,7.7082331770823975,7.7785539627075195,7.7082331770823975,7.7785539627075195
2011-07-25,7.778560150355734,7.843471577367458,7.724467036577547,7.811015605926514
2011-07-26,7.816422329590967,7.843468877168996,7.756920337615295,7.7893757820129395
2011-07-27,7.751324182804785,7.789373994766287,7.686095711560864,7.707838535308838
2011-07-28,7.686098828873729,7.7132769807892005,7.599126980218155,7.696969985961914
2011-07-29,7.664353375056983,7.686096200187208,7.571946238656067,7.642610549926758
2011-08-01,7.740450483660152,7.740450483660152,7.653479211455604,7.680657863616943
2011-08-02,7.7187127122898085,7.7567630575497875,7.691534042358398,7.691534042358398
2011-08-03,7.69153065513685,7.800245286986383,7.653480845023383,7.778502464294434
2011-08-04,7.7567600183392305,7.854602466010207,7.653481216744,7.707838535308838
2011-08-05,7.686098828873729,7.751327326572895,7.582819985390867,7.696969985961914
2011-08-08,7.571946229292603,7.571946229292603,7.300160656305961,7.354517459869385
2011-08-09,7.338210532710585,7.653481758570667,7.338210532710585,7.577381610870361
2011-08-10,7.528466487239233,7.778509431350023,7.528466487239233,7.745894908905029
2011-08-11,7.778504264568066,7.778504264568066,7.669789607557379,7.773068428039551
2011-08-12,7.74588985598723,7.821990013122559,7.74588985598723,7.821990013122559
2011-08-15,7.860042163643095,7.860042163643095,7.718713480643314,7.751327991485596
2011-08-16,7.691530544694539,7.821987997362791,7.691530544694539,7.81655216217041
2011-08-17,7.8980876083251355,7.957880758599903,7.865473633984149,7.925266265869141
2011-08-18,7.898089307923862,7.930703807672975,7.838296663172025,7.87091064453125
2011-08-19,7.832860475138279,7.89808895331801,7.794810659130902,7.811117649078369
2011-08-22,7.827426634908974,7.865476979008515,7.783940971700924,7.86004114151001
2011-08-23,7.887216091768485,7.887216091768485,7.816551792776315,7.86547327041626
2011-08-24,7.881781573818427,7.925267223788996,7.860038748833142,7.903524398803711
2011-08-25,7.925268166386236,7.9524468304478155,7.887218347733966,7.9470109939575195
2011-08-26,7.914397364705448,7.990497005403339,7.908961527972764,7.985061168670654
2011-08-29,8.039681434631348,8.094298522167774,7.985063826222806,8.039681434631348
2011-08-30,8.039678758901616,8.072448896342639,7.985061168670654,7.985061168670654
2011-08-31,8.001449071899335,8.05606668147855,7.995987727639116,8.034219741821289
2011-09-01,8.056063481885552,8.061525344848633,8.034216550905146,8.061525344848633
2011-09-02,8.050597493921746,8.187140872804564,8.012365514513487,8.08882999420166
2011-09-06,8.039679085436184,8.121604953238132,8.017832152630866,8.023293495178223
2011-09-07,8.099759445919732,8.105221310300292,7.9413690249878615,7.97413969039917
2011-09-08,7.968677826018609,7.97413969039917,7.957754097257488,7.97413969039917
2011-09-09,7.9304458170987955,7.97413969039917,7.886751422926365,7.97413969039917
2011-09-12,7.968677826018609,7.97413969039917,7.963215961638048,7.97413969039917
2011-09-13,7.97413969039917,7.97413969039917,7.952292753748983,7.97413969039917
2011-09-14,8.023293484821046,8.023293484821046,7.8976737515706255,7.92498254776001
2011-09-15,8.028755201133626,8.028755201133626,7.875826674495714,7.897673606872559
2011-09-16,7.908595360820397,7.97413666679127,7.897672157073157,7.930442810058594
2011-09-19,7.924980972377007,7.9741366915719905,7.908595385397439,7.963212966918945
2011-09-20,7.946827900811238,7.9741366915719905,7.908595385397439,7.963212966918945
2011-09-21,7.963208860366192,8.028749611870127,7.957747000856299,8.006902694702148
2011-09-22,7.979592637087624,8.034210181675798,7.9577457234266555,8.01782512664795
2011-09-23,8.028748323042679,8.045133378070528,8.006901409381712,8.01782512664795
2011-09-26,8.04513772759766,8.137987291072886,8.028752663711384,8.116140365600586
2011-09-27,8.170758545751845,8.170758545751845,8.01783005610286,8.110679626464844
2011-09-28,8.094219179459117,8.143607719203601,8.094219179459117,8.1326322555542
2011-09-29,8.143601751563034,8.149089479366323,8.077750587939166,8.1271390914917
2011-09-30,8.09970097581379,8.154576683831081,8.09970097581379,8.1271390914917
2011-10-03,8.149093268951395,8.15458047596788,8.061291153283626,8.09970474243164
2011-10-04,8.006414724334888,8.14909256114634,7.978976598280576,8.066778182983398
2011-10-05,7.984464328159183,8.127142164970634,7.984464328159183,8.066778182983398
2011-10-06,8.039340702364056,8.13263002443518,8.006415367126465,8.006415367126465
2011-10-07,8.08324729118051,8.08324729118051,7.973495222835667,8.033859252929688
2011-10-10,8.039339444338381,8.14909194019259,8.028364508756173,8.050314903259277
2011-10-11,8.127144619962431,8.149095022768764,7.989954471588135,7.989954471588135
2011-10-12,8.050315623741362,8.088728686724991,7.874712452000502,7.913125514984131
2011-10-13,7.874716827322941,7.92959258731247,7.858253628320961,7.902154445648193
2011-10-14,7.946052282851889,8.083242416381836,7.918614674816962,8.083242416381836
2011-10-17,8.077754986431973,8.149093916704548,8.077754986431973,8.143606185913086
2011-10-18,8.176536634227979,8.176536634227979,8.072272300720215,8.072272300720215
2011-10-19,8.116169583419008,8.165558123163493,8.050318371539332,8.1326322555542
2011-10-20,8.149094581604004,8.165557251982799,8.072267914271539,8.149094581604004
2011-10-21,8.176531523984236,8.176531523984236,8.110680324503123,8.143606185913086
2011-10-24,8.121655444714865,8.198481579210917,8.121655444714865,8.16006851196289
2011-10-25,8.143606185913086,8.176531523984236,8.09970538625901,8.143606185913086
2011-10-26,8.171040816778225,8.209453869188074,8.171040816778225,8.20396614074707
2011-10-27,8.248078931213586,8.264619049183556,8.088189722034882,8.093703269958496
2011-10-28,8.13229345602001,8.159860657641222,8.082672598261954,8.12126636505127
2011-10-31,8.132295608520508,8.15986281743836,8.09370183151598,8.132295608520508
2011-11-01,7.950351128224951,8.126780387678272,7.950351128224951,8.082673072814941
2011-11-02,8.110240399209609,8.121266965192547,8.049592971801758,8.049592971801758
2011-11-03,8.093699626843138,8.099212646484375,8.04959231490944,8.099212646484375
2011-11-04,8.115756034851074,8.121269056361768,8.088188824094352,8.115756034851074
2011-11-07,8.115755195979201,8.209483387383502,8.115755195979201,8.159862518310547
2011-11-08,8.214999936744531,8.270134376239856,8.165379572159917,8.187433242797852
2011-11-09,8.21499365841278,8.21499365841278,8.18191344063802,8.203967094421387
2011-11-10,8.214998942888082,8.264619827270508,8.203972371803609,8.264619827270508
2011-11-11,8.270130697973006,8.270130697973006,8.237049943828785,8.25359058380127
2011-11-14,8.270132225809643,8.363860433099553,8.25359210858226,8.33629322052002
2011-11-15,8.39142681673207,8.402453385194116,8.214996989132175,8.30321216583252
2011-11-16,8.30321216583252,8.308725187163146,8.275644955976212,8.30321216583252
2011-11-17,8.303210553196097,8.303210553196097,8.203968827308277,8.275643348693848
2011-11-18,8.374882632888712,8.374882632888712,8.259100821106815,8.352828979492188
2011-11-21,8.534775209432569,8.534775209432569,8.391426667176024,8.474127769470215
2011-11-22,8.496180297646788,8.826985714265902,8.402452113798063,8.545801162719727
2011-11-23,8.59542332838748,8.683637979287031,8.30321216583252,8.30321216583252
2011-11-25,8.253593789036952,8.41348302359113,8.253593789036952,8.40796947479248
2011-11-28,8.435657603709238,8.446735543215663,8.369191551346372,8.396885871887207
2011-11-29,8.407965671823105,8.557514190673828,8.407965671823105,8.557514190673828
2011-11-30,8.557514622227629,8.557514622227629,8.402427124577052,8.424582481384277
2011-12-01,8.502127244443088,8.507665687964508,8.413505281169927,8.479971885681152
2011-12-02,8.540897478967914,8.651674253176413,8.479970385209569,8.50212574005127
2011-12-05,8.5298213328681,8.585209995743718,8.479972170150567,8.540899276733398
2011-12-06,8.563057700884212,8.635062777102346,8.546441307364836,8.612907409667969
2011-12-07,8.701527229469713,8.78460970953858,8.540900713971185,8.673832893371582
2011-12-08,8.61844216667619,8.779068634039112,8.61844216667619,8.740296363830566
2011-12-09,8.718143366312857,8.773532036898404,8.657216251249164,8.734760284423828
2011-12-12,8.78460663807432,8.806761993561286,8.651674505152533,8.723679542541504
2011-12-13,8.718140304727243,8.784606369153428,8.618441472200626,8.65721321105957
2011-12-14,8.707063002087214,8.723679386348593,8.5685919007166,8.618441581726074
2011-12-15,8.67936857878487,8.740295672543214,8.491047798517757,8.50212574005127
2011-12-16,8.574129890106937,8.651673892936762,8.529819182268552,8.623979568481445
2011-12-19,8.601825683059284,8.767991129933513,8.601825683059284,8.607364654541016
2011-12-20,8.646140196706723,8.751378588189237,8.58521306831859,8.612907409667969
2011-12-21,8.67383751680798,8.71260929107666,8.58521601663625,8.71260929107666
2011-12-22,8.740299918001792,8.80676601481172,8.723683525855707,8.801227569580078
2011-12-23,8.684903792142812,8.823374832052103,8.668286887031627,8.806757926940918
2011-12-27,8.751374388531444,8.806762516424614,8.662752961322072,8.707063674926758
2011-12-28,8.74600935124941,8.835027171726159,8.623609582799853,8.77382755279541
2011-12-29,8.779395077064047,8.818340790576022,8.718195428099978,8.790522575378418
2011-12-30,8.840589090914124,8.846152305603027,8.740443798282527,8.846152305603027
2012-01-03,8.846152305603027,8.90178869719568,8.812770895117797,8.846152305603027
2012-01-04,8.868409583269589,8.918482776136099,8.790519246914872,8.812773704528809
2012-01-05,8.829463937539792,8.835027684289384,8.734882365149092,8.784955024719238
2012-01-06,8.757136821559369,8.801645734379923,8.746009858648277,8.784955024719238
2012-01-09,8.762700610178173,8.87397289276123,8.734882406885387,8.87397289276123
2012-01-10,8.851718426039035,8.873972882529989,8.768264346844985,8.82390022277832
2012-01-11,8.801639094256428,8.840584761534133,8.768257700118617,8.835021018981934
2012-01-12,8.80164621042778,8.846155125655653,8.77382853635145,8.812773704528809
2012-01-13,8.812775128852257,8.862847799223404,8.812775128852257,8.840593338012695
2012-01-17,8.890666944645297,8.901794442380654,8.712631225585938,8.712631225585938
2012-01-18,8.751574963754566,8.751574963754566,8.679248362751222,8.690375328063965
2012-01-19,8.668118511034342,8.751572585257538,8.668118511034342,8.707063674926758
2012-01-20,8.73488424932067,8.862847799223404,8.73488424932067,8.840593338012695
2012-01-23,8.840592412005082,8.885101329764415,8.840592412005082,8.879537582397461
2012-01-24,8.873973835030506,8.901792041277128,8.85171937615084,8.879537582397461
2012-01-25,8.879540946982313,8.929613100493503,8.857286479670112,8.890667915344238
2012-01-26,8.890662163557012,8.935171069386513,8.890662163557012,8.907353401184082
2012-01-27,8.890595475704089,8.93529987335205,8.88500729276848,8.93529987335205
2012-01-30,8.924117938528147,8.935293763839432,8.879413571446824,8.907353401184082
2012-01-31,8.890595475704089,8.93529987335205,8.857067443927345,8.93529987335205
2012-02-01,8.929704265313967,8.935292443602973,8.790003005596907,8.851471900939941
2012-02-02,8.868242263793945,8.907358474037759,8.834714235847361,8.868242263793945
2012-02-03,8.912939631754558,8.924115987540562,8.851471273685455,8.88499927520752
2012-02-06,8.840296850562098,8.907353401184082,8.829121025250812,8.907353401184082
2012-02-07,8.912939986244698,8.935292165787736,8.806767266644767,8.89058780670166
2012-02-08,8.912944317229911,8.963237411787704,8.87941629808239,8.957649230957031
2012-02-09,8.957643270146324,8.963231447258377,8.873822212219238,8.873822212219238
2012-02-10,8.873825392332135,8.91294158029877,8.851473208791473,8.907353401184082
2012-02-13,8.940878738810166,8.952055093034271,8.82911786115862,8.873822212219238
2012-02-14,8.901763808886527,8.9520563440876,8.87382345233949,8.88499927520752
2012-02-15,8.91852975941346,8.963234659412874,8.907353401184082,8.907353401184082
2012-02-16,8.935295849566932,8.9632367516625,8.778830528259277,8.778830528259277
2012-02-17,8.73412869600349,8.834713841186733,8.700600136636284,8.817949295043945
2012-02-21,8.851474257324439,8.996763734008569,8.851474257324439,8.924118995666504
2012-02-22,8.924119879748595,8.946472068151419,8.924119879748595,8.929707527160645
2012-02-23,8.963234659412874,8.963234659412874,8.88500121764342,8.907353401184082
2012-02-24,8.92970575842194,9.030290852770506,8.91294175366988,9.01911449432373
2012-02-27,9.035956834316782,9.092081002575538,8.996670237679492,9.019119262695312
2012-02-28,8.996665350513723,9.013501842509806,8.884417074971683,8.962990760803223
2012-02-29,8.979832348584264,9.024731467508008,8.940545753335918,8.991057395935059
2012-03-01,8.957379547346527,8.985441620327817,8.923704952721073,8.929317474365234
2012-03-02,9.007887898102847,9.007887898102847,8.918090255291592,8.923702239990234
2012-03-05,8.923708817217873,8.923708817217873,8.867585182189941,8.867585182189941
2012-03-06,8.867581321675923,8.867581321675923,8.586961662985162,8.671147346496582
2012-03-07,8.699209156058982,8.772170329338541,8.699209156058982,8.721658706665039
2012-03-08,8.732885535653665,8.777784646048627,8.732885535653665,8.766559600830078
2012-03-09,8.794622421264648,8.817071978357795,8.772172864171502,8.794622421264648
2012-03-12,8.772165153664023,8.805839192085298,8.760940117364138,8.777777671813965
2012-03-13,8.777777671813965,8.777777671813965,8.76655263551408,8.777777671813965
2012-03-14,8.800227185712286,8.805839168608077,8.547669222030114,8.57573127746582
2012-03-15,8.609408415378905,8.665532007727737,8.340013352290722,8.40736198425293
2012-03-16,8.244604712506122,8.368077502847141,8.244604712506122,8.278279304504395
2012-03-19,8.328789764047087,8.334402284471128,8.137968351544968,8.306340217590332
2012-03-20,8.295116738329144,8.441039085388184,8.295116738329144,8.441039085388184
2012-03-21,8.469098042109014,8.513997126958369,8.441035980268339,8.491547584533691
2012-03-22,8.530835704955612,8.620633891022607,8.513998678877902,8.586959838867188
2012-03-23,8.626247497863822,8.682371638843755,8.575735878029779,8.643084526062012
2012-03-26,8.693597437054258,8.738496542410752,8.648698331697766,8.727272033691406
2012-03-27,8.704821620579507,8.76094522910777,8.586961346858796,8.744108200073242
2012-03-28,8.721557429131652,9.014718738747215,8.721557429131652,9.00908088684082
2012-03-29,9.009080078027365,9.059819665319338,8.969616193535877,9.003442764282227
2012-03-30,9.020355200433311,9.08800833757302,8.980891318481037,9.076732635498047
2012-04-02,9.048544774875282,9.076734034407256,8.992167868776788,9.00908088684082
2012-04-03,9.076737444966975,9.076737444966975,8.862503830922629,8.896329879760742
2012-04-04,9.071093738463484,9.071093738463484,8.862498113025445,8.952701568603516
2012-04-05,9.059821980207289,9.076735538729622,8.918878885119284,9.020358085632324
2012-04-09,9.054186667515223,9.054186667515223,8.890693190506552,8.947070121765137
2012-04-10,8.98089232239814,9.042907615432659,8.890688846335342,8.96397876739502
2012-04-11,8.93578979055896,8.975253673416892,8.868136651866678,8.93015193939209
2012-04-12,8.890687979981537,8.901963144563114,8.625714891626048,8.806121826171875
2012-04-13,8.766663666753566,8.930157692332527,8.74411278521355,8.901968955993652
2012-04-16,8.901963575996097,9.200762710232672,8.896325724604534,9.031631469726562
2012-04-17,9.150025965862636,9.150025965862636,8.90760419491289,8.935792922973633
2012-04-18,8.935794626662126,9.054186339310194,8.935794626662126,8.997809410095215
2012-04-19,8.969620676660039,9.031635997748499,8.935794626662126,8.997809410095215
2012-04-20,9.02035696874074,9.082372267000144,9.0034439499678,9.054183006286621
2012-04-23,9.014722435094171,9.048548485092084,8.963982822441931,8.997809410095215
2012-04-24,8.969622363385875,9.071101607773398,8.969622363385875,9.059825897216797
2012-04-25,9.076732150006752,9.25713907231629,9.020354717957503,9.234587669372559
2012-04-26,9.183635931246334,9.211946185613701,9.08738322624885,9.160988807678223
2012-04-27,9.115688985575087,9.18363140270209,9.070393680848667,9.143998146057129
2012-04-30,9.155326234122281,9.155326234122281,9.087382707445315,9.132678031921387
2012-05-01,9.410110222912548,9.410110222912548,9.013775445369482,9.047746658325195
2012-05-02,9.104367813782346,9.104367813782346,9.030762784968942,9.059072494506836
2012-05-03,9.076059341430664,9.160987936605766,9.059073190425373,9.076059341430664
2012-05-04,9.132670158769216,9.18362748986588,9.110023056017804,9.149656295776367
2012-05-07,9.194961112243824,9.223271369934082,9.144003728327267,9.223271369934082
2012-05-08,9.240258128704426,9.376144150605832,9.200624840640613,9.245920181274414
2012-05-09,9.25157690930677,9.353491637059616,9.211943644052994,9.291210174560547
2012-05-10,9.262903383515122,9.370479108242925,9.262903383515122,9.330845832824707
2012-05-11,9.342167282823015,9.342167282823015,9.228928459545887,9.308196067810059
2012-05-14,9.268561937879477,9.364814604696596,9.268561937879477,9.302533149719238
2012-05-15,9.330844311768383,9.398787829927997,9.240253674172617,9.296873092651367
2012-05-16,9.296869735357946,9.296869735357946,9.217603226067837,9.25723648071289
2012-05-17,9.23458637562515,9.257234562114222,9.172306022630142,9.183629035949707
2012-05-18,9.257239525017638,9.404449576342556,9.217606257338922,9.32518196105957
2012-05-21,9.444076636221954,9.466723740040976,9.245909348162533,9.353486061096191
2012-05-22,9.353491381135818,9.410110792774383,9.308196067810059,9.308196067810059
2012-05-23,9.279887007078845,9.444083213806152,9.279887007078845,9.444083213806152
2012-05-24,9.404448844898269,9.534672737121582,9.285547971184249,9.534672737121582
2012-05-25,9.53467399227577,9.59129341197753,9.37047778313323,9.506364822387695
2012-05-29,9.512047269174131,9.529104529023979,9.375592443715014,9.398335456848145
2012-05-30,9.364221722536845,9.369907476296998,9.187967693758672,9.216395378112793
2012-05-31,9.19365521992231,9.216397154900594,9.11974257568432,9.12542724609375
2012-06-01,9.131109237670898,9.205022935893082,9.096995807039495,9.131109237670898
2012-06-04,9.15954213493508,9.18228407080646,9.131113359537233,9.165227890014648
2012-06-05,9.131112745239905,9.210712226551909,9.125426990542847,9.187969207763672
2012-06-06,9.176598238414881,9.244826214348002,9.170912483383214,9.233454704284668
2012-06-07,9.2277740754746,9.23914559185505,9.097004890441895,9.097004890441895
2012-06-08,9.085633374061445,9.14817562970643,9.085633374061445,9.097004890441895
2012-06-11,9.13679559993746,9.148167105722287,9.096996414137049,9.108367919921875
2012-06-12,9.085630679008618,9.119745218030639,9.045831467930094,9.068573951721191
2012-06-13,9.045830985895613,9.153858184814453,9.045830985895613,9.153858184814453
2012-06-14,9.176594947319439,9.244822898783276,9.159538772788354,9.19933795928955
2012-06-15,9.227768949253,9.256197724411336,9.170912483383214,9.233454704284668
2012-06-18,9.273254648465942,9.358538811884129,9.244826955475537,9.30168342590332
2012-06-19,9.352857012027842,9.386970470978033,9.307372038611819,9.381284713745117
2012-06-20,9.398338601909044,9.483622760804671,9.375595581165188,9.41539478302002
2012-06-21,9.438133293551601,9.443819046020508,9.38696260577784,9.443819046020508
2012-06-22,9.386967091537116,9.44382355894984,9.375595581165188,9.41539478302002
2012-06-25,9.375594785580887,9.46656469194305,9.375594785580887,9.432451248168945
2012-06-26,9.44382160615414,9.44382160615414,9.318737186821751,9.335794448852539
2012-06-27,9.352923811557373,9.432864075990912,9.347214803966732,9.41002368927002
2012-06-28,9.381471490993107,9.484251022338867,9.381471490993107,9.484251022338867
2012-06-29,9.507093310633213,9.63271326147994,9.472833819079376,9.621293067932129
2012-07-02,9.644136137642741,9.798305543563183,9.501386929736412,9.60987663269043
2012-07-03,9.72406858565602,9.72406858565602,9.604158781475723,9.6498384475708
2012-07-05,9.764042925932225,9.764042925932225,9.621293763532893,9.638422966003418
2012-07-06,9.649846236649799,9.67839673168508,9.592746335669261,9.60987663269043
2012-07-09,9.581323749068527,9.764042494613877,9.581323749068527,9.718362808227539
2012-07-10,9.712652711293043,9.781171696327734,9.678393218775698,9.718362808227539
2012-07-11,9.718366971818778,9.764046677775442,9.68981647491455,9.68981647491455
2012-07-12,9.621295382643527,9.666975078734891,9.48996639251709,9.48996639251709
2012-07-13,9.478548177091735,9.56419748902619,9.478548177091735,9.552777290344238
2012-07-16,9.592746896640978,9.81543641457867,9.512807684047498,9.552777290344238
2012-07-17,9.552773566378473,9.552773566378473,9.455704093602742,9.501383781433105
2012-07-18,9.501383781433105,9.558483663493478,9.501383781433105,9.501383781433105
2012-07-19,9.501378505199,9.501378505199,9.46140893667924,9.495668411254883
2012-07-20,9.484255598204395,9.60987448096248,9.484255598204395,9.587035179138184
2012-07-23,9.609872874384317,9.672682849807682,9.575613382830483,9.621293067932129
2012-07-24,9.621296066357877,9.695525169372559,9.592745573590738,9.695525169372559
2012-07-25,9.73549017881213,9.73549017881213,9.666971206665039,9.666971206665039
2012-07-26,9.678391742003534,9.792590395999621,9.672681645940308,9.775461196899414
2012-07-27,9.752529346425826,9.804130117589008,9.695195034737731,9.729595184326172
2012-07-30,9.729593533586335,9.729593533586335,9.655059706530079,9.68372631072998
2012-07-31,9.637856879158301,9.637856879158301,9.523189395076278,9.557589530944824
2012-08-01,9.546127795427386,9.655062895779874,9.546127795427386,9.61492919921875
2012-08-02,9.63785739656905,9.895861163335653,9.58052310466973,9.82132625579834
2012-08-03,9.838529961654825,9.849997042348557,9.735328422533248,9.763996124267578
2012-08-06,9.73532527414598,9.861460933862967,9.73532527414598,9.815593719482422
2012-08-07,9.781197769210594,9.855732716294398,9.741064071655273,9.741064071655273
2012-08-08,9.723855477580676,9.815590974245717,9.42571921427058,9.431452751159668
2012-08-09,9.414257073515984,9.483058458676261,9.22505463127637,9.253721237182617
2012-08-10,9.207855807952978,9.316790900058471,9.202122266940991,9.265190124511719
2012-08-13,9.230788171169804,9.322522622342895,9.173453865796393,9.253721237182617
2012-08-14,9.219321351044895,9.311055804801684,9.179187664221418,9.207854270935059
2012-08-15,9.247982744048393,9.29384994506836,9.207849079850963,9.29384994506836
2012-08-16,9.316794008957544,9.322527551882743,9.219325966352145,9.225059509277344
2012-08-17,9.230793052202543,9.299593380181946,9.161991630661644,9.225059509277344
2012-08-20,9.253721237182617,9.253721237182617,9.196388025370124,9.253721237182617
2012-08-21,9.23079104023368,9.28239182175193,9.207856873531675,9.23652458190918
2012-08-22,9.184925519802958,9.207858597236761,9.012923064803587,9.121857643127441
2012-08-23,9.087453496362855,9.127587184448968,9.058786341966849,9.064519882202148
2012-08-24,9.030116688217099,9.093183973008168,9.007183080403951,9.087450981140137
2012-08-27,9.06451881327149,9.173453330993652,9.06451881327149,9.173453330993652
2012-08-28,9.173456717039928,9.24225812358468,9.167723175364427,9.23652458190918
2012-08-29,9.201967085592155,9.391995153375571,9.201967085592155,9.374720573425293
2012-08-30,9.40351744600989,9.409276008605957,9.351691480978793,9.409276008605957
2012-08-31,9.45534296965517,9.461101531982422,9.420792694025122,9.461101531982422
2012-09-04,9.501410803442123,9.501410803442123,9.415034561259352,9.4323091506958
2012-09-05,9.461098817896533,9.461098817896533,9.386238627450712,9.438064575195312
2012-09-06,9.45533738623729,9.461095945164086,9.351685522220562,9.41502857208252
2012-09-07,9.426551532314287,9.461101808955794,9.322899604056277,9.455343246459961
2012-09-10,9.455339689374311,9.547474457979684,9.432305448056427,9.512924194335938
2012-09-11,9.51292554626548,9.558992937115034,9.51292554626548,9.547475814819336
2012-09-12,9.58202497803189,9.616576340933285,9.570508955397868,9.593542098999023
2012-09-13,9.558993703745365,9.69719588737783,9.558993703745365,9.65688705444336
2012-09-14,9.64536800612065,9.743261337280273,9.582024939389981,9.743261337280273
2012-09-17,9.714472167793907,9.892983195305218,9.702955043868432,9.83539867401123
2012-09-18,9.846912803805301,9.846912803805301,9.697193533299131,9.818120002746582
2012-09-19,9.777814435751782,9.875707795285226,9.749022723438062,9.806607246398926
2012-09-20,9.766297028791767,9.83539867401123,9.725988193385993,9.83539867401123
2012-09-21,9.846913738300294,9.881464004516602,9.783570668292764,9.881464004516602
2012-09-24,9.89298307721088,9.91601622645349,9.789331159785691,9.795089721679688
2012-09-25,9.772053147572622,9.927530986694231,9.743261443290747,9.869946479797363
2012-09-26,9.829473784305986,9.9624605178833,9.829473784305986,9.9624605178833
2012-09-27,9.974022269269906,9.974022269269906,9.875727512937535,9.893074035644531
2012-09-28,9.864167162674768,9.94511653194804,9.800565425976918,9.852603912353516
2012-10-01,9.841035710432608,9.927766119528124,9.841035710432608,9.875727653503418
2012-10-02,9.846814410493542,9.869941996768299,9.79477596282959,9.79477596282959
2012-10-03,9.77743891312206,9.82947741117293,9.77743891312206,9.817913055419922
2012-10-04,9.835254907909839,9.852601433283183,9.783216434626944,9.806344032287598
2012-10-05,9.78321918934678,9.90464159263841,9.78321918934678,9.800565719604492
2012-10-08,9.794782785324823,9.800564961630203,9.777436256408691,9.777436256408691
2012-10-09,9.74852485239647,9.765870275583323,9.708050727844238,9.708050727844238
2012-10-10,9.667578088821935,9.679142442600828,9.575065464265743,9.592411994934082
2012-10-11,9.563498269176707,9.621317808550469,9.563498269176707,9.60975456237793
2012-10-12,9.598190260464406,9.621317855759989,9.54036961796991,9.603972434997559
2012-10-15,9.644450090480788,9.7658724916911,9.644450090480788,9.673359870910645
2012-10-16,9.644447988593068,9.656012339379675,9.511461263058646,9.528806686401367
2012-10-17,9.56349831610252,9.615535681226836,9.517240919837302,9.603972434997559
2012-10-18,9.575065562766914,9.598194270562631,9.528809250012968,9.563502311706543
2012-10-19,9.540373603910826,9.580847739715844,9.517244896115109,9.563502311706543
2012-10-22,9.528806782543914,9.569280907868222,9.517242431640625,9.517242431640625
2012-10-23,9.511462730038277,9.598193168640137,9.511462730038277,9.598193168640137
2012-10-24,9.569283189526194,9.638668208652586,9.569283189526194,9.621321678161621
2012-10-25,9.603976250508122,9.621321678161621,9.575065366356515,9.621321678161621
2012-10-26,9.621320432280069,9.661794562013787,9.598192830791081,9.656013488769531
2012-10-31,9.615535273068488,9.615535273068488,9.499895095825195,9.499895095825195
2012-11-01,9.557719037481759,9.603975344925242,9.540372508626444,9.598193168640137
2012-11-02,9.56349781582509,9.56349781582509,9.436292188424064,9.511459350585938
2012-11-05,9.459425022938401,9.523026761621608,9.43051413913926,9.470988273620605
2012-11-06,9.436294314897438,9.580845394728188,9.436294314897438,9.465205192565918
2012-11-07,9.482552986437744,9.569283435446513,9.482552986437744,9.557720184326172
2012-11-08,9.557719646353789,9.673359870910645,9.557719646353789,9.673359870910645
2012-11-09,9.62710372553973,9.800565719604492,9.62710372553973,9.800565719604492
2012-11-12,9.823695233296426,9.852606122678946,9.783221090998564,9.817913055419922
2012-11-13,9.846821735774181,9.869949339254104,9.794783249397584,9.852603912353516
2012-11-14,9.858384178122517,9.939333540761345,9.777435918321016,9.835256576538086
2012-11-15,9.835250065937863,9.835250065937863,9.60975086128514,9.79477596282959
2012-11-16,9.829470680997565,9.93932977975599,9.748522451826572,9.823688507080078
2012-11-19,9.921983494634567,10.01449607384688,9.864162856917638,9.968239784240723
2012-11-20,9.99137597030116,10.037632294582464,9.864170251399257,10.002939224243164
2012-11-21,10.020278742821633,10.060752860371492,10.014496568480656,10.043407440185547
2012-11-23,10.101231426490994,10.135924487815645,10.054975114228935,10.11857795715332
2012-11-26,10.15326937461701,10.15326937461701,9.806346499718837,9.852603912353516
2012-11-27,9.858381036948826,9.97402231653621,9.817906919944335,9.88729190826416
2012-11-28,9.94535226951792,10.08469268718091,9.887295054090478,9.9163236618042
2012-11-29,10.061462371311512,10.160161123664757,9.829230338530254,9.835036277770996
2012-11-30,10.044044553589288,10.044044553589288,9.794395810455486,9.835036277770996
2012-12-03,9.840843053162473,9.881483523931099,9.782784763191676,9.811813354492188
2012-12-04,9.840848682186204,9.846653517870886,9.631839161684564,9.678285598754883
2012-12-05,9.724732320947926,9.747956093849195,9.637645387309046,9.707314491271973
2012-12-06,9.68989507852937,9.747953387291986,9.626030828153477,9.742147445678711
2012-12-07,9.753754541880596,9.753754541880596,9.608609378415888,9.643445014953613
2012-12-10,9.666673096354895,9.68989686709465,9.463469531863401,9.46927547454834
2012-12-11,9.527336448850283,9.602812617415822,9.49250189040423,9.567976951599121
2012-12-12,9.533141208043459,9.695704306200472,9.480888823184793,9.660868644714355
2012-12-13,9.626029367823682,9.666669845581055,9.533136530843981,9.666669845581055
2012-12-14,9.65505738029007,9.66086332067147,9.376378886202216,9.480883598327637
2012-12-17,9.434437723245825,9.457661486102165,9.28929252750358,9.428631782531738
2012-12-18,9.353158788045205,9.382187390515147,9.266071319580078,9.266071319580078
2012-12-19,9.277684932590624,9.417024251996924,9.277684932590624,9.370577812194824
2012-12-20,9.39960822968311,9.451860616775889,9.289297511668295,9.347355842590332
2012-12-21,9.283488341529246,9.614419273194034,9.260265127968298,9.538944244384766
2012-12-24,9.550556310138901,9.562167086613165,9.387993258427064,9.440245628356934
2012-12-26,9.486694828481722,9.527335326442735,9.306715005781296,9.417024612426758
2012-12-27,9.417023722420709,9.47533369064331,9.277080465988547,9.329559326171875
2012-12-28,9.352883758328971,9.40536150634216,9.3237282181326,9.329559326171875
2012-12-31,9.230434443157858,9.457842138443475,9.113815040949186,9.434518814086914
2013-01-02,9.422854974530738,9.551136016845703,9.417023866402308,9.551136016845703
2013-01-03,9.586123544494976,9.644433518955106,9.56863021850586,9.56863021850586
2013-01-04,9.632769536557896,9.755219459533691,9.632769536557896,9.755219459533691
2013-01-07,9.7260633594928,9.854344367980957,9.685246725527017,9.854344367980957
2013-01-08,9.877672351607535,9.877672351607535,9.801869050797736,9.84268569946289
2013-01-09,9.877670288085938,9.895162498333738,9.813529218057253,9.877670288085938
2013-01-10,9.86017669755655,9.877670019498716,9.796035629271948,9.866007804870605
2013-01-11,9.90682525784826,9.941810792437014,9.854346399880079,9.935980796813965
2013-01-14,9.935979980469263,9.935979980469263,9.86017669755655,9.866007804870605
2013-01-15,9.947642190815904,9.947642190815904,9.772713400592098,9.796036720275879
2013-01-16,9.825193749228117,9.825193749228117,9.685250473404837,9.81936264038086
2013-01-17,9.842681150803498,9.906822204589844,9.836851156977238,9.906822204589844
2013-01-18,9.91265432171916,9.91265432171916,9.842682154799343,9.854344367980957
2013-01-22,9.900989259080657,9.9068203639933,9.871834846686985,9.889327049255371
2013-01-23,9.895161286735023,9.91265460701091,9.866006865111771,9.900992393493652
2013-01-24,9.912655230778007,9.94180965423584,9.877669700194616,9.94180965423584
2013-01-25,9.970965189863636,9.970965189863636,9.883500807320175,9.94180965423584
2013-01-28,10.005953324404963,10.011784433048016,9.825193405151367,9.825193405151367
2013-01-29,9.91887640236261,9.91887640236261,9.696374424288708,9.754927635192871
2013-01-30,9.836903288391225,9.836903288391225,9.64953387212622,9.713942527770996
2013-01-31,9.678808886403358,9.754927276009312,9.62611111021094,9.702229499816895
2013-02-01,9.725651984511128,9.749072599741528,9.620256423950195,9.620256423950195
2013-02-04,9.620259611885645,9.678812844579337,9.579272684043069,9.590982437133789
2013-02-05,9.637819109344782,9.68466256128937,9.631964794661073,9.672951698303223
2013-02-06,9.637816559496997,9.684659999048359,9.631962246362146,9.643671989440918
2013-02-07,9.684669451151299,9.690523769999885,9.590983597421554,9.637825965881348
2013-02-08,9.672958829726873,9.696379456156745,9.649537086486816,9.649537086486816
2013-02-11,9.696376614693998,9.713942916976347,9.608547336901978,9.614402770996094
2013-02-12,9.655387878417969,9.678809610393055,9.602690098283679,9.655387878417969
2013-02-13,9.667097600931847,9.672953033233007,9.526570576132542,9.538281440734863
2013-02-14,9.520717626103046,9.532428493758662,9.403611183166504,9.403611183166504
2013-02-15,9.386047201365175,9.491441673343159,9.380191766786961,9.415323257446289
2013-02-19,9.4563114325114,9.49144292781401,9.380193006554064,9.3919038772583
2013-02-20,9.421178692024503,9.479731920996683,9.380191766786961,9.415323257446289
2013-02-21,9.468020530935902,9.626113905419945,9.468020530935902,9.509007453918457
2013-02-22,9.555850173070215,9.555850173070215,9.444599151611328,9.444599151611328
2013-02-25,9.444599565444966,9.468021304382551,9.386047451720964,9.427034378051758
2013-02-26,9.432914559857224,9.46231845663591,9.37410508376971,9.44467544555664
2013-02-27,9.44467700891639,9.456439018249512,9.3858686447812,9.456439018249512
2013-02-28,9.462317897821226,9.574054718017578,9.427032999433266,9.574054718017578
2013-03-01,9.60933665357465,9.638740539550781,9.532884755338545,9.638740539550781
2013-03-04,9.65638572839944,9.668147734124972,9.615219830046689,9.662266731262207
2013-03-05,9.674030952329625,9.685791839061782,9.597579019292878,9.668149948120117
2013-03-06,9.69166682448324,9.69166682448324,9.585811057825115,9.644619941711426
2013-03-07,9.668149336776835,9.668149336776835,9.585816404736715,9.656387329101562
2013-03-08,9.6563879397011,9.721077864318831,9.58581701087386,9.668149948120117
2013-03-11,9.697547736517024,9.697547736517024,9.468194325308833,9.591691970825195
2013-03-12,9.609337628345767,9.609337628345767,9.403507040574338,9.521124839782715
2013-03-13,9.562290635748305,9.585813522338867,9.421149951145573,9.585813522338867
2013-03-14,9.579936692482768,9.579936692482768,9.37410548041891,9.485841751098633
2013-03-15,9.403512613623938,9.51524947692479,9.185920453480277,9.232967376708984
2013-03-18,9.150632305991547,9.32117748260498,9.033014478663635,9.32117748260498
2013-03-19,9.327056664057732,9.415270022625132,9.203558410738006,9.315295219421387
2013-03-20,9.43879222869873,9.43879222869873,9.31529454516131,9.43879222869873
2013-03-21,9.35058230326074,9.427034235090137,9.2976549487413,9.379986763000488
2013-03-22,9.309415266991838,9.409390081474978,9.280010810818558,9.350581169128418
2013-03-25,9.356464336283304,9.356464336283304,9.18003811928711,9.303536415100098
2013-03-26,9.315348238053213,9.315348238053213,9.209021955428232,9.262185096740723
2013-03-27,9.291716978313893,9.386229515075684,9.244460991600896,9.386229515075684
2013-03-28,9.403952870221435,9.403952870221435,9.1972074508667,9.1972074508667
2013-04-01,9.214927678312096,9.291718244684674,9.214927678312096,9.26809024810791
2013-04-02,9.315346482803848,9.315346482803848,9.2267410761999,9.25036907196045
2013-04-03,9.25037081496641,9.268091674291918,9.155858814115742,9.262185096740723
2013-04-04,9.309440385035266,9.309440385035266,9.191300393009117,9.244462966918945
2013-04-05,9.244466302101745,9.421676635742188,9.244466302101745,9.421676635742188
2013-04-08,9.386231504133365,9.480742934251694,9.28581237025425,9.380324363708496
2013-04-09,9.356695657772683,9.386230794327606,9.250369391509306,9.26809024810791
2013-04-10,9.344879620880908,9.374414751882918,9.303530775479556,9.338973045349121
2013-04-11,9.386234907015773,9.42758377830863,9.32125746545714,9.421676635742188
2013-04-12,9.42757798674943,9.510276241867993,9.392135716459824,9.480740547180176
2013-04-15,9.53390310869783,9.545717385876227,9.486647126655729,9.522089958190918
2013-04-16,9.551626440474516,9.61660385131836,9.492556169404814,9.61660385131836
2013-04-17,9.622511316324061,9.693394742666127,9.563441043257843,9.592975616455078
2013-04-18,9.646141459671636,9.705211749333902,9.587071170009368,9.604792594909668
2013-04-19,9.67567746164093,9.711120316644852,9.58707257747559,9.652050018310547
2013-04-22,9.687484741210938,9.687484741210938,9.622508474035305,9.687484741210938
2013-04-23,9.717027459145504,9.717027459145504,9.628421448307934,9.652050018310547
2013-04-24,9.722926968964439,9.722926968964439,9.533903042116119,9.539810180664062
2013-04-25,9.640231051591256,9.65795247048692,9.575253642312171,9.646138191223145
2013-04-26,9.652076252118702,9.693603134298106,9.598684223167277,9.64021110534668
2013-04-29,9.705463719351426,9.723260299622117,9.586814570443494,9.646139144897461
2013-04-30,9.669870602460447,9.74699290710435,9.669870602460447,9.699533462524414
2013-05-01,9.729190283200232,9.729190283200232,9.610542297363281,9.610542297363281
2013-05-02,9.646137177789734,9.687664031982422,9.622406900238536,9.687664031982422
2013-05-03,9.687670958498323,9.687670958498323,9.616481206467205,9.669873237609863
2013-05-06,9.669870837504803,9.711398842603773,9.628343963928273,9.705466270446777
2013-05-07,9.72326396231518,9.75292682647705,9.675804511178756,9.75292682647705
2013-05-08,9.770716722608775,9.770716722608775,9.699528160414301,9.7291898727417
2013-05-09,9.764786412351553,9.859706403101367,9.741057263305642,9.847841262817383
2013-05-10,9.85377258069885,9.907164573669434,9.800380587728267,9.907164573669434
2013-05-13,9.913100625986662,9.960561203183536,9.824114306787402,9.859709739685059
2013-05-14,9.901236613209884,9.901236613209884,9.669870825464882,9.859709739685059
2013-05-15,9.85970097895421,9.960552352842289,9.675794800291493,9.723254203796387
2013-05-16,9.776649291378613,9.835973847555204,9.687663022874624,9.7291898727417
2013-05-17,9.705461740609476,9.841907441969655,9.669866324280976,9.711394309997559
2013-05-20,9.746993783178347,9.853777825961709,9.735128638086303,9.741061210632324
2013-05-21,9.66987193834638,9.75292682647705,9.66987193834638,9.75292682647705
2013-05-22,9.729196535147553,9.818182864588028,9.729196535147553,9.75292682647705
2013-05-23,9.752919431992977,9.794446278812135,9.693594880170588,9.735121726989746
2013-05-24,9.758849605066132,9.794443874814444,9.687659934048074,9.723254203796387
2013-05-28,9.782587207658697,9.782587207658697,9.634276301906098,9.699533462524414
2013-05-29,9.699529568392208,9.699529568392208,9.234809703257902,9.318221092224121
2013-05-30,9.294391440971419,9.318223190586474,9.151400375087354,9.234811782836914
2013-05-31,9.175232711775829,9.216938702416014,8.990536782489889,9.008410453796387
2013-06-03,8.942873102707454,8.984578524326082,8.686681356893006,8.841588020324707
2013-06-04,8.859461115360995,8.92499828338623,8.787965868007905,8.92499828338623
2013-06-05,8.936914160211723,9.008409405310172,8.88329258433946,8.990535736083984
2013-06-06,9.00245142476614,9.151399995734304,8.978619676138981,9.139484405517578
2013-06-07,9.139487392583543,9.139487392583543,9.038202285766602,9.038202285766602
2013-06-10,9.067990221233634,9.067990221233634,8.847546378576443,8.907125473022461
2013-06-11,8.835630432019824,8.8654202640587,8.686681840019228,8.716471672058105
2013-06-12,8.770089265881872,8.770089265881872,8.513897622380684,8.55560302734375
2013-06-13,8.555604560541529,8.591352462768555,8.460277578860962,8.591352462768555
2013-06-14,8.6271026479696,8.746261982644857,8.615187055418366,8.710514068603516
2013-06-17,8.728386502834255,8.811797911630803,8.621143912317251,8.644975662231445
2013-06-18,8.609227371426211,8.674765106928813,8.525816534522844,8.656890869140625
2013-06-19,8.609234256625058,8.668813960513548,8.567528804819617,8.585402488708496
2013-06-20,8.5556015329574,8.585391346239216,8.412611111036798,8.430484771728516
2013-06-21,8.418569557349683,8.46623303341815,8.287494714064673,8.40665340423584
2013-06-24,8.341123719349163,8.400703401764956,8.108763639760324,8.239838600158691
2013-06-25,8.257710987878788,8.412617683410645,8.114720454246555,8.412617683410645
2013-06-26,8.442552783984125,8.646131585805474,8.412614540149528,8.580267906188965
2013-06-27,8.64613291854283,8.717984943231125,8.610207477223279,8.676071166992188
2013-06-28,8.706010883521467,8.706010883521467,8.580270675650484,8.646134376525879
2013-07-01,8.700021651546754,8.741935427785691,8.628170197883055,8.676071166992188
2013-07-02,8.628171679321726,8.676072656655355,8.580270701988098,8.64014720916748
2013-07-03,8.640147189529406,8.664097678141784,8.466506004333496,8.466506004333496
2013-07-05,8.466502291192183,8.466502291192183,8.28088565758335,8.3407621383667
2013-07-08,8.4485477158566,8.532374761184618,8.41262224716247,8.454535484313965
2013-07-09,8.490456288493974,8.490456288493974,8.406629294856877,8.424592018127441
2013-07-10,8.478483116190764,8.478483116190764,8.370705604553223,8.370705604553223
2013-07-11,8.406628640330938,8.490455627441406,8.400640876032055,8.490455627441406
2013-07-12,8.526376072446514,8.526376072446514,8.418599233375858,8.442549705505371
2013-07-15,8.442549705505371,8.520388311658062,8.442549705505371,8.442549705505371
2013-07-16,8.412618627608367,8.424593588345804,8.316816657609731,8.328791618347168
2013-07-17,8.328789560785234,8.412616549337635,8.328789560785234,8.364715576171875
2013-07-18,8.400636621778451,8.412612144311568,8.310822486877441,8.310822486877441
2013-07-19,8.340764271983465,8.382677476638792,8.238974571228027,8.238974571228027
2013-07-22,8.274901547122434,8.274901547122434,8.119223656227026,8.149161338806152
2013-07-23,8.209032829443313,8.310822486877441,8.209032829443313,8.310822486877441
2013-07-24,8.34076291599762,8.34076291599762,8.125208021900372,8.143171310424805
2013-07-25,8.095273106169008,8.185087295274782,8.083297576408405,8.119223594665527
2013-07-26,8.143176405037147,8.203052357838613,8.101262609948785,8.1551513671875
2013-07-29,8.1671876116341,8.251447677612305,8.131076564768255,8.251447677612305
2013-07-30,8.203294548682736,8.245424270629883,8.167182948460601,8.245424270629883
2013-07-31,8.215335725382733,8.233391822062051,8.167187282187317,8.227373123168945
2013-08-01,8.26348093597793,8.269499632516574,8.100980147255944,8.125054359436035
2013-08-02,8.131075644156764,8.149131165545414,8.088945328950341,8.094964027404785
2013-08-05,8.088945278410216,8.100982675243891,8.010704494890021,8.022741317749023
2013-08-06,8.022746400799457,8.046820635745084,7.932468163247115,7.974597930908203
2013-08-07,7.974590992756128,7.974590992756128,7.896349653761576,7.932461261749268
2013-08-08,7.914406160187346,7.97459198969945,7.908388036415823,7.938480377197266
2013-08-09,7.914407857381172,7.968575000762939,7.890333635208691,7.9685750007629395
2013-08-12,7.962554594207186,7.998666206709369,7.938480377197266,7.938480377197266
2013-08-13,7.9565334722767265,7.998663192675229,7.866254762027145,7.962551593780518
2013-08-14,7.950518658670992,8.022741317749023,7.920425740561478,8.022741317749023
2013-08-15,7.974593699799742,8.034779542218311,7.884315510146619,7.9685750007629395
2013-08-16,7.968577562244015,8.155153274536133,7.878299343571164,8.155153274536133
2013-08-19,8.125055929025821,8.125055929025821,7.9444990158081055,7.9444990158081055
2013-08-20,7.974591542920511,8.2093155760977,7.902368895937049,8.16116714477539
2013-08-21,8.167184722027345,8.31764870334089,8.119036293924975,8.257463455200195
2013-08-22,8.24542664151441,8.419964849163435,8.24542664151441,8.413946151733398
2013-08-23,8.365797657643066,8.389871873208493,8.281538190151354,8.341723442077637
2013-08-26,8.371814220009712,8.371814220009712,8.185239240452493,8.20329475402832
2013-08-27,8.215333604318417,8.28153812710023,8.088943830068537,8.269500732421875
2013-08-28,8.281602335834997,8.329997914599767,8.136417330282468,8.178763389587402
2013-08-29,8.124312524269705,8.251349449157715,8.03962104870654,8.251349449157715
2013-08-30,8.239253099715377,8.239253099715377,8.081969126900319,8.202957153320312
2013-09-03,8.178759663419047,8.24530261641911,8.160611113307848,8.202957153320312
2013-09-04,8.209006800443305,8.29369831085205,8.130364807259552,8.29369831085205
2013-09-05,8.251348171066288,8.2694961355497,8.033570289611816,8.033570289611816
2013-09-06,8.057770649968216,8.239252090454102,7.991227705119283,8.239252090454102
2013-09-09,8.190855455624956,8.26344790171618,8.148510006300112,8.251349449157715
2013-09-10,8.263452644390227,8.263452644390227,8.14851468300739,8.184810638427734
2013-09-11,8.142464276397364,8.154562734579514,8.063822279015286,8.148513793945312
2013-09-12,8.10012150248043,8.16666448690695,8.10012150248043,8.160614967346191
2013-09-13,8.136414011098374,8.257401466369629,8.118266037036108,8.257401466369629
2013-09-16,8.269502881000161,8.402589408568694,8.21505836622604,8.342095375061035
2013-09-17,8.323948120007012,8.747404660662266,8.305799562227367,8.62641716003418
2013-09-18,8.626419284419491,8.723209308757957,8.414690673493558,8.69901180267334
2013-09-19,8.74134970721379,8.74134970721379,8.53567079555241,8.620362281799316
2013-09-20,8.565922374577998,8.602218910059435,8.432835847031203,8.571971893310547
2013-09-23,8.608264526868364,8.608264526868364,8.457030078453274,8.553820610046387
2013-09-24,8.590113243482042,8.620360236888898,8.481224874896148,8.49332332611084
2013-09-25,8.559870891841243,8.60826587677002,8.499377449137134,8.60826587677002
2013-09-26,8.547471175921116,8.632580757141113,8.535312333023665,8.632580757141113
2013-09-27,8.63258114389327,8.63258114389327,8.498836764857067,8.57786750793457
2013-09-30,8.535314506033892,8.54747335202687,8.492759704589844,8.492759704589844
2013-10-01,8.535314735994438,8.57179069519043,8.407649748457025,8.57179069519043
2013-10-02,8.55355536546007,8.596110762442104,8.419811488561972,8.541397094726562
2013-10-03,8.54139531304043,8.553553581237793,8.480602232756272,8.553553581237793
2013-10-04,8.498838547820645,8.535314506033892,8.438046057152818,8.492759704589844
2013-10-07,8.50491986459528,8.50491986459528,8.261748688246021,8.279986381530762
2013-10-08,8.322538142890597,8.322538142890597,8.17055606842041,8.17055606842041
2013-10-09,8.237429045094846,8.261746155274379,8.146239447097361,8.255666732788086
2013-10-10,8.207036057463904,8.249590873718262,8.188798361892877,8.249590873718262
2013-10-11,8.267824305980294,8.267824305980294,8.164476458673125,8.20703125
2013-10-14,8.267825448728251,8.298221401154063,8.188794696936753,8.243508338928223
2013-10-15,8.310378387541386,8.352933175233778,8.18879286573062,8.213109970092773
2013-10-16,8.292143191979921,8.292143191979921,8.200953588439457,8.267826080322266
2013-10-17,8.24350159405957,8.42587947845459,8.24350159405957,8.42587947845459
2013-10-18,8.462362919321025,8.510997142324483,8.450204073687326,8.486680030822754
2013-10-21,8.535316586027527,8.535316586027527,8.389413877150503,8.431968688964844
2013-10-22,8.468441990830517,8.656899452209473,8.45020372313657,8.656899452209473
2013-10-23,8.662979806609986,8.760248259044497,8.620425003611315,8.729851722717285
2013-10-24,8.80888193761935,8.912229806847378,8.693375802475737,8.845357894897461
2013-10-25,8.936549088940723,8.936549088940723,8.681219065276776,8.754170417785645
2013-10-28,8.808884246576175,8.821043095444475,8.735932892663852,8.79064655303955
2013-10-29,8.815079323043237,8.821187736228481,8.692901737963902,8.729555130004883
2013-10-30,8.69290101175675,8.723445405474896,8.558506611534266,8.625703811645508
2013-10-31,8.63181078152581,8.63181078152581,8.558504603354434,8.613484382629395
2013-11-01,8.644031891797505,8.644031891797505,8.515745879362287,8.576834678649902
2013-11-04,8.601266996695955,8.637920379638672,8.55850520208425,8.637920379638672
2013-11-05,8.674576047061109,8.741773840901581,8.631814238316043,8.680685043334961
2013-11-06,8.717342113786694,8.753994941711426,8.680688703275768,8.753994941711426
2013-11-07,8.772319407480627,8.94947625666962,8.711231180310737,8.90671443939209
2013-11-08,8.857841257107864,8.961691856384277,8.796752463679653,8.961691856384277
2013-11-11,8.918929801438816,8.918929801438816,8.747881417651406,8.802861213684082
2013-11-12,8.839513736491769,8.845622148994929,8.570723778434315,8.61959457397461
2013-11-13,8.925037839227848,8.925037839227848,8.564615847498976,8.589051246643066
2013-11-14,8.723447822981498,8.723447822981498,8.552399986378022,8.57072639465332
2013-11-15,8.552400119240144,8.564618113337492,8.491311313925447,8.497420310974121
2013-11-18,8.479091159089654,8.49130856664816,8.442437771242465,8.466873168945312
2013-11-19,8.509637953029475,8.509637953029475,8.46687555804385,8.479093551635742
2013-11-20,8.472984322518641,8.472984322518641,8.393569114106825,8.430222511291504
2013-11-21,8.57683698533345,8.57683698533345,8.411898115035216,8.442441940307617
2013-11-22,8.497418277142295,8.509636268315305,8.411894669274771,8.41800308227539
2013-11-25,8.387455940246582,8.448544710934813,8.332476745730007,8.387455940246582
2013-11-26,8.43658195490457,8.461142578047772,8.369040387653625,8.387460708618164
2013-11-27,8.461142167429331,8.461142167429331,8.381319999694824,8.381319999694824
2013-11-29,8.387460708618164,8.412021331761368,8.381320406439503,8.387460708618164
2013-12-02,8.381320034494728,8.387460336400897,8.307638168334961,8.307638168334961
2013-12-03,8.289219559546183,8.418162998339763,8.283079256372313,8.39360237121582
2013-12-04,8.565526404741831,8.571666707660254,8.442723274230957,8.442723274230957
2013-12-05,8.405879477777003,8.60236501222096,8.326057906476004,8.540963172912598
2013-12-06,8.553242739476058,8.590083370143773,8.41201876039311,8.485700607299805
2013-12-09,8.44272021946324,8.448860520159963,8.326057434082031,8.326057434082031
2013-12-10,8.307637963040241,8.553244763074888,8.240096400455702,8.46728229522705
2013-12-11,8.59622597911419,8.59622597911419,8.442721943772865,8.56552505493164
2013-12-12,8.596226551652551,8.620787175520128,8.571665927784974,8.60850715637207
2013-12-13,8.706751207204585,8.786573395426403,8.614648412069453,8.737451553344727
2013-12-16,8.663765101259617,8.897091239464725,8.663765101259617,8.847970008850098
2013-12-17,8.921653438882112,8.921653438882112,8.817270658899227,8.897092819213867
2013-12-18,9.087439204035704,9.087439204035704,8.9032342405649,8.933935165405273
2013-12-19,9.062876885300723,9.062876885300723,8.90323257446289,8.90323257446289
2013-12-20,8.90323472472768,8.964636577747493,8.872533798217773,8.872533798217773
2013-12-23,8.95235435986026,9.04445653722334,8.866391898235719,8.897092819213867
2013-12-24,9.0751579433436,9.0751579433436,8.755869870587825,8.958495140075684
2013-12-26,9.007615471673377,9.007615471673377,8.774289303147523,8.81113052368164
2013-12-27,8.7987897938395,8.7987897938395,8.60751149899874,8.69389533996582
2013-12-30,8.85432663970419,8.85432663970419,8.700070082137511,8.780282974243164
2013-12-31,8.730918538130137,8.761769958905116,8.607513443472131,8.663045883178711
2014-01-02,8.66304215149002,8.792617592175535,8.66304215149002,8.687723159790039
2014-01-03,8.681556940872076,8.946878349183773,8.638365302660194,8.86666488647461
2014-01-06,8.934533737834608,8.946874536889224,8.88517171849952,8.92219352722168
2014-01-07,8.940706726269362,8.940706726269362,8.82964244482603,8.87900447845459
2014-01-08,8.83580854034632,8.83580854034632,8.730914115905762,8.730914115905762
2014-01-09,8.74326140118619,8.804964257269507,8.712409973144531,8.712409973144531
2014-01-10,8.7370900502192,8.78645209435497,8.724749833406248,8.76794147491455
2014-01-13,8.77411022631033,8.786450440800932,8.70623698706547,8.755599021911621
2014-01-14,8.72474819146418,8.761769423377856,8.700067174041106,8.755599021911621
2014-01-15,8.780279056942456,8.85432268936909,8.7617684430567,8.841981887817383
2014-01-16,8.804962430759783,8.885175303209797,8.786451224709543,8.848154067993164
2014-01-17,8.835811487041529,8.885173516364748,8.798790259270017,8.841981887817383
2014-01-21,8.84198114030367,8.922194578282994,8.823470527982828,8.860491752624512
2014-01-22,8.835810896207985,8.9098539352417,8.823470683923249,8.9098539352417
2014-01-23,8.922196090037984,8.977728524851546,8.786450203653928,8.823472023010254
2014-01-24,8.829643436147691,8.885175288883099,8.786451210542031,8.792621612548828
2014-01-27,8.854323441066883,8.903685474580747,8.823472023010254,8.823472023010254
2014-01-28,8.804962630235057,8.86666488647461,8.786451423765447,8.86666488647461
2014-01-29,8.885265887644536,8.98447322845459,8.848063430501963,8.98447322845459
2014-01-30,9.003078823039036,9.027880668640137,8.965875758976065,9.027880668640137
2014-01-31,9.027875733004114,9.027875733004114,8.928667813515098,8.96587085723877
2014-02-03,8.953469656146053,8.978271488217061,8.879064159933032,8.897665977478027
2014-02-04,8.953468341691194,8.953468341691194,8.77365493774414,8.77365493774414
2014-02-05,8.779857075927906,8.866663786252783,8.748854637145996,8.748854637145996
2014-02-06,8.77365607608121,8.823259739376754,8.761255455918478,8.77985668182373
2014-02-07,8.810858712662835,8.89146480962934,8.77985627670306,8.866662979125977
2014-02-10,8.903865971101817,9.102281218526407,8.89766595659036,9.034075736999512
2014-02-11,9.08367766997676,9.08367766997676,8.9906709654834,9.040274620056152
2014-02-12,9.065076819113933,9.133281699118093,9.021673767413306,9.120881080627441
2014-02-13,9.195288888042377,9.238691950705551,9.077480321675596,9.08988094329834
2014-02-14,9.08987882223854,9.182886123657227,9.08987882223854,9.182886123657227
2014-02-18,9.158091777525897,9.2324973246608,9.127089318389006,9.133289337158203
2014-02-19,9.189086748865389,9.288294070589462,9.058876991271973,9.058876991271973
2014-02-20,9.139482304024535,9.151883513837417,9.096079252323907,9.120881080627441
2014-02-21,9.164284904684095,9.176686115542138,9.114681243896484,9.114681243896484
2014-02-24,9.102285203274807,9.14568828046736,9.058881534759676,9.096084594726562
2014-02-25,9.058875455959015,9.08367728218658,9.046474838506322,9.071276664733887
2014-02-26,9.065043808097522,9.127346157366722,9.058813394921133,9.089964866638184
2014-02-27,9.102429651163813,9.102429651163813,9.046357687028106,9.052587509155273
2014-02-28,9.033894245634695,9.08996678774297,9.002742767333984,9.002742767333984
2014-03-03,9.008978966480178,9.12112412270498,9.008978966480178,9.07751178741455
2014-03-04,9.089971478958896,9.189655785634923,9.065050402289888,9.09620189666748
2014-03-05,9.083734453461792,9.114885925178843,9.046353162733254,9.089964866638184
2014-03-06,9.08996678774297,9.102427022564239,9.002742767333984,9.002742767333984
2014-03-07,9.033894433824852,9.033894433824852,8.934210176518018,8.959131240844727
2014-03-10,8.996517796722026,9.01520905151173,8.965366893736626,8.971596717834473
2014-03-11,8.971594952197544,8.977825369234614,8.927983221268594,8.934213638305664
2014-03-12,8.946670635410813,9.05258530999017,8.934210400018271,9.02143383026123
2014-03-13,9.021433051230023,9.083736005307829,9.008972816913465,9.065045356750488
2014-03-14,9.065045784577942,9.07127619911277,8.996512413024902,8.996512413024902
2014-03-17,9.065048542206927,9.083739197332159,9.008975982666016,9.008975982666016
2014-03-18,9.046355135138493,9.046355135138493,8.977821763585453,8.996512413024902
2014-03-19,8.977821890548498,9.083736562478268,8.959131240844727,8.959131240844727
2014-03-20,8.959137711280867,8.990289212728639,8.915525965753272,8.92175579071045
2014-03-21,8.971592975256648,9.002744459412325,8.921750838273622,8.940442085266113
2014-03-24,8.990282168356124,9.07127577099127,8.965361105558003,9.065045356750488
2014-03-25,9.102426653865168,9.102426653865168,9.021433051230023,9.065045356750488
2014-03-26,9.102431720210731,9.108662137919316,9.065050402289888,9.09620189666748
2014-03-27,9.077421989769556,9.14002513885498,9.052380849540963,9.14002513885498
2014-03-28,9.127504862904578,9.152546004759174,9.077422579195389,9.083683013916016
2014-03-31,9.071161270141602,9.07742170425881,9.014818557142435,9.071161270141602
2014-04-01,9.052374839782715,9.071155533228923,9.027333716178608,9.052374839782715
2014-04-02,9.046114907737179,9.058635768742416,9.008553518776493,9.027334213256836
2014-04-03,9.046114907737179,9.064895602217522,9.014813352251599,9.027334213256836
2014-04-04,9.02107422352703,9.089937768365509,9.014813792718526,9.033595085144043
2014-04-07,9.058635269940611,9.058635269940611,9.0085530227324,9.052374839782715
2014-04-08,9.033600448779419,9.052381155328302,9.014819145202637,9.014819145202637
2014-04-09,9.052378723257283,9.052378723257283,9.00855688740738,9.021077156066895
2014-04-10,9.027333716178608,9.064895103071027,9.027333716178608,9.052374839782715
2014-04-11,9.052380490086183,9.102462768554688,9.052380490086183,9.102462768554688
2014-04-14,9.08368213837602,9.08994257249323,9.058640998935042,9.071161270141602
2014-04-15,9.096204077505254,9.22767023293361,9.083683804002918,9.221409797668457
2014-04-16,9.196363323610763,9.258966445922852,9.196363323610763,9.258966445922852
2014-04-17,9.22766484333441,9.327829360961914,9.22766484333441,9.327829360961914
2014-04-21,9.252704518462602,9.334088325500488,9.252704518462602,9.334088325500488
2014-04-22,9.302792397993844,9.384176254272461,9.302792397993844,9.384176254272461
2014-04-23,9.484338238669622,9.484338238669622,9.42173570264546,9.471817970275879
2014-04-24,9.471813552937913,9.559457778930664,9.42799173845526,9.559457778930664
2014-04-25,9.509379184420412,9.659626581367993,9.509379184420412,9.603283882141113
2014-04-28,9.571841406070126,9.615864137054054,9.51524040922523,9.534107208251953
2014-04-29,9.502660215801217,9.540394405965214,9.433481566892596,9.439770698547363
2014-04-30,9.5026540987618,9.53409913702926,9.427186366778429,9.433475494384766
2014-05-01,9.433477470011699,9.546679391576431,9.433477470011699,9.521523475646973
2014-05-02,9.508948677016194,9.527815470885665,9.458636826854567,9.515237808227539
2014-05-05,9.477503620724036,9.552971395966479,9.477503620724036,9.515237808227539
2014-05-06,9.534101133012333,9.59070209379044,9.521523474930722,9.527812004089355
2014-05-07,9.515237340917233,9.641016960144043,9.515237340917233,9.641016960144043
2014-05-08,9.590704819867476,9.691328512179172,9.559259766078942,9.56554889678955
2014-05-09,9.603281871872412,9.622148661863685,9.5844144821167,9.5844144821167
2014-05-12,9.62214780943803,9.628436938799446,9.584413633033913,9.603281021118164
2014-05-13,9.584417529559232,9.6661744452026,9.584417529559232,9.634729385375977
2014-05-14,9.653592856480728,9.659881386077757,9.603281021118164,9.603281021118164
2014-05-15,9.659879823207334,9.678747208239033,9.596990339061204,9.615857124328613
2014-05-16,9.615862774473875,9.685041427612305,9.615862774473875,9.685041427612305
2014-05-19,9.659885410268515,9.848555171357845,9.647307746070366,9.653596878051758
2014-05-20,9.647307649212479,9.873711000387827,9.634729385375977,9.634729385375977
2014-05-21,9.685039422329563,9.760507791646251,9.615860783514538,9.659883499145508
2014-05-22,9.659882647598756,9.735350410498222,9.659882647598756,9.678750038146973
2014-05-23,9.6661744452026,9.716486301019344,9.634729385375977,9.634729385375977
2014-05-27,9.641016706698593,9.672461760619795,9.62214991425168,9.659883499145508
2014-05-28,9.691474138429053,9.773605346679688,9.666203043775813,9.773605346679688
2014-05-29,9.742012817769497,9.849415081977233,9.7104238102066,9.72305965423584
2014-05-30,9.716744254220856,9.729379499019394,9.697791085767868,9.710426330566406
2014-06-02,9.742017747523288,9.742017747523288,9.666204452514648,9.666204452514648
2014-06-03,9.659882184200843,9.672518028943104,9.55247991393258,9.558797836303711
2014-06-04,9.527208452237593,9.565115382463196,9.470348358154297,9.470348358154297
2014-06-05,9.438759519593987,9.501937536934747,9.438759519593987,9.476666450500488
2014-06-06,9.482985068507046,9.615658432648761,9.482985068507046,9.590387344360352
2014-06-09,9.552482296914452,9.621977652802624,9.514575958251953,9.514575958251953
2014-06-10,9.5082552883799,9.546161616095286,9.470348358154297,9.470348358154297
2014-06-11,9.470348898929622,9.565115928649902,9.470348898929622,9.565115928649902
2014-06-12,9.520890735174195,9.55247974395752,9.520890735174195,9.55247974395752
2014-06-13,9.508256454636182,9.558798632796204,9.482985365556171,9.53984546661377
2014-06-16,9.565116044986649,9.634611385618566,9.520891189575195,9.520891189575195
2014-06-17,9.495618990715668,9.514572756178529,9.457712664810321,9.501936912536621
2014-06-18,9.451396353578584,9.546162787001055,9.451396353578584,9.53984546661377
2014-06-19,9.56511575867484,9.590386845649125,9.514573584726275,9.558797836303711
2014-06-20,9.514577862497365,9.666204452514648,9.514577862497365,9.666204452514648
2014-06-23,9.666204452514648,9.716746649187074,9.60934433063054,9.666204452514648
2014-06-24,9.64093429621354,9.72306552445907,9.590392094602533,9.60302734375
2014-06-25,9.603024829955345,9.691473960876465,9.603024829955345,9.691473960876465
2014-06-26,9.672434356967003,9.73590201706964,9.653394301045196,9.729555130004883
2014-06-27,9.70416986434941,9.805717653847829,9.70416986434941,9.799370765686035
2014-06-30,9.773980140686035,9.818407735829386,9.742246922362366,9.773980140686035
2014-07-01,9.748595185926687,9.77398212891325,9.710515074083077,9.729555130004883
2014-07-02,9.7041652450973,9.71051213023793,9.596270618795701,9.615310668945312
2014-07-03,9.596273317796557,9.596273317796557,9.54549943293566,9.55819320678711
2014-07-07,9.551847142633886,9.615314201540679,9.48837947845459,9.48837947845459
2014-07-08,9.532803128573876,9.55184317781544,9.475682375576927,9.513762474060059
2014-07-09,9.488375358325841,9.539149225512785,9.482028473609413,9.520109176635742
2014-07-10,9.520109358897997,9.532803128573876,9.482028655142614,9.513762474060059
2014-07-11,9.501072435000486,9.589926430870833,9.494725548074761,9.55819320678711
2014-07-14,9.596271331856018,9.61531138342042,9.558191228727217,9.602618217468262
2014-07-15,9.608966880034215,9.672433932076407,9.564539277804998,9.628006935119629
2014-07-16,9.596275056136855,9.678782785299989,9.596275056136855,9.647048950195312
2014-07-17,9.666081837187809,9.710509415479365,9.469333295011321,9.545494079589844
2014-07-18,9.52645916763417,9.628006935119629,9.51376539406227,9.628006935119629
2014-07-21,9.608963959375172,9.710511695995043,9.608963959375172,9.672430992126465
2014-07-22,9.6787777533742,9.6978178024292,9.672430868598452,9.6978178024292
2014-07-23,9.666085757163941,9.723206520080566,9.666085757163941,9.723206520080566
2014-07-24,9.723205509247869,9.723205509247869,9.672431637549888,9.7041654586792
2014-07-25,9.6787777533742,9.767632324417939,9.6787777533742,9.6978178024292
2014-07-28,9.67878103201363,9.710514861369806,9.52011249050521,9.55819320678711
2014-07-29,9.590070186450793,9.621952190420172,9.526306178512035,9.56456470489502
2014-07-30,9.558188182481414,9.570941227308625,9.558188182481414,9.56456470489502
2014-07-31,9.507181167602539,9.539063184812186,9.475299150392892,9.507181167602539
2014-08-01,9.519933534287045,9.551814941109017,9.475298470158345,9.5390625
2014-08-04,9.507183508321184,9.526312480117067,9.500806981689541,9.519936561584473
2014-08-05,9.468924087039689,9.500805499024498,9.456171035766602,9.456171035766602
2014-08-06,9.462542778671923,9.596446708864399,9.392402248319558,9.56456470489502
2014-08-07,9.551813145827621,9.590071678161621,9.513555221592362,9.590071678161621
2014-08-08,9.564565796943846,9.660211211673797,9.564565796943846,9.65383529663086
2014-08-11,9.615576582556518,9.660211027499699,9.615576582556518,9.634705543518066
2014-08-12,9.634711000458813,9.660216498886339,9.519936561584473,9.519936561584473
2014-08-13,9.570941227308625,9.570941227308625,9.539059223339246,9.56456470489502
2014-08-14,9.545439024603937,9.570944514920827,9.507180485079171,9.5390625
2014-08-15,9.570947558439524,9.570947558439524,9.513560034952828,9.519936561584473
2014-08-18,9.513560554376884,9.564571554017048,9.513560554376884,9.545442581176758
2014-08-19,9.52630764014125,9.583695134471414,9.51355520145607,9.551813125610352
2014-08-20,9.532688836051022,9.583699831992643,9.532688836051022,9.577323913574219
2014-08-21,9.609200640279251,9.628330210495621,9.590071678161621,9.590071678161621
2014-08-22,9.58370009237709,9.647464143086072,9.532689095049525,9.570947647094727
2014-08-25,9.539065270964455,9.564570768690334,9.488054275512695,9.488054275512695
2014-08-26,9.488054536525302,9.558194505176235,9.488054536525302,9.519936561584473
2014-08-27,9.53274917602539,9.577593902371193,9.526342611986399,9.53274917602539
2014-08-28,9.545557975769043,9.577590172525987,9.539152025188324,9.545557975769043
2014-08-29,9.545560104202725,9.583998871074659,9.545560104202725,9.551966667175293
2014-09-02,9.526338902100212,9.558371098857155,9.526338902100212,9.545557975769043
2014-09-03,9.526341026248495,9.571185745129524,9.526341026248495,9.551966667175293
2014-09-04,9.526342831709488,9.571187559089624,9.51993626752273,9.539155960083008
2014-09-05,9.526340384296489,9.551966023496451,9.500714745096527,9.513527870178223
2014-09-08,9.513527870178223,9.564779148578147,9.500714745096527,9.513527870178223
2014-09-09,9.513526389975436,9.571183610981931,9.513526389975436,9.545557975769043
2014-09-10,9.50071475685327,9.571185111999512,9.50071475685327,9.571185111999512
2014-09-11,9.577588455223928,9.635246276855469,9.545556264210491,9.635246276855469
2014-09-12,9.616027680688687,9.731342718673403,9.590402048807277,9.705717086791992
2014-09-15,9.705716608314448,9.737748799327884,9.616027206632697,9.635246276855469
2014-09-16,9.584000687463144,9.590407251649902,9.539155960083008,9.539155960083008
2014-09-17,9.51993626752273,9.564781605866454,9.51993626752273,9.539155960083008
2014-09-18,9.526339888500445,9.616029926514132,9.526339888500445,9.58399772644043
2014-09-19,9.577589845989698,9.64806079864502,9.577589845989698,9.64806079864502
2014-09-22,9.622433214354047,9.62883916341822,9.583994465153046,9.609620094299316
2014-09-23,9.590405464172363,9.64165674618695,9.551966697179687,9.590405464172363
2014-09-24,9.596807851761954,9.660872235967176,9.596807851761954,9.654465675354004
2014-09-25,9.616026186295555,9.69930962970816,9.609619626580008,9.680089950561523
2014-09-26,9.673654556274414,9.712272210493675,9.673654556274414,9.673654556274414
2014-09-29,9.660782905136122,9.718709082506042,9.635038005616916,9.641473770141602
2014-09-30,9.635040296366594,9.66722158186847,9.57711410522461,9.57711410522461
2014-10-01,9.589987656291521,9.68009514613817,9.589987656291521,9.609296798706055
2014-10-02,9.589986251141179,9.615731156781287,9.506315768166054,9.57711410522461
2014-10-03,9.57067630443431,9.699400813523521,9.57067630443431,9.660783767700195
2014-10-06,9.64147650238834,9.686530549669694,9.64147650238834,9.667222023010254
2014-10-07,9.654345489543752,9.718708038330078,9.654345489543752,9.718708038330078
2014-10-08,9.718709084313872,9.821688682409853,9.718709084313872,9.815252304077148
2014-10-09,9.821691013699045,9.873180824968722,9.795946108064205,9.853872299194336
2014-10-10,9.853870453232254,9.866742596734802,9.8152527951109,9.840997695922852
2014-10-13,9.78950789429895,9.847434074577553,9.783071515644249,9.840997695922852
2014-10-14,9.821689173765602,9.886051118892054,9.8088164164562,9.840997695922852
2014-10-15,9.808817343759282,10.014777183532715,9.808817343759282,10.014777183532715
2014-10-16,10.001905427700763,10.059831619262695,9.931107090128942,10.059831619262695
2014-10-17,10.01477770314211,10.053394753110995,9.866744041442871,9.866744041442871
2014-10-20,9.86674598169289,9.918235800981266,9.853873833774328,9.860309600830078
2014-10-21,9.828129807950134,9.873183250427246,9.808820663625271,9.873183250427246
2014-10-22,9.834563204870953,9.860308110624269,9.789509773254395,9.789509773254395
2014-10-23,9.828124536332439,9.847433056493463,9.795943260192871,9.795943260192871
2014-10-24,9.783074817609204,9.963289184118477,9.783074817609204,9.92467212677002
2014-10-27,9.905364543828233,9.956854367746965,9.873183250427246,9.873183250427246
2014-10-28,9.87318326249806,10.014780585351248,9.87318326249806,9.976162910461426
2014-10-29,9.97292608010268,10.024666243629715,9.862978078409881,9.882380485534668
2014-10-30,9.901783509450858,10.07640640715675,9.856510403771152,9.882380485534668
2014-10-31,9.901784515624854,9.992329502602232,9.830641320952385,9.97292709350586
2014-11-03,9.92765245806589,9.95352253687658,9.888847031454189,9.947054862976074
2014-11-04,9.92765245806589,9.97939261568727,9.869444626544004,9.947054862976074
2014-11-05,9.921186924721226,9.979394768801805,9.882381489737018,9.97292709350586
2014-11-06,9.940589333817597,9.979394768801805,9.875914431232538,9.97292709350586
2014-11-07,9.93412413522537,9.95999422606743,9.86944921651603,9.940591812133789
2014-11-10,9.901788938780445,9.934126096122338,9.856515808276665,9.927659034729004
2014-11-11,9.888849352925112,9.966459607576688,9.85651159262242,9.908251762390137
2014-11-12,9.895317028343946,9.927654788646638,9.862979268041252,9.908251762390137
2014-11-13,9.934121658521653,9.979394768801805,9.908251574129334,9.97292709350586
2014-11-14,9.947052911908266,10.011727787853653,9.92765051080377,9.95998764038086
2014-11-17,9.979397256792689,10.01820208465997,9.93412413522537,9.940591812133789
2014-11-18,9.979391301247851,10.018196105957031,9.966455955150625,10.018196105957031
2014-11-19,10.01173009570154,10.03113311806992,9.959989936301895,9.992327690124512
2014-11-20,10.018198042929052,10.018198042929052,9.882379966604628,9.901782989501953
2014-11-21,9.91471733183956,9.953522759318489,9.869444847106934,9.869444847106934
2014-11-24,9.869444945536923,9.96645759001475,9.869444945536923,9.888847351074219
2014-11-25,9.8856008330603,9.957094106890521,9.8856008330603,9.944095611572266
2014-11-26,9.931095569467638,9.950594240372933,9.892099467320786,9.905097961425781
2014-11-28,9.911596121291646,9.95709177399403,9.911596121291646,9.9310941696167
2014-12-01,9.931095836844689,9.983091054328284,9.885600176504516,9.898598670959473
2014-12-02,9.885601153268597,9.996091156296362,9.885601153268597,9.989591598510742
2014-12-03,9.944092873706733,10.087080001831055,9.931093762135543,10.087080001831055
2014-12-04,10.100080464094402,10.139077186584473,10.087081969818962,10.139077186584473
2014-12-05,10.100080464094402,10.178073289242668,10.100080464094402,10.139077186584473
2014-12-08,10.11958073573849,10.184575080871582,10.080584624524244,10.184575080871582
2014-12-09,10.191074639351294,10.210572694958417,10.139079411177624,10.184575080871582
2014-12-10,10.230065145820426,10.360053145038082,10.217066655814497,10.327556610107422
2014-12-11,10.223569001830697,10.230068558917969,10.061083793640137,10.061083793640137
2014-12-12,10.048082920553314,10.204068534729172,10.048082920553314,10.165072441101074
2014-12-15,10.230066258904644,10.262563417202836,10.04808304019921,10.054582595825195
2014-12-16,10.028590160177613,10.295065879821777,10.028590160177613,10.295065879821777
2014-12-17,10.2300664572557,10.282061663608246,10.158573203478886,10.249565124511719
2014-12-18,10.282063810540432,10.282063810540432,10.15207576751709,10.15207576751709
2014-12-19,10.139076602619225,10.28856268725237,10.074082275489781,10.275564193725586
2014-12-22,10.431550179173398,10.451048851013184,10.2560664714386,10.451048851013184
2014-12-23,10.529036353400892,10.529036353400892,10.022082328796387,10.022082328796387
2014-12-24,10.087080668027218,10.178071975708008,10.080581111812362,10.178071975708008
2014-12-26,10.145576184174816,10.191072463989258,10.11957857563737,10.191072463989258
2014-12-29,10.18127206662911,10.18127206662911,10.070251090929565,10.142087936401367
2014-12-30,10.1159681798297,10.161683114835636,10.096376420719038,10.155152320861816
2014-12-31,10.18127589182371,10.233521003215898,10.161684130754352,10.200867652893066
2015-01-02,10.16821180151169,10.21392672984357,10.13555908203125,10.13555908203125
2015-01-05,10.096376420719038,10.181274873946297,10.050662108523895,10.155152320861816
2015-01-06,10.213929176330566,10.266174287386102,10.17474503163349,10.213929176330566
2015-01-07,10.266176223754883,10.305359753031762,10.226992071667034,10.266176223754883
2015-01-08,10.240053210688941,10.285767533761714,10.233522415161133,10.233522415161133
2015-01-09,10.253110917351687,10.272702674891903,10.200865815370616,10.246580123901367
2015-01-12,10.259644974461423,10.279236738233907,10.220460824105517,10.233522415161133
2015-01-13,10.207400307028594,10.272706396760384,10.200869511212126,10.266176223754883
2015-01-14,10.305357834398949,10.331480389990409,10.259643517816608,10.324950218200684
2015-01-15,10.370664101119193,10.501276873614733,10.357602512464226,10.462093353271484
2015-01-16,10.44903275739472,10.455563552342705,10.390256848484633,10.396787643432617
2015-01-20,10.429443400717439,10.429443400717439,10.311891555786133,10.311891555786133
2015-01-21,10.36413433197598,10.383726094085555,10.298828250673774,10.331480979919434
2015-01-22,10.364136227202565,10.3902587890625,10.311891103482694,10.3902587890625
2015-01-23,10.40984906632454,10.449033214917282,10.383726508199683,10.429441452026367
2015-01-26,10.429440069540078,10.462093418570475,10.422909275171833,10.449031829833984
2015-01-27,10.462094498921612,10.488216433470372,10.435971318751061,10.481685638427734
2015-01-28,10.517772363448879,10.688366443591493,10.511210908273823,10.622753143310547
2015-01-29,10.583381652832031,10.629311827081947,10.576821450837043,10.583381652832031
2015-01-30,10.537454856810106,10.60306815322619,10.537454856810106,10.563700675964355
2015-02-02,10.570259964974719,10.603065980726251,10.439033399030029,10.537452697753906
2015-02-03,10.52433319870252,10.583383788860504,10.491525924759708,10.563700675964355
2015-02-04,10.55714225769043,10.5965097462754,10.498090399078023,10.55714225769043
2015-02-05,10.570263500518502,10.570263500518502,10.45215980195879,10.478404998779297
2015-02-06,10.465281446735077,10.465281446735077,10.37342357635498,10.37342357635498
2015-02-09,10.412788431054873,10.439033619651555,10.327491411681988,10.340614318847656
2015-02-10,10.34061673290425,10.360300472513343,10.275003433227539,10.275003433227539
2015-02-11,10.307809962891628,10.307809962891628,10.183145445841046,10.209390640258789
2015-02-12,10.229074379638398,10.235635834676533,10.189706275144387,10.209390640258789
2015-02-13,10.22907428245454,10.22907428245454,10.130654335021973,10.130654335021973
2015-02-17,10.163463302597377,10.163463302597377,9.920695044727124,9.95350170135498
2015-02-18,9.986306386677661,10.091287166575565,9.953499736525865,10.025673866271973
2015-02-19,10.058481216430664,10.137216806833592,10.038797475263644,10.058481216430664
2015-02-20,10.091290652084746,10.1503425176074,10.084729194641113,10.084729194641113
2015-02-23,10.130655955723538,10.14377886777453,10.05192036062224,10.07160472869873
2015-02-24,10.10440801515522,10.137214660644531,10.05191763266621,10.137214660644531
2015-02-25,10.173479172508626,10.24600536784601,10.140512491432673,10.219632148742676
2015-02-26,10.219632436266084,10.219632436266084,10.107546094726644,10.114139556884766
2015-02-27,10.147105886791412,10.252598762512207,10.147105886791412,10.252598762512207
2015-03-02,10.213041786042286,10.259195405069356,10.213041786042286,10.226228713989258
2015-03-03,10.246007529925947,10.311940905990904,10.219634305257419,10.305347442626953
2015-03-04,10.325127520469072,10.344907282380039,10.259194771170089,10.278974533081055
2015-03-05,10.298752714514562,10.331719398498535,10.26578603053059,10.331719398498535
2015-03-06,10.305344520115781,10.305344520115781,10.114138538296581,10.14710521697998
2015-03-09,10.186665534973145,10.219632216266918,10.147106020450332,10.186665534973145
2015-03-10,10.166888630908373,10.252601774811534,10.094362414738308,10.107548713684082
2015-03-11,10.140509605407715,10.147103065503812,10.12732268521552,10.140509605407715
2015-03-12,10.16028994830518,10.252596508662501,10.16028994830518,10.199850082397461
2015-03-13,10.226224413245804,10.24600416806035,10.160291058814556,10.213037490844727
2015-03-16,10.219633585065656,10.252600270774929,10.180073436457086,10.232820510864258
2015-03-17,10.219632216266918,10.226225678283102,10.173479239727921,10.186665534973145
2015-03-18,10.219632216266918,10.219632216266918,10.094359581895151,10.186665534973145
2015-03-19,10.21303637457022,10.21303637457022,10.1207304429999,10.199850082397461
2015-03-20,10.219629092162513,10.318528477023499,10.20644217216134,10.292155265808105
2015-03-23,10.278972073875954,10.298751831054688,10.239411930731341,10.298751831054688
2015-03-24,10.331718419302804,10.331718419302804,10.219632081652675,10.252598762512207
2015-03-25,10.232822177962744,10.25260194109587,10.219635250015772,10.226228713989258
2015-03-26,10.193257493321061,10.232817630795267,10.193257493321061,10.206443786621094
2015-03-27,10.22963241936468,10.262759594624814,10.216381928369614,10.256134033203125
2015-03-30,10.249512072551223,10.249512072551223,10.196508829521164,10.216384887695312
2015-03-31,10.209758096164208,10.30251407623291,10.203132533620353,10.30251407623291
2015-04-01,10.289263301638423,10.322390483637719,10.236260063178927,10.269387245178223
2015-04-02,10.269390411000128,10.269390411000128,10.183259963989258,10.183259963989258
2015-04-06,10.249507904052734,10.289260004233757,10.236256782760233,10.249507904052734
2015-04-07,10.242887590744175,10.36877014827022,10.242887590744175,10.322392463684082
2015-04-08,10.30914066234957,10.401896019779334,10.302515099147877,10.355518341064453
2015-04-09,10.375395712310686,10.375395712310686,10.315766899643615,10.322392463684082
2015-04-10,10.355520999449,10.382022627210567,10.315768241882324,10.315768241882324
2015-04-13,10.315766057279161,10.348893242927833,10.276013939979567,10.282639503479004
2015-04-14,10.289266788269288,10.348895609704211,10.249514661878443,10.329019546508789
2015-04-15,10.342268231064777,10.468151416874385,10.309141675497711,10.408522605895996
2015-04-16,10.375395712310686,10.43502452497776,10.322392463684082,10.322392463684082
2015-04-17,10.335640803994785,10.428396148148721,10.315764117234604,10.37539291381836
2015-04-20,10.421769505138567,10.494649418671328,10.38864296100367,10.448271751403809
2015-04-21,10.415148978004055,10.468152229242866,10.395272284903054,10.421773910522461
2015-04-22,10.454899296559262,10.454899296559262,10.355518375596406,10.382019996643066
2015-04-23,10.368770659283648,10.461526664875867,10.368770659283648,10.421773910522461
2015-04-24,10.401893452287963,10.474773365820724,10.382017399437359,10.448271751403809
2015-04-27,10.481403441365993,10.481403441365993,10.38864806129286,10.415149688720703
2015-04-28,10.378533075189146,10.471733093261719,10.351904407900197,10.471733093261719
2015-04-29,10.391845954911803,10.564932590799467,10.391845954911803,10.551618576049805
2015-04-30,10.53164883517487,10.53164883517487,10.39184815882841,10.405162811279297
2015-05-01,10.405156735678426,10.425128067815868,10.305298805236816,10.305298805236816
2015-05-04,10.30530204626118,10.3785313452578,10.238730706573913,10.24538803100586
2015-05-05,10.245389216284744,10.30530323847146,10.238731891082617,10.258703231811523
2015-05-06,10.218762477199567,10.232076495236832,10.132219137885766,10.15884780883789
2015-05-07,10.132217535906953,10.172160218581107,10.10558886916502,10.112245559692383
2015-05-08,10.158846376380458,10.158846376380458,10.065645723751071,10.085617065429688
2015-05-11,10.07230271524499,10.10558870685717,10.025702707914432,10.039016723632812
2015-05-12,10.045669395946454,10.072298049926758,9.972440121342729,10.072298049926758
2015-05-13,10.085614301057984,10.085614301057984,9.985756985157343,10.01904296875
2015-05-14,10.058992066911662,10.105592727661133,9.985763364130689,10.105592727661133
2015-05-15,10.098933288189405,10.232076644897461,10.092275961634602,10.232076644897461
2015-05-18,10.185478483085248,10.218764487041541,10.158849806895756,10.19213581085205
2015-05-19,10.118898072096714,10.198784034325179,10.118898072096714,10.172155380249023
2015-05-20,10.118905067443848,10.145533739928794,10.085619068118259,10.118905067443848
2015-05-21,10.145530909933065,10.24538888005544,10.09227357981878,10.212102890014648
2015-05-22,10.178819739254385,10.178819739254385,10.105591048640191,10.118905067443848
2015-05-26,10.145529069961503,10.152186393737793,10.098929073282143,10.152186393737793
2015-05-27,10.128769359039266,10.188979471828063,10.108698683428008,10.135458946228027
2015-05-28,10.135463511711858,10.1421537399292,10.095323418438362,10.1421537399292
2015-05-29,10.122083550055446,10.202364373481666,10.075253229227302,10.188983917236328
2015-06-01,10.135458946228027,10.17559965943555,10.135458946228027,10.135458946228027
2015-06-02,10.142153596408184,10.188983917236328,10.095323275580041,10.188983917236328
2015-06-03,10.162220683087847,10.168910909262037,10.115390375898691,10.12877082824707
2015-06-04,10.128773864299335,10.155534139002274,9.994971852769362,10.028422355651855
2015-06-05,9.988287197750365,10.00835725419023,9.881246046050297,10.001667022705078
2015-06-08,9.96152420708981,9.96152420708981,9.834412395421941,9.861172676086426
2015-06-09,9.82771853287391,9.8344087600708,9.713987860602668,9.8344087600708
2015-06-10,9.79426793830573,9.928069282131942,9.79426793830573,9.9013090133667
2015-06-11,9.934762778457953,9.974902875808763,9.934762778457953,9.961523056030273
2015-06-12,9.961523056030273,10.028423430953403,9.914692091767206,9.961523056030273
2015-06-15,9.994968708459613,10.015039386684254,9.914687909606272,9.921378135681152
2015-06-16,9.941453729233336,9.994974291699068,9.934764137436693,9.94814395904541
2015-06-17,9.968217436168112,10.008358190819997,9.92807731953188,9.981597900390625
2015-06-18,9.988282262605084,10.075253314893457,9.988282262605084,10.028422355651855
2015-06-19,10.021729123505294,10.135460416406175,10.021729123505294,10.12877082824707
2015-06-22,10.08863275600212,10.12877348556322,10.04849266445627,10.061872482299805
2015-06-23,10.061871907011293,10.115392451355884,10.021731179745244,10.102012634277344
2015-06-24,10.122082370190558,10.182293140245665,10.068561827478284,10.175602912902832
2015-06-25,10.142155775536933,10.202366565547218,10.075255393981934,10.075255393981934
2015-06-26,10.071890107741595,10.092061244476172,10.018101692199707,10.018101692199707
2015-06-29,10.018103290161664,10.071891714283204,10.018103290161664,10.024827003479004
2015-06-30,10.065167036705228,10.065167036705228,10.018101692199707,10.018101692199707
2015-07-01,10.018106790773336,10.092066380690486,10.004660000648556,10.031554222106934
2015-07-02,10.065167036705228,10.071890107741595,10.01137862116334,10.018101692199707
2015-07-06,9.97775776025087,10.044992939256735,9.971034049987793,9.971034049987793
2015-07-07,10.01810192656669,10.186190889369543,10.01810192656669,10.166020393371582
2015-07-08,10.15257503675294,10.273598670959473,10.15257503675294,10.273598670959473
2015-07-09,10.219809745735597,10.287045593495192,10.085338691424978,10.15257453918457
2015-07-10,10.132404970937523,10.139128684997559,10.051722325843086,10.139128684997559
2015-07-13,10.065167759474509,10.125679891606568,10.038273549772319,10.071890830993652
2015-07-14,10.092062640889738,10.098786354064941,10.058444716222308,10.098786354064941
2015-07-15,10.105511312459925,10.132405528972583,10.024828662921948,10.078617095947266
2015-07-16,10.139125461057558,10.199637585939499,10.058442841617792,10.112231254577637
2015-07-17,10.112230215917938,10.112230215917938,10.065165519714355,10.065165519714355
2015-07-20,10.058441808482874,10.085336012200406,10.058441808482874,10.065165519714355
2015-07-21,10.058445379381986,10.159298518825011,10.058445379381986,10.11895751953125
2015-07-22,10.085336434568983,10.166019049100525,10.024824313368223,10.125678062438965
2015-07-23,10.172742334584484,10.219807030788067,10.02482389353386,10.065165519714355
2015-07-24,10.044997289871903,10.098786354064941,10.044997289871903,10.098786354064941
2015-07-27,10.07188735701493,10.118952688666468,10.07188735701493,10.085334777832031
2015-07-28,10.085334868156265,10.145846979958533,10.078611157687495,10.132399559020996
2015-07-29,10.101995386937554,10.176324863359563,10.101995386937554,10.12226676940918
2015-07-30,10.149300485372347,10.18984326767941,10.122271104613096,10.169571876525879
2015-07-31,10.1560572367606,10.176329272431065,10.061456981295391,10.088485717773438
2015-08-03,10.068212131703872,10.1763277053833,10.068212131703872,10.1763277053833
2015-08-04,10.176324763357464,10.243896252404069,10.149296038855697,10.196596145629883
2015-08-05,10.223628479096245,10.223628479096245,10.13578493235262,10.149299621582031
2015-08-06,10.169570361200373,10.1763277053833,10.135784284701538,10.1763277053833
2015-08-07,10.142538796296433,10.142538796296433,10.12226676940918,10.12226676940918
2015-08-10,10.115506098939113,10.189834901754876,10.115506098939113,10.135777473449707
2015-08-11,10.1222684793734,10.243898083581412,10.1222684793734,10.216869354248047
2015-08-12,10.257407057655232,10.385793289380848,10.257407057655232,10.379035949707031
2015-08-13,10.385798847200805,10.45337099126853,10.318227347548804,10.392556190490723
2015-08-14,10.385796626786647,10.426340033442516,10.311467799735736,10.365525245666504
2015-08-17,10.392553968631889,10.460125453837556,10.331739180855877,10.365525245666504
2015-08-18,10.318227290917873,10.372284748109074,10.277683875816614,10.331741333007812
2015-08-19,10.352009454384245,10.412824235653504,10.31146669648175,10.40606689453125
2015-08-20,10.392550629054664,10.406064663986918,10.284435771935119,10.379035949707031
2015-08-21,10.352011267622768,10.460126166853977,10.30471116031302,10.399312019348145
2015-08-24,10.270922258352988,10.30470831614146,10.169564729403023,10.18307876586914
2015-08-25,10.210111200894048,10.270925998173922,10.196597159507235,10.25741195678711
2015-08-26,10.203350465572635,10.25740789856407,10.129021011897837,10.156049728393555
2015-08-27,10.159451543099426,10.274899907606613,10.077958694208633,10.19340705871582
2015-08-28,10.159448941110863,10.295270321142942,10.159448941110863,10.254524230957031
2015-08-31,10.213781128226302,10.220572361556775,10.145870090216892,10.152661323547363
2015-09-01,10.152655675422526,10.213775446099316,10.118700175307943,10.18661117553711
2015-09-02,10.173027992248535,10.220565948083802,10.13228191312945,10.173027992248535
2015-09-03,10.213777493123695,10.254524230957031,10.200195678944201,10.254524230957031
2015-09-04,10.25452459547004,10.336017426386075,10.20698662503343,10.308853149414062
2015-09-08,10.329228401184082,10.329228401184082,10.268108603032195,10.329228401184082
2015-09-09,10.34959966950215,10.4243019200033,10.268106835212464,10.397137641906738
2015-09-10,10.39034819933597,10.39034819933597,10.295272885805524,10.329228401184082
2015-09-11,10.403928160938584,10.403928160938584,10.261315539907423,10.363182067871094
2015-09-14,10.36997127532959,10.37676185775052,10.254522954758274,10.36997127532959
2015-09-15,10.35639023176979,10.369972693764192,10.254524357401522,10.34280776977539
2015-09-16,10.336016142680363,10.44467323707349,10.315642451746125,10.424300193786621
2015-09-17,10.458256372407648,10.49221188061073,10.39713723481904,10.478630065917969
2015-09-18,10.437878210994453,10.858924622476634,10.37675845571287,10.560117721557617
2015-09-21,10.56012314552443,10.56012314552443,10.492212127520139,10.539750099182129
2015-09-22,10.539749627271645,10.587286949157715,10.499002888763984,10.587286949157715
2015-09-23,10.56012314552443,10.628033515881254,10.47863031250776,10.539750099182129
2015-09-24,10.50579517246709,10.580496778294199,10.403928639814668,10.410719871520996
2015-09-25,10.451465068872297,10.492211157790994,10.424300793710698,10.465046882629395
2015-09-28,10.482108116149902,10.482108116149902,10.420690059218575,10.482108116149902
2015-09-29,10.509404436845273,10.563998694895258,10.434337494730269,10.502580642700195
2015-09-30,10.482109413474111,10.577649709661234,10.40021800994873,10.40021800994873
2015-10-01,10.454812703366166,10.54352855682373,10.447988907573315,10.54352855682373
2015-10-02,10.529879231455443,10.611770629882812,10.529879231455443,10.611770629882812
2015-10-05,10.54352579297926,10.611768939539141,10.536701348160296,10.557174682617188
2015-10-06,10.550350765035267,10.625417709350586,10.516229190050154,10.625417709350586
2015-10-07,10.645889288842932,10.768726027387139,10.60494327545166,10.60494327545166
2015-10-08,10.611770790545574,10.686837744203435,10.550352078091418,10.59129810333252
2015-10-09,10.563998271073098,10.611768733061478,10.55035003251561,10.570822715759277
2015-10-12,10.611771721272643,10.673190439113652,10.495758732198523,10.54352855682373
2015-10-13,10.536701299633915,10.639066019002302,10.454809914628132,10.550350189208984
2015-10-14,10.570820855014238,10.66636111135851,10.570820855014238,10.61859130859375
2015-10-15,10.673190184927462,10.71413556196964,10.625419710624877,10.639068603515625
2015-10-16,10.65954096871609,10.816499978123714,10.598122254200717,10.680013656616211
2015-10-19,10.598121182934886,10.62541831431417,10.495757102966309,10.495757102966309
2015-10-20,10.475283248990735,10.550350189208984,10.475283248990735,10.550350189208984
2015-10-21,10.5230556172044,10.639068603515625,10.5230556172044,10.639068603515625
2015-10-22,10.659541109684072,10.720959825011683,10.625419528855952,10.70048713684082
2015-10-23,10.66636503898785,10.871093863217835,10.645892351809348,10.843796730041504
2015-10-26,10.761905023432153,10.789202155829589,10.625418710630004,10.632243156433105
2015-10-27,10.69365904563479,10.69365904563479,10.557173419657744,10.598118782043457
2015-10-28,10.615262651633643,10.663264931450847,10.567261025789541,10.62897777557373
2015-10-29,10.587830840047019,10.656405137437988,10.567258812418915,10.649547576904297
2015-10-30,10.649547576904297,10.649547576904297,10.580973933486295,10.649547576904297
2015-11-02,10.663268644240533,10.766129493713379,10.62898147642514,10.766129493713379
2015-11-03,10.711269958688007,10.814131458983308,10.64955318930549,10.786701202392578
2015-11-04,10.800417302449532,10.800417302449532,10.642697236701931,10.752415657043457
2015-11-05,10.77984109933736,10.81412825594695,10.718124348234726,10.800413131713867
2015-11-06,10.759271347934707,10.759271347934707,10.635838466032155,10.69069766998291
2015-11-09,10.66326598406753,10.66326598406753,10.45068611982322,10.464401245117188
2015-11-10,10.484972563564904,10.69069485112324,10.484972563564904,10.608406066894531
2015-11-11,10.62897750290337,10.62897750290337,10.526116691883862,10.539831161499023
2015-11-12,10.539833051414277,10.608407373705518,10.484973855170566,10.567262649536133
2015-11-13,10.51926284067319,10.642696380615234,10.505547712247044,10.642696380615234
2015-11-16,10.642693126872127,10.800413131713867,10.642693126872127,10.800413131713867
2015-11-17,10.766127329097136,10.80041449001882,10.676980972290039,10.676980972290039
2015-11-18,10.704412452203496,10.704412452203496,10.676982849438318,10.697555541992188
2015-11-19,10.683841317343319,10.800417302449532,10.670126841787313,10.752415657043457
2015-11-20,10.724985438253665,10.752415041769472,10.724985438253665,10.738699913024902
2015-11-23,10.73869831433416,10.827844675982474,10.676981552118155,10.745555877685547
2015-11-24,10.766129801169075,10.807274534517212,10.704413028133548,10.772987365722656
2015-11-25,10.748868296227107,10.790209728373782,10.693745948624729,10.707526206970215
2015-11-27,10.70063939844815,10.755761764848737,10.70063939844815,10.714420318603516
2015-11-30,10.721308019062876,10.755758996362879,10.549050504121771,10.569721221923828
2015-12-01,10.54216273667884,10.638626549117436,10.54216273667884,10.576614379882812
2015-12-02,10.569719619405326,10.604171248592248,10.521487732809737,10.528377532958984
2015-12-03,10.542160487702205,10.562831206370694,10.369902965540764,10.43880558013916
2015-12-04,10.42502039979103,10.50770389255135,10.418129944450172,10.445691108703613
2015-12-07,10.445695681377197,10.487037774410132,10.335450976103076,10.369902610778809
2015-12-08,10.356118147469587,10.500814437866211,10.356118147469587,10.500814437866211
2015-12-09,10.46636141604623,10.54904556274414,10.46636141604623,10.54904556274414
2015-12-10,10.5628320656018,10.728199142622056,10.493928788288184,10.638625144958496
2015-12-11,10.583501676560381,10.714417758311203,10.576611875239509,10.645514488220215
2015-12-14,10.576608901435927,10.63862103854965,10.438802400000721,10.452583312988281
2015-12-15,10.493925903772062,10.576610076664744,10.42502330250839,10.528377532958984
2015-12-16,10.507710173890919,10.75576080045254,10.48014899316185,10.686858177185059
2015-12-17,10.728197555540435,10.783319906392633,10.659294945530315,10.721307754516602
2015-12-18,10.762649827294858,10.783320545812584,10.66618537902832,10.66618537902832
2015-12-21,10.707528096158486,10.74197973376602,10.652405738830566,10.652405738830566
2015-12-22,10.652404819532348,10.831552793942855,10.645514361183418,10.735088348388672
2015-12-23,10.797102136523835,10.797102136523835,10.65240578365164,10.79021167755127
2015-12-24,10.790209931123925,10.831552021157643,10.728197124628464,10.783319473266602
2015-12-28,10.735091046267058,10.79710387277156,10.735091046267058,10.741981506347656
2015-12-29,10.759285836510763,10.835445279947944,10.745438965107027,10.766209602355957
2015-12-30,10.731588722730855,10.84236630712611,10.731588722730855,10.835442543029785
2015-12-31,10.863137931277814,10.911603624092058,10.84929106210699,10.883909225463867
2016-01-04,10.856218157019086,10.960072018660707,10.766211168795866,10.897759437561035
2016-01-05,10.9392996184039,11.063924100266096,10.870063281590847,11.015459060668945
2016-01-06,10.98084193351216,11.022383871596503,10.890834951235007,11.008536338806152
2016-01-07,10.987764658001051,11.153931734295051,10.987764658001051,11.015459060668945
2016-01-08,11.0362318831697,11.0362318831697,10.966996192932129,10.966996192932129
2016-01-11,10.994694614089733,11.02931280198736,10.883916941046937,10.953152656555176
2016-01-12,10.994690620883762,11.043155670166016,10.911607396276997,11.043155670166016
2016-01-13,11.050077048332684,11.181625293781819,10.980840712652109,11.029306411743164
2016-01-14,11.057003406392141,11.077774047851562,11.001614588975826,11.077774047851562
2016-01-15,11.077773825541662,11.687050804894092,10.96007242582234,10.966996192932129
2016-01-19,10.980841010519713,11.11931302535044,10.980841010519713,11.057001113891602
2016-01-20,10.987765672019671,10.994689438397273,10.800828601831354,10.932376861572266
2016-01-21,10.932379060275776,10.966997238839436,10.932379060275776,10.960073471069336
2016-01-22,10.966995559142177,11.077773185349798,10.966995559142177,11.070849418640137
2016-01-25,11.056997725685665,11.056997725685665,10.994685173034668,10.994685173034668
2016-01-26,11.050078276890495,11.050078276890495,10.987765699907335,11.008536338806152
2016-01-27,11.018972844112755,11.03984192490542,10.928539276123047,10.928539276123047
2016-01-28,10.928539301371135,11.04679853182965,10.928539301371135,11.02592945098877
2016-01-29,11.067669236566303,11.165058737057223,11.067669236566303,11.13723373413086
2016-02-01,11.095495361740968,11.227667116479864,11.095495361740968,11.158103942871094
2016-02-02,11.22070610848194,11.234619268449556,11.172011375427246,11.172011375427246
2016-02-03,11.213754064067652,11.227665901184082,11.165057990246952,11.227665901184082
2016-02-04,11.192881931803576,11.262446409883829,11.185925351312346,11.248533248901367
2016-02-05,11.262443905777092,11.304182052612305,11.2485307478881,11.304182052612305
2016-02-08,11.304182645177914,11.325052383105396,11.165053712658375,11.262444496154785
2016-02-09,11.199837917440144,11.31809712584588,11.199837917440144,11.290270805358887
2016-02-10,11.366788017425154,11.387657750735572,11.297223566555305,11.318093299865723
2016-02-11,11.373749862485914,11.39461827862915,11.276359055432907,11.325055122375488
2016-02-12,11.366791015708992,11.38766075452434,11.192880506076765,11.255488395690918
2016-02-16,11.2624460720875,11.2624460720875,11.102448042668176,11.165055274963379
2016-02-17,11.123319473190218,11.227665545838862,11.123319473190218,11.199840545654297
2016-02-18,11.178966871276696,11.262444496154785,11.178966871276696,11.262444496154785
2016-02-19,11.290268783306786,11.345920087481803,11.241574058007613,11.338963508605957
2016-02-22,11.352877856498761,11.352877856498761,11.255488395690918,11.255488395690918
2016-02-23,11.241574517845384,11.422441595520516,11.227661359524573,11.387660026550293
2016-02-24,11.401571858039299,11.436354753841329,11.332008720098854,11.387660026550293
2016-02-25,11.398141733456637,11.482003573953453,11.377177273036484,11.447060585021973
2016-02-26,11.433083893686312,11.433083893686312,11.342233461988291,11.398140907287598
2016-02-29,11.384167463481146,11.440074920654297,11.363201667189118,11.440074920654297
2016-03-01,11.426098365369123,11.482005825684745,11.237410186951779,11.307294845581055
2016-03-02,11.307294993296052,11.349225255845782,11.272351997055432,11.293317794799805
2016-03-03,11.26536773575624,11.279343605041504,11.195483057572442,11.279343605041504
2016-03-04,11.27933986374785,11.293317061336326,11.209456541683327,11.272351264953613
2016-03-07,11.251388698969059,11.279341765921151,11.216445699105005,11.237411499023438
2016-03-08,11.237410186951779,11.32825931011254,11.237410186951779,11.307294845581055
2016-03-09,11.328259394260499,11.384168187930415,11.307294929573287,11.335247993469238
2016-03-10,11.377178618316414,11.377178618316414,11.29331676790346,11.300305366516113
2016-03-11,11.391154482602829,11.391154482602829,11.300305366516113,11.300305366516113
2016-03-14,11.300303120104289,11.370187759399414,11.300303120104289,11.370187759399414
2016-03-15,11.377180471288526,11.377180471288526,11.314284406469813,11.34223747253418
2016-03-16,11.384172512947638,11.412125587463379,11.33525229990094,11.412125587463379
2016-03-17,11.42609612460182,11.461037780594566,11.39115313567034,11.447060585021973
2016-03-18,11.426098749546185,11.488994811133374,11.426098749546185,11.433087348937988
2016-03-21,11.468027982771412,11.468027982771412,11.391154729306233,11.440074920654297
2016-03-22,11.45404997634176,11.468027172882689,11.398142523116874,11.42609691619873
2016-03-23,11.461041669371062,11.468030269528617,11.39814560089225,11.405134201049805
2016-03-24,11.433085572733011,11.468027231324571,11.384166717529297,11.384166717529297
2016-03-28,11.377175522414113,11.398139979608434,11.293313694821236,11.321268081665039
2016-03-29,11.338828086853027,11.373933622084811,11.310744997806843,11.338828086853027
2016-03-30,11.37392612163919,11.402009192166217,11.310737539030434,11.331799507141113
2016-03-31,11.380950927734375,11.416056455371113,11.331804528181896,11.380950927734375
2016-04-01,11.352864799939095,11.380947875377684,11.303718413567617,11.310739517211914
2016-04-04,11.310738984697988,11.373927575383112,11.303717881384248,11.352864265441895
2016-04-05,11.359886127385089,11.423074722290039,11.35286502360247,11.423074722290039
2016-04-06,11.44413505605343,11.50732364191173,11.4160519840822,11.472219467163086
2016-04-07,11.486267255720563,11.556475639343262,11.430099745338957,11.556475639343262
2016-04-08,11.514348388142531,11.619662284851074,11.507327283143448,11.619662284851074
2016-04-11,11.605619277153025,11.668807871371571,11.598598173446675,11.612640380859375
2016-04-12,11.682847896985477,11.696890103385341,11.647743720124323,11.668807029724121
2016-04-13,11.675827635939317,11.675827635939317,11.605619277153025,11.612640380859375
2016-04-14,11.598598743226134,11.65476623649755,11.598598743226134,11.647745132446289
2016-04-15,11.64774206390018,11.795181192718461,11.640720961698598,11.781140327453613
2016-04-18,11.760078137793748,11.914538383483885,11.760078137793748,11.914538383483887
2016-04-19,11.865394746459861,11.914541138765715,11.795185040677746,11.858373641967773
2016-04-20,11.872416650924647,11.872416650924647,11.830291360272444,11.865395545959473
2016-04-21,11.893479759212877,11.977730339053723,11.830291154762829,11.9356050491333
2016-04-22,11.977727267954588,11.984748370997579,11.7460362240898,11.760078430175781
2016-04-25,11.809222311638425,11.809222311638425,11.689866263459159,11.724971771240234
2016-04-26,11.703916302118822,11.746041600519996,11.647748791204227,11.654769897460938
2016-04-27,11.665347680043231,11.714717131822091,11.60892391204834,11.60892391204834
2016-04-28,11.6653470993042,11.6653470993042,11.608923334118266,11.6653470993042
2016-04-29,11.693554301332801,11.785240203175205,11.686501332696276,11.742923736572266
2016-05-02,11.749980377242817,11.799349827910929,11.749980377242817,11.757033348083496
2016-05-03,11.820508913230723,11.862825393676758,11.728821636178212,11.862825393676758
2016-05-04,11.862825842991208,11.869878814202128,11.757033965260835,11.82756233215332
2016-05-05,11.841667652955001,11.841667652955001,11.742927406402139,11.757033348083496
2016-05-06,11.813455100861818,11.813455100861818,11.72882080078125,11.72882080078125
2016-05-09,11.771138623429815,11.820508071303244,11.686504323349249,11.72882080078125
2016-05-10,11.728819598187387,11.778190386215233,11.665345561155865,11.714715003967285
2016-05-11,11.735871754409533,11.771136600556398,11.693555284249632,11.700608253479004
2016-05-12,11.672395047856323,11.76408229218479,11.651237487792969,11.651237487792969
2016-05-13,11.6582917833191,11.735871754409533,11.6582917833191,11.700608253479004
2016-05-16,11.728817970210292,11.792293343647765,11.644185035771153,11.686501502990723
2016-05-17,11.686500511156844,11.77818775177002,11.665342951950821,11.77818775177002
2016-05-18,11.785242931642008,11.785242931642008,11.587765144964976,11.594818115234375
2016-05-19,11.573658901780483,11.573658901780483,11.383232745135873,11.453761100769043
2016-05-20,11.425552580249283,11.496079603101592,11.425552580249283,11.489027976989746
2016-05-23,11.524291488415901,11.545450402401633,11.467869063004015,11.489027976989746
2016-05-24,11.503129411287125,11.559551821183916,11.503129411287125,11.51018238067627
2016-05-25,11.566602490684845,11.566602490684845,11.432598789368953,11.460810661315918
2016-05-26,11.443100559511562,11.528127290348014,11.443100559511562,11.50687026977539
2016-05-27,11.492697588289857,11.506868933692813,11.471441921639306,11.485611915588379
2016-05-31,11.485615590048456,11.485615590048456,11.414761543273926,11.414761543273926
2016-06-01,11.421844890392979,11.513955943299598,11.421844890392979,11.50687026977539
2016-06-02,11.478528182043082,11.563553555906362,11.478528182043082,11.549382209777832
2016-06-03,11.58481216430664,11.620239183033902,11.542299471543098,11.58481216430664
2016-06-06,11.61314856011588,11.61314856011588,11.584807227502404,11.606062889099121
2016-06-07,11.613155739311665,11.655669791694194,11.613155739311665,11.63441276550293
2016-06-08,11.655665506042675,11.676921172964084,11.57772445678711,11.57772445678711
2016-06-09,11.591895268718297,11.71234899772529,11.591895268718297,11.662749290466309
2016-06-10,11.71943469303047,11.74777603149414,11.627322302252399,11.74777603149414
2016-06-13,11.71235059185507,11.761948954410885,11.69109357156514,11.698179244995117
2016-06-14,11.726520345976063,11.776120058965335,11.719436024145873,11.769034385681152
2016-06-15,11.811548534346763,11.825719882667313,11.71235179901123,11.71235179901123
2016-06-16,11.733608808887112,11.754865833793446,11.64858341217041,11.64858341217041
2016-06-17,11.606070063914578,11.676925466431063,11.606070063914578,11.63441276550293
2016-06-20,11.598981367290952,11.691092409819518,11.598981367290952,11.655665397644043
2016-06-21,11.648580959685464,11.733606338500977,11.634409612731536,11.733606338500977
2016-06-22,11.726519014056008,11.797374387395946,11.726519014056008,11.74777603149414
2016-06-23,11.797375552024086,11.804461225202955,11.740691518047097,11.790289878845215
2016-06-24,11.82571476725868,11.86822744237661,11.776116421045499,11.839884757995605
2016-06-27,11.896571856946839,11.896571856946839,11.854057824192264,11.882400512695312
2016-06-28,11.864608004591298,11.928664184910533,11.864608004591298,11.90019416809082
2016-06-29,11.900197044779544,11.928667068481445,11.900197044779544,11.928667068481445
2016-06-30,11.893077404666625,11.978486102920472,11.893077404666625,11.935782432556152
2016-07-01,11.957135934742938,12.02830963766323,11.957135934742938,11.99272346496582
2016-07-05,12.014074424536252,12.014074424536252,11.928667068481445,11.928667068481445
2016-07-06,11.935783020867335,12.106599068269295,11.935783020867335,12.071011543273926
2016-07-07,12.127947748512058,12.142181396484375,12.042539073053943,12.142181396484375
2016-07-08,12.113715094382533,12.199122428894043,12.092362581992102,12.199122428894043
2016-07-11,12.213356763310147,12.263177931947276,12.078126907348633,12.078126907348633
2016-07-12,12.092364902714305,12.120834924698741,11.921548843383789,11.921548843383789
2016-07-13,11.935785133049446,11.985606319334156,11.786320216669806,11.800555229187012
2016-07-14,11.80055193705824,11.80055193705824,11.65108841990158,11.672439575195312
2016-07-15,11.679557235864586,11.850373268127441,11.679557235864586,11.850373268127441
2016-07-18,11.871725935498558,12.127950665984912,11.871725935498558,12.02830696105957
2016-07-19,12.056779626849616,12.156421996133554,11.97848841811197,12.063897132873535
2016-07-20,12.099483305467666,12.127953329563343,12.035427108777858,12.063897132873535
2016-07-21,12.063898280250143,12.135070632207483,12.05678077354929,12.127954483032227
2016-07-22,12.106595999559051,12.135064654814004,12.035422325134276,12.035422325134277
2016-07-25,12.085245660795904,12.113715678689735,12.04254199148033,12.056777000427246
2016-07-26,12.09948444366455,12.113719457051475,12.042545747642448,12.09948444366455
2016-07-27,12.131649555528423,12.131649555528423,12.03156566619873,12.03156566619873
2016-07-28,12.017268385226263,12.124501325787143,12.017268385226263,12.067310333251953
2016-07-29,12.05301495403867,12.110205952961826,12.03156781811462,12.103056907653809
2016-08-01,12.088758817037778,12.124502680036887,12.088758817037778,12.103056907653809
2016-08-02,12.09590611317805,12.138799015282506,12.024417033976771,12.1316499710083
2016-08-03,12.153095967700002,12.26747793831275,12.110203069605383,12.246030807495117
2016-08-04,12.281781006183582,12.281781006183582,12.160249942680183,12.231739044189453
2016-08-05,12.253178787249167,12.288924002175065,12.210285892878616,12.238882064819336
2016-08-08,12.288926029875768,12.34611701965332,12.24603176488704,12.34611701965332
2016-08-09,12.346117477931003,12.381861336540974,12.310372255780228,12.367563247680664
2016-08-10,12.396162461594646,12.531991611954627,12.381864369232304,12.517693519592285
2016-08-11,12.481946850989052,12.517692077777697,12.374713897705078,12.374713897705078
2016-08-12,12.367564452459105,12.37471349758568,12.274629592895508,12.274629592895508
2016-08-15,12.317516458084135,12.43189839692044,12.231730685727042,12.28177261352539
2016-08-16,12.260327830234347,12.317518810575256,12.174542041493247,12.238882064819336
2016-08-17,12.203138259573507,12.310371189657461,12.174543447870105,12.260329246520996
2016-08-18,12.253184854787117,12.360419189124633,12.253184854787117,12.317524909973145
2016-08-19,12.31751945199969,12.396157565391151,12.281775598752988,12.389008522033691
2016-08-22,12.367560058615506,12.453347206115723,12.367560058615506,12.453347206115723
2016-08-23,12.40330524370671,12.574878174781547,12.40330524370671,12.53198528289795
2016-08-24,12.61062839286524,12.61062839286524,12.45335346750288,12.517693519592285
2016-08-25,12.510538157079095,12.524836242222607,12.21028518676758,12.210285186767578
2016-08-26,12.153100278029685,12.217440329761367,12.053016359132013,12.060165405273438
2016-08-29,12.157101687368078,12.228910003043737,12.070931434631348,12.070931434631348
2016-08-30,12.11401909039926,12.164284508137156,12.11401909039926,12.157103538513184
2016-08-31,12.164278420152383,12.250447273254395,12.13555455603223,12.250447273254395
2016-09-01,12.178641719192695,12.26481196128687,12.178641719192695,12.19300365447998
2016-09-02,12.236092635364288,12.236092635364288,12.149922370910645,12.149922370910645
2016-09-06,12.149917234459659,12.2576289922685,12.149917234459659,12.243267059326172
2016-09-07,12.250448025797336,12.2576289922685,12.22172552954199,12.243267059326172
2016-09-08,12.243270773794652,12.243270773794652,12.14992092060686,12.185824394226074
2016-09-09,12.149924335802599,12.149924335802599,11.92731972360663,11.934500694274902
2016-09-12,11.977581120116627,11.977581120116627,11.905772807216021,11.927315711975098
2016-09-13,11.948857506627629,11.970400411854607,11.891411128985368,11.956038475036621
2016-09-14,11.94886162781644,12.056574821472168,11.92013911390369,12.056574821472168
2016-09-15,12.056575070028803,12.099659526601224,11.977585758287544,12.085297584533691
2016-09-16,12.092473216526935,12.092473216526935,11.991942405700684,11.991942405700684
2016-09-19,12.056570408739708,12.193004696742769,11.92731571936447,12.035027503967285
2016-09-20,11.999126715211498,12.078116023091562,11.999126715211498,12.063754081726074
2016-09-21,12.020666024547296,12.106836277284028,12.020666024547296,12.070931434631348
2016-09-22,12.135561114305679,12.25763486352871,12.135561114305679,12.228912353515625
2016-09-23,12.200188078953916,12.243272527393888,12.16428460019226,12.214550018310547
2016-09-26,12.243267059326172,12.243267059326172,12.200182630128497,12.243267059326172
2016-09-27,12.228908509197925,12.300715446472168,12.228908509197925,12.300715446472168
2016-09-28,12.261047734307244,12.340384365738036,12.261047734307244,12.289897918701172
2016-09-29,12.311538426860867,12.311538426860867,11.986981994424045,12.001405715942383
2016-09-30,12.001403975027332,12.015829070106157,11.958130065443633,11.972555160522461
2016-10-03,12.008620080412046,12.037470279117272,11.94370850897848,11.950921058654785
2016-10-04,11.958128723836126,11.986978910757017,11.893217178916752,11.900429725646973
2016-10-05,11.91485845048441,11.93649472161669,11.842734336853027,11.842734336853027
2016-10-06,11.871580763565635,11.936492315182202,11.828306854372181,11.92206859588623
2016-10-07,11.92206755019869,11.950916361913066,11.907642456515177,11.914855003356934
2016-10-10,11.950918970428255,11.979769164092383,11.92928270083311,11.936493873596191
2016-10-11,11.9292778133545,11.958126619546192,11.87878999512736,11.886002540588379
2016-10-12,11.922070809513379,11.922070809513379,11.777822584548257,11.785035133361816
2016-10-13,11.785035534096217,11.792248083155028,11.647999853284938,11.65521240234375
2016-10-14,11.611934257937742,11.640783068021529,11.503748124905258,11.518173217773438
2016-10-17,11.547027029544864,11.65521251516815,11.330655370471751,11.373929977416992
2016-10-18,11.359500555564503,11.53981008819251,11.359500555564503,11.532597541809082
2016-10-19,11.5398078830968,11.712904836264977,11.503745845896892,11.705692291259766
2016-10-20,11.720118529376704,11.72733107508846,11.460473074189489,11.482110023498535
2016-10-21,11.482112133692794,11.611935229058531,11.47489958665551,11.539811134338379
2016-10-24,11.554236228412947,11.575872493872112,11.539811134338379,11.539811134338379
2016-10-25,11.503746972807583,11.518172064231093,11.460473074189489,11.482110023498535
2016-10-26,11.438838958740234,11.503750514477973,11.40998945483751,11.438838958740234
2016-10-27,11.420720053197835,11.420720053197835,11.268540382385252,11.268540382385254
2016-10-28,11.290281624585324,11.290281624585324,11.167088508605957,11.167088508605957
2016-10-31,11.2250630215879,11.24680347370299,11.116363525390625,11.116363525390625
2016-11-01,11.196072638824747,11.369992050081237,11.174332885191262,11.348252296447754
2016-11-02,11.355505035196916,11.427971839904785,11.341011397817475,11.427971839904785
2016-11-03,11.362748307893838,11.47869460636713,11.362748307893838,11.464200973510742
2016-11-04,11.43521805476606,11.514931678771973,11.42797192711571,11.514931678771973
2016-11-07,11.464203089039453,11.543916702270508,11.464203089039453,11.543916702270508
2016-11-08,11.558409089459952,11.587395668029783,11.558409089459952,11.587395668029785
2016-11-09,11.529420743427588,11.529420743427588,11.181581853913366,11.21056842803955
2016-11-10,11.19607274917233,11.239552947962144,10.927946814735703,10.985919952392578
2016-11-11,10.985922023107035,10.993168839453661,10.754029428770563,10.761276245117188
2016-11-14,10.58735610827039,10.761276245117188,10.413436662518036,10.761276245117188
2016-11-15,10.768521976511193,11.051141583842803,10.71054883004744,11.04389476776123
2016-11-16,11.065635855480236,11.152595580201199,10.935195922851562,10.935195922851562
2016-11-17,10.855483117282088,10.978676242418198,10.855483117282088,10.927949905395508
2016-11-18,11.014909011379588,11.18882846366847,10.869976134472187,11.094622611999512
2016-11-21,11.036647480056535,11.355500463076222,11.036647480056535,11.15984058380127
2016-11-22,11.159849448888876,11.297536293552177,11.101876258850098,11.101876258850098
2016-11-23,11.051139979395064,11.051139979395064,10.8627269351952,10.920700073242188
2016-11-25,10.913453013724554,11.0004127133402,10.840986251831055,10.840986251831055
2016-11-28,10.88832950592041,10.953878089830944,10.851913548794936,10.88832950592041
2016-11-29,10.851913740161415,11.12139141089603,10.851913740161415,10.961161613464355
2016-11-30,10.917462348937988,10.94659497630005,10.851913763729192,10.917462348937988
2016-12-01,10.859199608032851,10.946597510350962,10.786368370056152,10.786368370056152
2016-12-02,10.779080103994962,10.866477966308594,10.749947483223751,10.866477966308594
2016-12-05,10.764517105796257,10.873764991760254,10.764517105796257,10.873764991760254
2016-12-06,10.815498358925256,11.004860087012322,10.815498358925256,10.96844482421875
2016-12-07,11.019426454147549,11.208788871765137,10.961161201738536,11.208788871765137
2016-12-08,11.106822746555691,11.114106075710808,11.019424880423776,11.077690124511719
2016-12-09,11.05584270516123,11.121391289512243,10.946594833050668,10.96844482421875
2016-12-12,10.895613550285798,10.98301143636844,10.822781631261934,10.902896881103516
2016-12-13,10.93931015967111,11.318034239880332,10.93931015967111,11.20150375366211
2016-12-14,11.310752727093636,11.420000596398271,11.17965625633531,11.361735343933105
2016-12-15,11.325319807291647,11.347169104131819,11.070408797375357,11.114108085632324
2016-12-16,11.084979375275266,11.267058533961102,11.055846737668606,11.216075897216797
2016-12-19,11.23792193545768,11.420001029968262,11.165090019822797,11.420001029968262
2016-12-20,11.339888247071094,11.427286148071289,11.303472975920261,11.427286148071289
2016-12-21,11.427284095312404,11.507399344436863,11.369018838445514,11.478266716003418
2016-12-22,11.500115275061946,11.558380528186609,11.470982648499614,11.50739860534668
2016-12-23,11.470978196106216,11.733172427974642,11.470978196106216,11.645773887634277
2016-12-27,11.66762567887482,11.66762567887482,11.37629878658643,11.38358211517334
2016-12-28,11.328694188712328,11.518969587232915,11.196965657211864,11.489696502685547
2016-12-29,11.518974630847067,11.987344188681835,11.467746884940313,11.892207145690918
2016-12-30,11.855611594357903,12.001976325193299,11.731200805429857,11.899520874023438
2017-01-03,11.85561554720661,11.892206393152714,11.709249371719595,11.76779556274414
2017-01-04,11.826342760146916,11.826342760146916,11.709250368133691,11.775115013122559
2017-01-05,11.789749112958816,11.906841477181842,11.709247589111328,11.709247589111328
2017-01-06,11.716568070970192,11.716568070970192,11.570202590274649,11.650703430175781
2017-01-09,11.650702525257802,11.760476452771828,11.592156337526907,11.658020973205566
2017-01-10,11.672656175718972,11.745838555178715,11.540927613521216,11.614109992980957
2017-01-11,11.701930487707434,11.701930487707434,11.453108836153703,11.460427284240723
2017-01-12,11.548247497033918,11.628749036619523,11.482382854800486,11.533611297607422
2017-01-13,11.526290603880335,11.723884492093974,11.526290603880335,11.672656059265137
2017-01-17,11.782433742520821,12.00930008296432,11.621431350708008,11.621431350708008
2017-01-18,11.636063951186223,11.636063951186223,11.533608486396291,11.540926933288574
2017-01-19,11.54824468225535,11.584836218791256,11.4896985029681,11.540926933288574
2017-01-20,11.58483811001759,11.58483811001759,11.431154189818262,11.460427284240723
2017-01-23,11.555566758388379,11.555566758388379,11.475065911066999,11.511656761169434
2017-01-24,11.497017988701788,11.511654185883335,11.401880264282227,11.401880264282227
2017-01-25,11.401883011717793,11.445793009694277,11.387246811009458,11.423837661743164
2017-01-26,11.372606058755585,11.460425327025161,11.365287611918411,11.453106880187988
2017-01-27,11.44207959700044,11.486200332641602,11.427372217595753,11.486200332641602
2017-01-30,11.471493654523364,11.486200332641602,11.427372217595753,11.486200332641602
2017-01-31,11.449434395164186,11.515616210373365,11.442081405586046,11.478848457336426
2017-02-01,11.486199444314828,11.500906822582065,11.427371333818664,11.471492767333984
2017-02-02,11.464141707643943,11.486202078818227,11.412667274475098,11.412667274475098
2017-02-03,11.434727645649382,11.500909460458786,11.405313583654818,11.412667274475098
2017-02-06,11.464138984680176,11.471492673753806,11.412664563737541,11.464138984680176
2017-02-07,11.449433486736433,11.478847546574885,11.420019426897982,11.4420804977417
2017-02-08,11.456786275118677,11.522968079866867,11.456786275118677,11.486200332641602
2017-02-09,11.456786035667925,11.486200092576086,11.412665300948904,11.427371978759766
2017-02-10,11.48619830067147,11.48619830067147,11.412663520516082,11.45678424835205
2017-02-13,11.420020943933805,11.427374635191908,11.375900198958378,11.390606880187988
2017-02-14,11.375895987485857,11.412663728877984,11.272946451845167,11.28030014038086
2017-02-15,11.27295014969438,11.331778274704552,11.214122024684208,11.250889778137207
2017-02-16,11.258239306622324,11.258239306622324,11.11116834718627,11.184703826904297
2017-02-17,11.192057199521324,11.25088530112229,11.140582084655762,11.140582084655762
2017-02-21,11.236182166467472,11.236182166467472,11.162647362351787,11.192061424255371
2017-02-22,11.192060166874315,11.199413155559219,11.133232049676238,11.14793872833252
2017-02-23,11.155291797270827,11.221473600755834,11.155291797270827,11.214119911193848
2017-02-24,11.234802665588553,11.27912172361324,11.227416038513184,11.227416038513184
2017-02-27,11.227416173252545,11.23480280041656,11.205256996188034,11.21264362335205
2017-02-28,11.205257926563897,11.24219036102295,11.205257926563897,11.24219036102295
2017-03-01,11.183098259229617,11.20525743716619,11.153552453838328,11.175711631774902
2017-03-02,11.153551520940889,11.160937443350269,11.101845837510192,11.146164894104004
2017-03-03,11.124007556600656,11.124007556600656,11.042756056820643,11.072301864624023
2017-03-06,11.027982690168619,11.057528495788574,11.013209435144857,11.057528495788574
2017-03-07,10.991048261523014,11.035366609692804,10.991048261523014,11.01320743560791
2017-03-08,10.946729225130202,11.042753252210153,10.931956677194218,10.983661651611328
2017-03-09,10.946731635810966,10.983664070425325,10.843321664203883,10.858094215393066
2017-03-10,10.909798927153046,10.909798927153046,10.791615006101184,10.887639045715332
2017-03-13,10.872864069608045,10.872864069608045,10.821158395552198,10.850704193115234
2017-03-14,10.82854228112151,10.954112065098544,10.82854228112151,10.895020484924316
2017-03-15,10.931959564807794,11.087075233459473,10.88764050043833,11.087075233459473
2017-03-16,11.027983689767774,11.19787191137464,10.92457300851079,10.998437881469727
2017-03-17,10.998436299111848,11.020595476040409,10.902412259851374,10.946730613708496
2017-03-20,10.93934469101733,11.005822221803012,10.93934469101733,10.946730613708496
2017-03-21,10.954115464534011,11.027980314888177,10.93195629119873,10.93195629119873
2017-03-22,10.946727870985066,11.013206089542038,10.917182074340563,10.961501121520996
2017-03-23,10.946729374308536,10.954116000590913,10.90979765175156,10.939343452453613
2017-03-24,10.939342381061719,10.96150155331114,10.924569129943848,10.924569129943848
2017-03-27,10.998436259037408,11.00582218170166,10.946730573822453,11.00582218170166
2017-03-28,10.998437881469727,11.027983689767774,10.976277996925464,10.998437881469727
2017-03-29,11.004370378151398,11.056312561035156,10.989530057752825,11.056312561035156
2017-03-30,11.048892897660364,11.063733218251002,11.026631355285645,11.026631355285645
2017-03-31,11.034053044950006,11.071154911868103,11.004371692947382,11.01921272277832
2017-04-03,11.026629173500934,11.085991859436035,11.026629173500934,11.085991859436035
2017-04-04,11.093414475278376,11.093414475278376,11.026631264025289,11.07115364074707
2017-04-05,11.048892754665454,11.078574103121769,11.011790892180269,11.056312561035156
2017-04-06,11.03405177808878,11.100834989341868,11.03405177808878,11.07115364074707
2017-04-07,11.078576694145603,11.145359920706161,11.078576694145603,11.123098373413086
2017-04-10,11.130515769586719,11.212139297139732,11.115674742217552,11.189878463745117
2017-04-11,11.197300764881915,11.293765335202968,11.197300764881915,11.226982116699219
2017-04-12,11.219559502605108,11.308603541396524,11.219559502605108,11.241820335388184
2017-04-13,11.2640834968113,11.30118465423584,11.241821953165518,11.30118465423584
2017-04-17,11.301185289835814,11.301185289835814,11.197300910949707,11.197300910949707
2017-04-18,11.219559502605108,11.241820335388184,11.182457642860573,11.241820335388184
2017-04-19,11.204719659171829,11.226980492900331,11.152776770259798,11.167617797851562
2017-04-20,11.182458117784183,11.189878631580065,11.152776770259798,11.167617797851562
2017-04-21,11.167619509031237,11.204721376036508,11.137938156958871,11.182459831237793
2017-04-24,11.19730299378413,11.19730299378413,11.145360794679195,11.175042152404785
2017-04-25,11.152778920482982,11.152778920482982,11.093416213989258,11.093416213989258
2017-04-26,11.091925118181353,11.166467198587066,11.091925118181353,11.099379539489746
2017-04-27,11.08447290437129,11.181378268001113,11.08447290437129,11.1441068649292
2017-04-28,11.144102257362903,11.181373645024838,11.144102257362903,11.166464805603027
2017-05-01,11.173923339860863,11.203740318791327,11.151560783386229,11.15156078338623
2017-05-02,11.15901355702158,11.211193084716797,11.15901355702158,11.211193084716797
2017-05-03,11.211195240229543,11.270829200744629,11.211195240229543,11.270829200744629
2017-05-04,11.25591805146741,11.270826182156997,11.241009209885128,11.24846363067627
2017-05-05,11.263373167310787,11.30064456502618,11.241010613038663,11.255919456481934
2017-05-08,11.24100735229855,11.263369900083847,11.233552932739258,11.233552932739258
2017-05-09,11.233554789093986,11.293188733637725,11.21119223761326,11.24846363067627
2017-05-10,11.278281455120789,11.278281455120789,11.20373866336241,11.211193084716797
2017-05-11,11.21119263363991,11.26337215923571,11.196284502423707,11.20373821258545
2017-05-12,11.22610548233168,11.300647586802132,11.22610548233168,11.278285026550293
2017-05-15,11.308099397130695,11.337916374206543,11.278282420054847,11.337916374206543
2017-05-16,11.367733351282391,11.367733351282391,11.323007530222215,11.337916374206543
2017-05-17,11.352823049131253,11.434820258727646,11.31555236574313,11.345369338989258
2017-05-18,11.40500192239156,11.412456342535343,11.300642173056499,11.323004722595215
2017-05-19,11.39755215063463,11.45718611432079,11.263375376894304,11.300646781921387
2017-05-22,11.30064497513853,11.345370796198708,11.255919864971164,11.337916374206543
2017-05-23,11.36773455632345,11.427368516796667,11.345371998869215,11.397551536560059
2017-05-24,11.457185497033274,11.457185497033274,11.382643401888195,11.397551536560059
2017-05-25,11.419911835405816,11.457183231053332,11.375186729342992,11.427366256713867
2017-05-26,11.418379769064963,11.48576704260741,11.410892135546906,11.455817222595215
2017-05-30,11.49325625111836,11.515718440690632,11.42586896834141,11.463306427001953
2017-05-31,11.448332798441871,11.523207726492416,11.448332798441871,11.500744819641113
2017-06-01,11.515719728199132,11.568131747747707,11.508232092817845,11.545669555664062
2017-06-02,11.545662306332456,11.59058666229248,11.523200128352443,11.59058666229248
2017-06-05,11.590591053062328,11.590591053062328,11.553154313600372,11.583104133605957
2017-06-06,11.59059073011809,11.59059073011809,11.538178725083657,11.553153991699219
2017-06-07,11.530691091775878,11.59807836342587,11.530691091775878,11.553153991699219
2017-06-08,11.598081575212637,11.598081575212637,11.545669555664062,11.545669555664062
2017-06-09,11.53817873862406,11.560640924513745,11.508228919417807,11.515716552734375
2017-06-12,11.515719752096043,11.5381819442263,11.50823211669922,11.508232116699219
2017-06-13,11.515720670178363,11.515720670178363,11.485770840263553,11.493258476257324
2017-06-14,11.515720670178363,11.583107966001752,11.478283204269784,11.493258476257324
2017-06-15,11.530694308829478,11.553157215019949,11.455820097041881,11.508232116699219
2017-06-16,11.530695555821538,11.628032684326172,11.508233361262098,11.628032684326172
2017-06-19,11.61305363004143,11.650491082520315,11.553153991699219,11.553153991699219
2017-06-20,11.56063842227952,11.620538761786953,11.545663872947557,11.598075866699219
2017-06-21,11.62803169361267,11.62803169361267,11.560644401615482,11.613057136535645
2017-06-22,11.613057485915734,11.657981872558594,11.58310765680041,11.657981872558594
2017-06-23,11.657980881021984,11.672956151336091,11.61305649820004,11.643006324768066
2017-06-26,11.695417404625914,11.710392673738815,11.605567932128906,11.605567932128906
2017-06-27,11.605568569707515,11.64300603048635,11.568131108928682,11.575618743896484
2017-06-28,11.58915714428648,11.611718573431993,11.559074999687493,11.581636428833008
2017-06-29,11.551552917269364,11.551552917269364,11.46882720871531,11.476347923278809
2017-06-30,11.453786171922678,11.544033315346347,11.446266174316406,11.446266174316406
2017-07-03,11.51395020688905,11.589155197143555,11.51395020688905,11.589155197143555
2017-07-05,11.551552343408911,11.656840190422956,11.528990918054038,11.589155197143555
2017-07-06,11.611718573431993,11.611718573431993,11.528992855088507,11.581636428833008
2017-07-07,11.566595715140965,11.626760004338937,11.559074999687493,11.581636428833008
2017-07-10,11.626756884412645,11.694441870901485,11.57411332479453,11.679400444030762
2017-07-11,11.671883622890876,11.67940362115718,11.619239331737322,11.664362907409668
2017-07-12,11.701963815411666,11.701963815411666,11.611716679122525,11.671881675720215
2017-07-13,11.656840247267096,11.686922386958548,11.649319533040536,11.671881675720215
2017-07-14,11.686924658306001,11.78469181060791,11.671883944144511,11.78469181060791
2017-07-17,11.769650055286967,11.807252915478104,11.664362907409668,11.664362907409668
2017-07-18,11.664361132716316,11.732046127319336,11.664361132716316,11.732046127319336
2017-07-19,11.739563646652757,11.739563646652757,11.679399379085147,11.701961517333984
2017-07-20,11.717004173808924,11.792209879380234,11.694442749023436,11.694442749023438
2017-07-21,11.78468916538015,11.78468916538015,11.694442749023436,11.694442749023438
2017-07-24,12.032866989664807,12.032866989664807,11.686922035023352,11.694442749023438
2017-07-25,12.032870221995836,12.032870221995836,11.596678733825684,11.596678733825684
2017-07-26,11.935102739361216,11.935102739361216,11.60419913286976,11.611719131469727
2017-07-27,11.534666998282548,11.610204658076945,11.534666998282548,11.557328224182129
2017-07-28,11.617758788817321,11.670635223388672,11.587543580435494,11.670635223388672
2017-07-31,11.685744389339586,11.746174812316895,11.670636423401527,11.746174812316895
2017-08-01,11.806605144240264,11.806605144240264,11.746174721729002,11.761281967163086
2017-08-02,11.791496276855469,11.844373432800497,11.768835050243261,11.791496276855469
2017-08-03,11.889697902018447,11.889697902018447,11.77639102935791,11.77639102935791
2017-08-04,11.73106473914219,11.829264338937708,11.700849533081055,11.700849533081055
2017-08-07,11.663083218052195,11.723514365446132,11.663083218052195,11.678191184997559
2017-08-08,11.708408125553085,11.715962110140019,11.610208487085803,11.632869720458984
2017-08-09,11.693296299966999,11.693296299966999,11.542220259990819,11.557328224182129
2017-08-10,11.572435467986056,11.587543432177364,11.534666998282548,11.557328224182129
2017-08-11,11.519560108257874,11.625313706296117,11.466683669432477,11.595098495483398
2017-08-14,11.610208487085803,11.655531674219787,11.579993269125687,11.632869720458984
2017-08-15,11.632865922630153,11.632865922630153,11.557328262584758,11.610204696655273
2017-08-16,11.670635312655252,11.670635312655252,11.587543669066521,11.65552806854248
2017-08-17,11.7008533229418,11.7008533229418,11.625315643516274,11.647976875305176
2017-08-18,11.63286408503459,11.663079288357254,11.617756843566895,11.617756843566895
2017-08-21,11.632865226939224,11.700849621185515,11.632865226939224,11.685742378234863
2017-08-22,11.746172790812157,11.746172790812157,11.647973190277218,11.685742378234863
2017-08-23,11.731068728255423,11.768837928771973,11.723515464462178,11.768837928771973
2017-08-24,11.753726814099497,11.776388038799388,11.700849662616628,11.738618850708008
2017-08-25,11.761282057867488,11.761282057867488,11.738620829347864,11.746174812316895
2017-08-28,11.738618043201996,11.76883324751911,11.723510801237085,11.7537260055542
2017-08-29,11.759795841230726,11.8053179499456,11.752208702520019,11.782556533813477
2017-08-30,11.714272495093448,11.782555289178108,11.714272495093448,11.744620323181152
2017-08-31,11.835670493636856,11.903952598571777,11.72945268004421,11.903952598571777
2017-09-01,11.926709572677213,11.926709572677213,11.729448302573598,11.790143966674805
2017-09-05,11.828078288826307,11.828078288826307,11.729447659184633,11.737034797668457
2017-09-06,11.790143966674805,11.790143966674805,11.752208995724203,11.790143966674805
2017-09-07,11.828077611096413,11.850838301694388,11.752207677704089,11.835664749145508
2017-09-08,11.85843119528183,11.957061867142931,11.835670493636856,11.903952598571777
2017-09-11,11.926709834989719,11.97981836135898,11.888774863204787,11.919122695922852
2017-09-12,11.92671014761793,11.93429656333425,11.858427341325074,11.86601448059082
2017-09-13,11.881189612015278,11.957059567640599,11.866016055019927,11.949472427368164
2017-09-14,11.896363601086582,11.987407111476593,11.896363601086582,11.941884994506836
2017-09-15,12.025340731029829,12.063274980081806,11.957057925057196,12.048101425170898
2017-09-18,12.063275081773565,12.063275081773565,11.926710192226496,11.934296607971191
2017-09-19,11.979816819764896,11.979816819764896,11.828077675700763,11.84325122833252
2017-09-20,11.873599963131884,11.873599963131884,11.774970054626465,11.774970054626465
2017-09-21,11.873605167003657,11.873605167003657,11.729453086853027,11.729453086853027
2017-09-22,11.72186596523028,11.752213809712087,11.699105262756348,11.699105262756348
2017-09-25,11.843254101433816,11.843254101433816,11.744623452977608,11.812906265258789
2017-09-26,11.866015764289912,11.941884994506836,11.790145810523487,11.941884994506836
2017-09-27,11.83566578123906,11.850839335111104,11.767382979941434,11.782556533813477
2017-09-28,11.841997726678878,11.841997726678878,11.750553815772784,11.773414611816406
2017-09-29,11.857239329487847,11.857239329487847,11.704832077026367,11.704832077026367
2017-10-02,11.71245258499577,11.796275992464272,11.704832077026367,11.704832077026367
2017-10-03,11.796274108735625,11.80389461548812,11.704830207900255,11.735311508178711
2017-10-04,11.773414307748935,11.781034815143865,11.68959090659946,11.765793800354004
2017-10-05,11.8267595992085,11.8267595992085,11.71245414464133,11.720074653625488
2017-10-06,11.758172075909089,11.788653373718262,11.735310557503611,11.788653373718262
2017-10-09,11.788656916909062,11.811517715454102,11.750555101512873,11.811517715454102
2017-10-10,11.84961700606229,11.84961700606229,11.735311584228686,11.796274185180664
2017-10-11,11.811514206057844,11.84199550397196,11.77341240198233,11.819134712219238
2017-10-12,11.84961823427062,11.84961823427062,11.712452004545678,11.773414611816406
2017-10-13,11.781034127660744,11.857237743700008,11.735311812690878,11.742932319641113
2017-10-16,11.75055439811114,11.773415195287706,11.704832077026367,11.704832077026367
2017-10-17,11.69720970152342,11.76579207784258,11.621006092193495,11.681968688964844
2017-10-18,11.6286272060524,11.65148799935323,11.62100669937495,11.643867492675781
2017-10-19,11.681967999008144,11.681967999008144,11.628625911666555,11.659107208251953
2017-10-20,11.636245719197081,11.651486003209483,11.544801108197102,11.582902908325195
2017-10-23,11.598145562991867,11.621006355616458,11.537182964838628,11.605765342712402
2017-10-24,11.621009144057265,11.65149045044782,11.552426022995597,11.598148345947266
2017-10-25,11.590523891961725,11.590523891961725,11.422876400519245,11.453357696533203
2017-10-26,11.438115766736276,11.499078349995884,11.407634475106473,11.430495262145996
2017-10-27,11.422878495968122,11.438119510136671,11.354295385672758,11.369536399841309
2017-10-30,11.467520209518504,11.482831001281738,11.41393389846465,11.482831001281738
2017-10-31,11.421592712402344,11.482834437665174,11.421592712402344,11.421592712402344
2017-11-01,11.444560014032312,11.482836280980727,11.444560014032312,11.467525482177734
2017-11-02,11.452212587453836,11.505798909923067,11.444557189941406,11.444557189941406
2017-11-03,11.452215043467154,11.452215043467154,11.390973310351745,11.406283378601074
2017-11-06,11.444557189941406,11.459867984966266,11.421591727463007,11.444557189941406
2017-11-07,11.45221341221209,11.521110534667969,11.421592550016026,11.521110534667969
2017-11-08,11.54407472833208,11.574695587158203,11.513453869505954,11.574695587158203
2017-11-09,11.57469852060471,11.57469852060471,11.505801388270191,11.528767585754395
2017-11-10,11.53642261667307,11.551733415476063,11.467525482177734,11.467525482177734
2017-11-13,11.490489672471906,11.544075998800283,11.490489672471906,11.521110534667969
2017-11-14,11.605319094397075,11.605319094397075,11.482835631141015,11.559388160705566
2017-11-15,11.597658434320774,11.712487176577222,11.544072125969649,11.567037582397461
2017-11-16,11.567041808056151,11.612973467750173,11.551731741530787,11.605318069458008
2017-11-17,11.620627240426822,11.620627240426822,11.559385522774573,11.574695587158203
2017-11-20,11.559387596665095,11.590008460984965,11.475179672241211,11.475179672241211
2017-11-21,11.482831001281738,11.59000435344818,11.482831001281738,11.482831001281738
2017-11-22,11.482835259687668,11.536421590613996,11.475179860967048,11.498146057128906
2017-11-24,11.51345649695503,11.567042829614799,11.505801097986769,11.559388160705566
2017-11-27,11.57469852060471,11.590009318927512,11.528767585754395,11.528767585754395
2017-11-28,11.544078128968549,11.567043597338559,11.490491792752167,11.536422729492188
2017-11-29,11.550261452652249,11.573331009827124,11.442602296889504,11.527191162109375
2017-11-30,11.550263056992708,11.550263056992708,11.450293984191806,11.465673446655273
2017-12-01,11.50412017049391,11.50412017049391,11.427220678342206,11.434910774230957
2017-12-04,11.434914105115263,11.434914105115263,11.38877498307867,11.396464347839355
2017-12-05,11.350322850509492,11.49643101754,11.350322850509492,11.488740921020508
2017-12-06,11.49643101754,11.550260959808476,11.457981268310508,11.488740921020508
2017-12-07,11.48874554307569,11.519505208160659,11.4118467470474,11.457985877990723
2017-12-08,11.427220678342206,11.442600870119708,11.38108156974551,11.434910774230957
2017-12-11,11.427226212905753,11.496435642688999,11.404156647434093,11.457985877990723
2017-12-12,11.381082360602484,11.427221472405328,11.373392264179358,11.404151916503906
2017-12-13,11.419533841344997,11.427223205566406,11.342634332186336,11.427223205566406
2017-12-14,11.411843762945102,11.504122734069824,11.396463567740279,11.504122734069824
2017-12-15,11.481051749284779,11.511811402507615,11.404152249543703,11.411842346191406
2017-12-18,11.373391658060537,11.427220863417805,11.342632007375254,11.358012199401855
2017-12-19,11.388770722693451,11.39646008457765,11.2964910464046,11.381080627441406
2017-12-20,11.358011075053117,11.511809313254789,11.358011075053117,11.381080627441406
2017-12-21,11.381083174711302,11.381083174711302,11.304183671715194,11.319563865661621
2017-12-22,11.281114887781353,11.350324298550378,11.234975036145983,11.342634201049805
2017-12-26,11.373394327261753,11.373394327261753,11.265735157912966,11.304184913635254
2017-12-27,11.350324298550378,11.36570376018346,11.258045328647698,11.342634201049805
2017-12-28,11.371994681127493,11.379719660910933,11.232934730317213,11.271562576293945
2017-12-29,11.3024598414533,11.426068305969238,11.271557725324318,11.426068305969238
2018-01-02,11.410617616287029,11.433794019192625,11.371989786934657,11.426068305969238
2018-01-03,11.456970424516935,11.464696137741955,11.433794021606445,11.433794021606445
2018-01-04,11.456970424516935,11.472421850966972,11.41834259515641,11.433794021606445
2018-01-05,11.449245456699265,11.495599002302674,11.433794766007871,11.464696884155273
2018-01-08,11.495599002302674,11.495599002302674,11.456971170427268,11.464696884155273
2018-01-09,11.45697233347736,11.472423762501913,11.418344497680664,11.418344497680664
2018-01-10,11.395166603337069,11.418343007083669,11.356538772583008,11.356538772583008
2018-01-11,11.379714972635607,11.426068516063681,11.379714972635607,11.402892112731934
2018-01-12,11.433796140963903,11.433796140963903,11.356540467922814,11.39516830444336
2018-01-16,11.441521855620953,11.4646982628274,11.364266182579863,11.39516830444336
2018-01-17,11.402890208944925,11.433792320482805,11.39516449686934,11.410615921020508
2018-01-18,11.410620688055943,11.441522812503859,11.379717826843262,11.379717826843262
2018-01-19,11.418343968929555,11.418343968929555,11.356539729222696,11.371991157531738
2018-01-22,11.364264486086737,11.402892316840799,11.356538772583008,11.356538772583008
2018-01-23,11.364265652100224,11.37971634392839,11.325637817382812,11.325637817382812
2018-01-24,11.348812728053677,11.379714844402644,11.263832092285156,11.263832092285156
2018-01-25,11.27928372717254,11.27928372717254,11.217479493333068,11.232930183410645
2018-01-26,11.209754941015857,11.248382775357737,11.163401392452672,11.194303512573242
2018-01-29,11.171125494779428,11.171125494779428,11.00116349025797,11.024340629577637
2018-01-30,11.077126946083597,11.077126946083597,10.952925885939612,10.960688591003418
2018-01-31,11.053838024229218,11.06936343322385,10.906350340241454,10.91411304473877
2018-02-01,10.836486469997778,10.92963669440386,10.805436395195752,10.867536544799805
2018-02-02,10.789911128388862,10.906349465634381,10.720049014392178,10.828723907470703
2018-02-05,10.820962302175257,10.836487711501057,10.78215025944528,10.789912223815918
2018-02-06,10.789916080445254,10.875304381672892,10.789916080445254,10.836491584777832
2018-02-07,10.883064463379402,10.945164627311728,10.859776346685518,10.898589134216309
2018-02-08,10.929637160092474,10.937399864196777,10.883062416051072,10.937399864196777
2018-02-09,10.937400759753668,10.937400759753668,10.8830633071588,10.890825271606445
2018-02-12,10.96068779113817,10.96068779113817,10.875300262544437,10.91411304473877
2018-02-13,10.952922821044922,10.968448226828146,10.906348084279438,10.952922821044922
2018-02-14,10.976212994385,10.976212994385,10.875300058688236,10.906350135803223
2018-02-15,10.945160858445403,10.976210929719759,10.890822678496214,10.952922821044922
2018-02-16,10.937398155553792,10.999498298102502,10.92963545266218,10.952922821044922
2018-02-20,10.952926592584008,10.960689298148637,10.890826428651682,10.898589134216309
2018-02-21,10.906350340241454,10.96068779113817,10.890824931246822,10.91411304473877
2018-02-22,10.952922558797777,10.952922558797777,10.883060455322266,10.883060455322266
2018-02-23,10.929640107123696,11.038315773010254,10.890827316429037,11.038315773010254
2018-02-26,11.03831495763413,11.372103156250201,11.015026840762133,11.193565368652344
2018-02-27,11.223200661899623,11.223200661899623,11.075013443781438,11.090612411499023
2018-02-28,11.10620970468136,11.129608154296875,11.051614809844475,11.129608154296875
2018-03-01,11.145207397151136,11.145207397151136,10.841034218502045,10.856633186340332
2018-03-02,10.872234622828518,10.911231310146974,10.864435880404784,10.887833595275879
2018-03-05,10.90343250791595,10.911231994628906,10.848837588525239,10.911231994628906
2018-03-06,10.92683096805482,10.950228684393698,10.911231994628906,10.911231994628906
2018-03-07,10.911232951590424,10.95022964477539,10.880035745802461,10.95022964477539
2018-03-08,10.934626968276476,10.965824161381127,10.887830806719624,10.90342903137207
2018-03-09,10.880031322493522,10.965824161381127,10.864433097841074,10.90342903137207
2018-03-12,10.919025392689932,10.926824875053752,10.87222924230659,10.88002872467041
2018-03-13,10.880032791852521,10.903430503890954,10.802040170457794,10.817638397216797
2018-03-14,10.856637068540438,10.880034784864883,10.786443175767118,10.872235298156738
2018-03-15,10.848837168558134,10.911231572246466,10.786442764869802,10.825439453125
2018-03-16,10.802040170457794,10.84103610925523,10.794240685178364,10.817638397216797
2018-03-19,10.786441535889969,10.841036446946863,10.770843308645091,10.809839248657227
2018-03-20,10.848835594534659,10.848835594534659,10.778641714619505,10.817638397216797
2018-03-21,10.82543590050365,10.82543590050365,10.794238708897575,10.802038192749023
2018-03-22,10.79423880258663,10.887830378217185,10.79423880258663,10.856633186340332
2018-03-23,10.911231905935797,10.911231905935797,10.778643608093262,10.778643608093262
2018-03-26,10.763042432251613,10.786440141995264,10.724045753479004,10.724045753479004
2018-03-27,10.786439467157763,10.786439467157763,10.731844566571631,10.739644050598145
2018-03-28,10.745917375949197,10.792945789510783,10.738079182440387,10.753755569458008
2018-03-29,10.800780444785927,10.832132463229051,10.777266617826353,10.792943000793457
2018-04-02,10.8164587020874,10.863486364155754,10.808620509245605,10.816458702087402
2018-04-03,10.847812542483485,10.855650736637827,10.80078412504878,10.832136154174805
2018-04-04,10.85564806252039,10.88700008392334,10.832133485849813,10.88700008392334
2018-04-05,10.879160765453575,10.89483640078668,10.847808747296288,10.863484382629395
2018-04-06,10.886998956865664,10.918350975022951,10.863484382629395,10.863484382629395
2018-04-09,10.85564798373158,10.902675641749108,10.824295962556178,10.847809791564941
2018-04-10,10.879164571609511,10.879164571609511,10.80862231920312,10.832136154174805
2018-04-11,10.832133407231668,10.847809791564941,10.81645777038954,10.847809791564941
2018-04-12,10.87916366973857,10.87916366973857,10.839973449707031,10.839973449707031
2018-04-13,10.871325476234007,10.871325476234007,10.824297810189181,10.839973449707031
2018-04-16,10.855647037679706,11.161329030627396,10.785104809309905,10.792943000793457
2018-04-17,10.753758376829461,10.761595824893037,10.730243790164323,10.745920181274414
2018-04-18,10.730239063568755,10.738077255671133,10.706725234752765,10.72240161895752
2018-04-19,10.71456527709961,10.722403470555525,10.667536863855387,10.71456527709961
2018-04-20,10.651861224434828,10.73024091652017,10.651861224434828,10.71456527709961
2018-04-23,10.706726017687757,10.714564210363307,10.698887825012209,10.698887825012207
2018-04-24,10.706726091244972,10.714564283974372,10.620508213695187,10.651860237121582
2018-04-25,10.65186122973877,10.659699423198589,10.589157177042766,10.628347396850586
2018-04-26,10.659696495665886,10.659696495665886,10.60482990400675,10.620506286621094
2018-04-27,10.653577021442942,10.66932546353124,10.566962842738448,10.590584754943848
2018-04-30,10.606336825017435,10.653580665588379,10.606336825017435,10.653580665588379
2018-05-01,10.661450987224915,10.700821340575986,10.661450987224915,10.685072898864746
2018-05-02,10.700823692430392,10.75594174867966,10.692949469844155,10.732319831848145
2018-05-03,10.748065948486328,10.803184747572423,10.72444403512205,10.748065948486328
2018-05-04,10.779563665511176,10.787437888097413,10.732319831848145,10.732319831848145
2018-05-07,10.755942344665527,10.771690790710622,10.74019464954767,10.755942344665527
2018-05-08,10.755942344665527,10.755942344665527,10.70869850838472,10.755942344665527
2018-05-09,10.748067434783094,10.77956357393327,10.740193963190942,10.763815879821777
2018-05-10,10.748067434783094,10.803186241491296,10.748067434783094,10.763815879821777
2018-05-11,10.787436304711514,10.79531052614197,10.740192477982959,10.748065948486328
2018-05-14,10.72444403512205,10.771688612777691,10.72444403512205,10.748065948486328
2018-05-15,10.755938612228052,10.755938612228052,10.700820572051306,10.724442481994629
2018-05-16,10.740195274353027,10.755942970386998,10.724446827391775,10.740195274353027
2018-05-17,10.724445076381992,10.771689658624714,10.69294893852923,10.716570854187012
2018-05-18,10.70082318677241,10.732319324701841,10.677201271057129,10.677201271057129
2018-05-21,10.69294506564747,10.708693504333496,10.653574719859288,10.708693504333496
2018-05-22,10.700824471878057,10.755942532142122,10.692950248718262,10.692950248718262
2018-05-23,10.74806612840629,10.787436485290527,10.692948079324617,10.787436485290527
2018-05-24,10.795309418570124,10.82680555013343,10.771687507629395,10.771687507629395
2018-05-25,10.779560977324964,10.803183639192703,10.763813287006816,10.771687507629395
2018-05-29,10.818931762632017,10.866176337331856,10.818931762632017,10.858302116394043
2018-05-30,10.93898274574168,10.93898274574168,10.804519411568652,10.83615779876709
2018-05-31,10.859883291741294,10.899431452997604,10.81242610168847,10.875702857971191
2018-06-01,10.875705960714878,10.875705960714878,10.82033897175139,10.844067573547363
2018-06-04,10.851979503649861,10.851979503649861,10.796611749425114,10.820341110229492
2018-06-05,10.804516792297363,10.844064955287662,10.804516792297363,10.804516792297363
2018-06-06,10.788701057434082,10.81242966027004,10.76497170027944,10.788701057434082
2018-06-07,10.80452157285018,10.828250179415894,10.772883179322957,10.796611785888672
2018-06-08,10.780787236690736,10.844063990115904,10.77287745393299,10.81242561340332
2018-06-11,10.820342354708966,10.820342354708966,10.677969190783147,10.764974594116211
2018-06-12,10.772883639616039,10.772883639616039,10.725426424456902,10.757064819335938
2018-06-13,10.764967194586786,10.79660556989867,10.725419791185708,10.733328819274902
2018-06-14,10.733332843921032,10.757062200041446,10.72542381286621,10.725423812866211
2018-06-15,10.764967194586786,10.804515352306233,10.725419791185708,10.733328819274902
2018-06-18,10.741240033240274,10.804516792297363,10.73333024977852,10.804516792297363
2018-06-19,10.804519411568652,10.891525542103347,10.804519411568652,10.83615779876709
2018-06-20,10.828248977661133,10.851978335912088,10.804520373728895,10.828248977661133
2018-06-21,10.844065439738385,10.867794036865234,10.812427058796418,10.867794036865234
2018-06-22,10.883614569308193,10.883614569308193,10.828246832012626,10.859885215759277
2018-06-25,10.875704784791887,10.915252953054845,10.859885215759277,10.859885215759277
2018-06-26,10.844066401045236,10.938981552285192,10.844066401045236,10.859885215759277
2018-06-27,10.883617648373685,10.883617648373685,10.828249895414121,10.85197925567627
2018-06-28,10.79000141841968,10.853565431314475,10.774110794067383,10.774110794067383
2018-06-29,10.782055691814913,10.829729080200195,10.782055691814913,10.829729080200195
2018-07-02,10.821781964010102,10.869455346117064,10.789999961853027,10.789999961853027
2018-07-03,10.789998682807477,10.789998682807477,10.782052993774414,10.782052993774414
2018-07-05,10.782057623915236,10.7979490088056,10.69465728024704,10.750275611877441
2018-07-06,10.790000948821177,10.790000948821177,10.72643693869279,10.734382629394531
2018-07-09,10.72643695465972,10.758218959771224,10.654927253723145,10.654927253723145
2018-07-10,10.670818310734857,10.710545247609373,10.646981239318848,10.646981239318848
2018-07-11,10.662872620262853,10.686708933936114,10.639036306589594,10.646981239318848
2018-07-12,10.686710050196382,10.710546366359418,10.646982351429433,10.702601432800293
2018-07-13,10.734381499730505,10.758217811584473,10.710544430133844,10.758217811584473
2018-07-16,10.718489018592528,10.813835013953563,10.718489018592528,10.726434707641602
2018-07-17,10.734383096572433,10.782055727372128,10.734383096572433,10.774110794067383
2018-07-18,10.750272592717993,10.813836598941952,10.750272592717993,10.797945976257324
2018-07-19,10.797945651827972,10.829727653985046,10.782054271878083,10.789999961853027
2018-07-20,10.79795011210184,10.821786434129963,10.790004418844795,10.805895805358887
2018-07-23,10.821783424867078,10.821783424867078,10.766165103019832,10.774110794067383
2018-07-24,10.782054123438442,10.805891193035102,10.758217811584473,10.758217811584473
2018-07-25,10.766163501450027,10.797945503169549,10.75027212171892,10.758217811584473
2018-07-26,10.782054123438442,10.789999813303995,10.742327189596057,10.758217811584473
2018-07-27,10.766164634458725,10.829728644587112,10.734382629394531,10.734382629394531
2018-07-30,10.759925831599544,10.759925831599544,10.69606876373291,10.69606876373291
2018-07-31,10.727994850879726,10.759923377530948,10.67212011954912,10.735977172851562
2018-08-01,10.775889866346017,10.775889866346017,10.735979010890077,10.743961334228516
2018-08-02,10.75992466430331,10.78387163308262,10.712032249217119,10.720014572143555
2018-08-03,10.727990523346172,10.815794507145121,10.727990523346172,10.775883674621582
2018-08-06,10.73597989394116,10.815801611418498,10.727997569946162,10.751944541931152
2018-08-07,10.751943102613087,10.775889310156183,10.720014572143555,10.720014572143555
2018-08-08,10.727994850879726,10.743959494823397,10.712030968172177,10.735977172851562
2018-08-09,10.727997227746075,10.74396187522683,10.70405101776123,10.70405101776123
2018-08-10,10.712026647078245,10.863686897184717,10.704044328326376,10.775883674621582
2018-08-13,10.799833788485472,10.831762313842773,10.783869906424867,10.831762313842773
2018-08-14,10.831762313842773,10.84772695713947,10.751941381067565,10.831762313842773
2018-08-15,10.863695142108282,10.863695142108282,10.712034776900264,10.799838066101074
2018-08-16,10.79982986964138,10.807812188393251,10.76790135586971,10.775883674621582
2018-08-17,10.799834183491825,10.815798827372433,10.79185262278764,10.807816505432129
2018-08-20,10.831765437225492,10.85571240907574,10.791855339947697,10.823783874511719
2018-08-21,10.823782192554388,10.871674606340044,10.823782192554388,10.863692283630371
2018-08-22,10.84772879822284,10.887639652002186,10.839746475219727,10.839746475219727
2018-08-23,10.855709143448244,10.879655346858659,10.847726821899414,10.847726821899414
2018-08-24,10.895620346069336,10.895620346069336,10.831763289602288,10.895620346069336
2018-08-27,10.935528192390475,10.935528192390475,10.895617352754096,10.911581993103027
2018-08-28,10.94351496269782,10.94351496269782,10.903604106831866,10.927550315856934
2018-08-29,10.919567732099802,10.935531616210936,10.895620764078815,10.935531616210938
2018-08-30,10.921101044413051,10.921101044413051,10.872990894950984,10.905064582824707
2018-08-31,10.921101450341004,10.953175139406879,10.921101450341004,10.929120063781738
2018-09-04,10.937135222316186,10.945153068527116,10.864969253540039,10.864969253540039
2018-09-05,10.864969253540039,10.897042932474235,10.856950642632285,10.864969253540039
2018-09-06,10.881004814386497,10.889023424633756,10.768747329711914,10.768747329711914
2018-09-07,10.768750428539585,10.784786888952011,10.712620905353637,10.752713203430176
2018-09-10,10.832897067918521,10.84091567993164,10.752712477181191,10.84091567993164
2018-09-11,10.84091615477965,10.84091615477965,10.800823857654883,10.808841705322266
2018-09-12,10.808842251651482,10.832898089960414,10.768750717197266,10.78478717803955
2018-09-13,10.816860745038335,10.82487935771948,10.768750598345454,10.792805671691895
2018-09-14,10.752713372983164,10.80082428437304,10.736676912317868,10.792805671691895
2018-09-17,10.840913292543725,10.840913292543725,10.752710109217396,10.768747329711914
2018-09-18,10.728656812127792,10.824877856869673,10.728656812127792,10.816859245300293
2018-09-19,10.816859843892283,10.85695213926095,10.816859843892283,10.84091567993164
2018-09-20,10.824878455905402,10.881007210603377,10.800823384562976,10.84091567993164
2018-09-21,10.824878455905402,10.85695213926095,10.808841231879164,10.84091567993164
2018-09-24,10.816859419765356,10.856951713562012,10.768749278966892,10.856951713562012
2018-09-25,10.872986968835999,10.872986968835999,10.768747329711914,10.768747329711914
2018-09-26,10.768750717197266,10.80082440357884,10.752713491657978,10.78478717803955
2018-09-27,10.74611770752734,10.834728595452402,10.730006217956543,10.730006217956543
2018-09-28,10.770287613275924,10.834732055664062,10.770287613275924,10.834732055664062
2018-10-01,10.826671188513608,10.89111636866481,10.826671188513608,10.858893394470215
2018-10-02,10.875008593744552,10.883064340043024,10.778341942877633,10.794452667236328
2018-10-03,10.770284593245032,10.810562550503107,10.697784423828125,10.697784423828125
2018-10-04,10.633335836506825,10.721947461430327,10.496391296386719,10.496391296386719
2018-10-05,10.496395470293159,10.504451215441916,10.343340153657467,10.39167308807373
2018-10-08,10.351398205458949,10.440009117126465,10.351398205458949,10.440009117126465
2018-10-09,10.407782740002073,10.544727310389312,10.407782740002073,10.464171409606934
2018-10-10,10.4480657208329,10.488343690616759,10.375565528869629,10.375565528869629
2018-10-11,10.448062419030295,10.472228885968159,10.351395783040703,10.407784461975098
2018-10-12,10.375565528869629,10.40778775104904,10.375565528869629,10.375565528869629
2018-10-15,10.423894824371981,10.488340014380693,10.375561892163079,10.431950569152832
2018-10-16,10.423898514852729,10.472232232411823,10.415843535458194,10.448065757751465
2018-10-17,10.472231457206297,10.488342951279469,10.399731270353659,10.423897743225098
2018-10-18,10.431950928912963,10.448062419030295,10.375562249978568,10.407784461975098
2018-10-19,10.464172780038137,10.48028426959984,10.391672613486676,10.431950569152832
2018-10-22,10.399729949301374,10.593063244190867,10.399729949301374,10.528618812561035
2018-10-23,10.54472497982116,10.552780721766538,10.456113354897658,10.496391296386719
2018-10-24,10.496395053206014,10.568895220187668,10.496395053206014,10.504450798034668
2018-10-25,10.448061336568218,10.52056149810863,10.343338966369629,10.343338966369629
2018-10-26,10.327232883119525,10.39973308260601,10.327232883119525,10.359455108642578
2018-10-29,10.367506503191057,10.399728715182215,10.29500633415142,10.327228546142578
2018-10-30,10.29646763770287,10.320751542828113,10.239804163115402,10.247899055480957
2018-10-31,10.27218452367711,10.304563326094843,10.215521812438965,10.215521812438965
2018-11-01,10.264092156287733,10.312659982229288,10.247902366326096,10.272186279296875
2018-11-02,10.336942990940992,10.353132006305755,10.296469294571763,10.312658309936523
2018-11-05,10.320752946719807,10.38551055051013,10.304563159786461,10.377415657043457
2018-11-06,10.336943839874413,10.361227750901675,10.320754051208496,10.320754051208496
2018-11-07,10.345039190091953,10.409796808498498,10.255997657775879,10.255997657775879
2018-11-08,10.272185457182358,10.328848945541454,10.255996440488055,10.320754051208496
2018-11-09,10.328850365788542,10.401702880859375,10.328850365788542,10.401702880859375
2018-11-12,10.393605188487278,10.458362790685769,10.361226387388033,10.44217300415039
2018-11-13,10.409793043447085,10.466456518037342,10.401698923052555,10.458361625671387
2018-11-14,10.490741485705724,10.490741485705724,10.409794097790371,10.450267791748047
2018-11-15,10.434079139338637,10.498836743128962,10.377415657043457,10.377415657043457
2018-11-16,10.385509988963598,10.466457375310426,10.345036295790184,10.361226081848145
2018-11-19,10.345037219124716,10.40979482519345,10.304563522338869,10.304563522338867
2018-11-20,10.304563522338869,10.353132112876198,10.247900810021616,10.304563522338867
2018-11-21,10.312658098128042,10.369321580669789,10.280279296091985,10.328847885131836
2018-11-23,10.336943020326997,10.385510838530902,10.288374430151539,10.369321823120117
2018-11-26,10.377415702200153,10.377415702200153,10.328847885131836,10.328847885131836
2018-11-27,10.34503864960731,10.409796264630543,10.34503864960731,10.385512351989746
2018-11-28,10.377418194521285,10.442175814146088,10.361229175600943,10.401702880859375
2018-11-29,10.427730544498434,10.517204550097635,10.378927246639263,10.403328895568848
2018-11-30,10.403326736604885,10.492799947921608,10.370790952879325,10.411460876464844
2018-12-03,10.41959433566541,10.460263480879947,10.41959433566541,10.427727699279785
2018-12-04,10.492799529461637,10.566005233853224,10.476532026104753,10.525335311889648
2018-12-06,10.484665688600714,10.566004753112793,10.476531549435244,10.566004753112793
2018-12-07,10.52533503833448,10.549737456306946,10.50906753540039,10.50906753540039
2018-12-10,10.54973725049606,10.622942951556874,10.509067330382917,10.566004753112793
2018-12-11,10.566004753112793,10.606674673225935,10.557870613947323,10.566004753112793
2018-12-12,10.57414125441787,10.622945324598742,10.44399810155472,10.476533889770508
2018-12-13,10.476534108696951,10.492801615287593,10.395194248600546,10.419596672058105
2018-12-14,10.411461848728722,10.45213177611216,10.35452364010617,10.435863494873047
2018-12-17,10.36265896354325,10.468400476524032,10.354524821995245,10.403328895568848
2018-12-18,10.346391456161673,10.452132969142452,10.346391456161673,10.403328895568848
2018-12-19,10.443996660190404,10.452130800050362,10.403326736604885,10.411460876464844
2018-12-20,10.411459673769162,10.452129592656632,10.33825397491455,10.33825397491455
2018-12-21,10.338257310912354,10.387061384468485,10.208114149048583,10.273185729980469
2018-12-24,10.33012123094249,10.33012123094249,10.216246373537276,10.24878215789795
2018-12-26,10.256915071002885,10.321986636861748,10.126771939285158,10.232513427734375
2018-12-27,10.240647798263085,10.330121009407565,10.151173811404334,10.19997787475586
2018-12-28,10.185267887802764,10.28336026157347,10.185267887802764,10.250662803649902
2018-12-31,10.234309457481345,10.397796667115383,10.234309457481345,10.348750114440918
2019-01-02,10.405971796324918,10.593982696533203,10.348751460403035,10.593982696533203
2019-01-03,10.55311020800117,10.659377098083496,10.55311020800117,10.659377098083496
2019-01-04,10.626680034258861,10.643029146966034,10.495890250875881,10.618505477905273
2019-01-07,10.667554014707584,10.757471812566077,10.659379456838062,10.724774360656738
2019-01-08,10.84738903651882,10.896434818478806,10.765645027160645,10.765645027160645
2019-01-09,10.863737370649265,10.863737370649265,10.765645027160645,10.765645027160645
2019-01-10,10.847390565126245,10.863738901560488,10.773821102250256,10.8065185546875
2019-01-11,10.904606684860154,10.929129569789671,10.806514365573623,10.847386360168457
2019-01-14,10.855565071105955,10.920959980363254,10.790170161848659,10.855565071105957
2019-01-15,10.945482415707822,10.953656193762153,10.831040947691251,10.871912956237793
2019-01-16,10.847390062937356,10.953656193762153,10.847390062937356,10.871912956237793
2019-01-17,10.9373061723855,10.986351951427249,10.88008583698059,10.904608726501465
2019-01-18,10.986349653460794,11.00269876276744,10.9127810002862,10.945478439331055
2019-01-22,10.970006490442813,11.010878503391138,10.937309035997913,10.98635482788086
2019-01-23,11.010877559460464,11.239759720953357,10.986353886052527,11.141667366027832
2019-01-24,11.444116741255746,11.444116741255746,11.133490621873431,11.3705472946167
2019-01-25,11.435939862704476,11.59942705560853,11.296975553843923,11.591253280639648
2019-01-28,11.60760537598211,11.60760537598211,11.149841087339045,11.19888687133789
2019-01-29,11.256104977673552,11.280627863105666,11.198883872240653,11.272453308105469
2019-01-30,11.315153788295987,11.315153788295987,11.175561840214485,11.200196266174316
2019-01-31,11.257676871691984,11.33157859550076,11.24125391836136,11.32336711883545
2019-02-01,11.380845342746177,11.462958539276762,11.339789527570362,11.397268295288086
2019-02-04,11.454747200012205,11.487592322399394,11.38905695523783,11.454747200012207
2019-02-05,11.495802582602924,11.495802582602924,11.241252323714521,11.274097442626953
2019-02-06,11.274099651697549,11.364424333722198,11.25767748056824,11.331579208374023
2019-02-07,11.347999736872197,11.356211212793012,11.241252899169922,11.241252899169922
2019-02-08,11.323365512540304,11.331576988040764,11.233041631303466,11.274097442626953
2019-02-11,11.298733370515325,11.33157849379225,11.20840869418665,11.306944847106934
2019-02-12,11.323367017200642,11.33157849379225,11.290521893923717,11.306944847106934
2019-02-13,11.30694494859434,11.32336711883545,11.282310518598404,11.32336711883545
2019-02-14,11.331579208374023,11.331579208374023,11.298734083025849,11.331579208374023
2019-02-15,11.389056044340382,11.512225830758325,11.323365804819916,11.495802879333496
2019-02-19,11.520436523381315,11.561493118853962,11.438324115525445,11.495802879333496
2019-02-20,11.487591851238761,11.618972335398976,11.487591851238761,11.610761642456055
2019-02-21,11.627183119728423,11.65181676327064,11.487591167840177,11.52043628692627
2019-02-22,11.520441033849325,11.545075470631412,11.479384422302246,11.479384422302246
2019-02-25,11.487594898506071,11.545074462890625,11.47117272517453,11.545074462890625
2019-02-26,11.54507003371512,11.643605385171046,11.528647083594452,11.536858558654785
2019-02-27,11.522017325175318,11.546760162429266,11.464282989501953,11.464282989501953
2019-02-28,11.464281291382575,11.464281291382575,11.39829987743831,11.447786331176758
2019-03-01,11.456035901457714,11.522017325175318,11.456035901457714,11.464282989501953
2019-03-04,11.472526756059036,11.489022499362,11.431288184361964,11.456031799316406
2019-03-05,11.464279135790893,11.489022751287903,11.439536306854233,11.480774879455566
2019-03-06,11.489025115966797,11.497272202936205,11.489025115966797,11.489025115966797
2019-03-07,11.51376579723063,11.579747200012207,11.497270053255052,11.579747200012207
2019-03-08,11.612737442598906,11.612737442598906,11.53850817076224,11.57149887084961
2019-03-11,11.612740264186803,11.64573097229004,11.555006721646269,11.645730972290039
2019-03-12,11.645725965117697,11.645725965117697,11.546753883361816,11.546753883361816
2019-03-13,11.61273527119907,11.620983141318773,11.546753883361816,11.546753883361816
2019-03-14,11.5879986907396,11.5879986907396,11.538512229919434,11.538512229919434
2019-03-15,11.629235862721616,11.645730823281918,11.47252941131592,11.472529411315918
2019-03-18,11.513765580224563,11.579746981762554,11.44778417868657,11.480774879455566
2019-03-19,11.587996274698487,11.604491233825684,11.505519119381166,11.604491233825684
2019-03-20,11.620988137852743,11.670473806727337,11.571501682417626,11.645730972290039
2019-03-21,11.662225515175367,11.7117111789392,11.653977642361248,11.678720474243164
2019-03-22,11.711711837581708,11.794188997240367,11.703463964303744,11.785941123962402
2019-03-25,11.909653102693794,12.041616682504497,11.802433923098052,12.008625984191895
2019-03-26,12.008627434592329,12.016874520246343,11.917902413354696,12.00037956237793
2019-03-27,12.000382722881673,12.000382722881673,11.90141058992404,11.950896263122559
2019-03-28,12.051947698620166,12.051947698620166,11.902851187604615,11.935983657836914
2019-03-29,12.151344578464851,12.151344578464851,11.869718198823426,11.886284828186035
2019-04-01,11.911134419721835,11.944266889723465,11.878001949720206,11.902851104736328
2019-04-02,11.960832864994154,11.993965335370412,11.820020458350369,11.844869613647461
2019-04-03,11.8531546816513,11.92770215856716,11.762039782186605,11.778606414794922
2019-04-04,11.795170513112874,11.844869613647461,11.795170513112874,11.844869613647461
2019-04-05,11.90285055029685,11.90285055029685,11.786886515722598,11.795169830322266
2019-04-08,11.84486996775076,11.878002439117514,11.828303337097168,11.828303337097168
2019-04-09,11.88628435616314,11.894566880575166,11.811736106872559,11.811736106872559
2019-04-10,11.886285181490774,11.894567706477899,11.820020241951427,11.869718551635742
2019-04-11,11.944269103339293,11.944269103339293,11.869720834534593,11.911136627197266
2019-04-12,11.98568305926516,11.993965584576012,11.902851486633278,11.944267272949219
2019-04-15,12.002248026380522,12.051947124330955,11.960832243078556,11.977398872375488
2019-04-16,12.027100242942632,12.051949401643114,11.869720394645055,11.960834503173828
2019-04-17,11.960833494616503,12.01881591328247,11.960833494616503,11.98568344116211
2019-04-18,11.977399359725096,12.018815144712233,11.90285110473633,11.902851104736328
2019-04-22,11.993965178831967,12.060230908660023,11.969116023859193,12.051947593688965
2019-04-23,12.076796263438998,12.126495361328127,12.03538048018812,12.126495361328125
2019-04-24,12.109927604775137,12.118210918642315,12.043662673718277,12.060229301452637
2019-04-25,12.043663809682489,12.093362907632919,11.977398872375488,11.977398872375488
2019-04-26,12.0436679394459,12.109932899475098,12.027102094408917,12.109932899475098
2019-04-29,12.12823028342204,12.136548875973514,12.103275299072266,12.103275299072266
2019-04-30,12.119911502487492,12.136548687331844,12.07000153456371,12.128230094909668
2019-05-01,12.12823028342204,12.161503860323286,12.103275299072266,12.103275299072266
2019-05-02,12.1032758260488,12.111594418962465,12.061683654785154,12.061683654785156
2019-05-03,12.094956398010254,12.12822997406278,12.061682821957728,12.094956398010254
2019-05-06,12.086638450622559,12.094957043405735,12.061683465577707,12.086638450622559
2019-05-07,12.061684007514328,12.169823338640333,12.061684007514328,12.161504745483398
2019-05-08,12.22805101412578,12.22805101412578,12.061683129619544,12.103275299072266
2019-05-09,12.1615047454834,12.194778324806423,12.111594773151218,12.161504745483398
2019-05-10,12.119912573003443,12.211415511120288,12.119912573003443,12.161504745483398
2019-05-13,12.219732421574307,12.236369606677256,12.078320314722493,12.103275299072266
2019-05-14,12.061680355688187,12.119908903547874,12.011769605162408,12.020088195800781
2019-05-15,12.061683654785154,12.136549404398778,12.028410076435177,12.061683654785156
2019-05-16,12.045046658687756,12.086638830606548,12.036728858947754,12.036728858947754
2019-05-17,12.078321487474982,12.111595067606949,12.011773533906322,12.053365707397461
2019-05-20,12.061683416370897,12.078320601869374,11.995136260986328,11.995136260986328
2019-05-21,12.070003192873424,12.070003192873424,11.936908869051194,11.945226669311523
2019-05-22,11.970178477138717,12.020088435354706,11.93690490722656,11.936904907226562
2019-05-23,12.045046834428085,12.045046834428085,11.8953161239624,11.895316123962402
2019-05-24,11.87867950740041,11.970182450006751,11.87867950740041,11.945226669311523
2019-05-28,11.995135643504337,12.011772034841742,11.953543475203883,11.978498458862305
2019-05-29,12.011772034841742,12.036727811804791,11.953543475203883,11.978498458862305
2019-05-30,11.980170583927718,11.996878915031969,11.94675312498415,11.955107688903809
2019-05-31,11.980168590927226,12.021940606841332,11.93839657501312,12.013586044311523
2019-06-03,11.971816440128368,12.021943028670318,11.95510810843778,11.963461875915527
2019-06-04,11.980171719402513,12.005234616801872,11.930045127868652,11.930045127868652
2019-06-05,11.971817154691012,11.980171719402513,11.930045127868652,11.930045127868652
2019-06-06,11.963459094559974,11.971813656830484,11.90497875213623,11.90497875213623
2019-06-07,11.971817453236621,12.021944046020506,11.94675455521226,12.021944046020508
2019-06-10,12.030293544145012,12.105483008265336,11.988522327842503,12.088774681091309
2019-06-11,12.047004121983745,12.088776140062519,12.021941229830473,12.038649559020996
2019-06-12,12.021942999226074,12.088777919294918,12.013588435033695,12.080423355102539
2019-06-13,12.088775680234084,12.122193134078987,12.055358226389181,12.105484008789062
2019-06-14,12.130550049495644,12.163967509822005,12.113840920964913,12.15561294555664
2019-06-17,12.264221855096444,12.272575623964688,12.17232322692871,12.172323226928711
2019-06-18,12.239156133953529,12.239156133953529,12.097131729125977,12.097131729125977
2019-06-19,12.080421117589122,12.13054769672395,12.07206655494416,12.105484008789062
2019-06-20,12.122195485230279,12.180675841617635,12.113840920964913,12.15561294555664
2019-06-21,12.180675415008968,12.264219461266425,12.147257955853,12.239155769348145
2019-06-24,12.30598826248534,12.44801263509284,12.255862481997347,12.406241416931152
2019-06-25,12.397891917668767,12.456372284365335,12.122197622191745,12.189032554626465
2019-06-26,12.247510156353531,12.264219284057617,12.205738133828378,12.264219284057617
2019-06-27,12.265896974337766,12.316236165254068,12.223947781926563,12.29106616973877
2019-06-28,12.291066341789342,12.291066341789342,12.232337951660156,12.232337951660156
2019-07-01,12.324623881399859,12.408522256132061,12.240726306781857,12.299454689025879
2019-07-02,12.366573333740234,12.391743326767722,12.316234947913689,12.366573333740234
2019-07-03,12.391744362929842,12.408523559570312,12.36657436779771,12.408523559570312
2019-07-05,12.35818394261075,12.408523131022186,12.324624750374545,12.40013313293457
2019-07-08,12.32462474026384,12.408523120842654,12.265896353927223,12.316235542297363
2019-07-09,12.29106616973877,12.391744551571373,12.249117777441862,12.29106616973877
2019-07-10,12.307845199231306,12.341404390499326,12.18199843200479,12.207167625427246
2019-07-11,12.24911638843353,12.383353148835946,12.24911638843353,12.34140396118164
2019-07-12,12.383353495969072,12.45886187584065,12.366573500391286,12.450471878051758
2019-07-15,12.551150062598417,12.551150062598417,12.458862482767538,12.484031677246094
2019-07-16,12.433690342052982,12.500808715820314,12.433690342052982,12.500808715820312
2019-07-17,12.500809839001764,12.584708213806152,12.46725064910285,12.584708213806152
2019-07-18,12.584706185473658,12.584706185473658,12.425300259174517,12.45885944366455
2019-07-19,12.458860332301327,12.534367902703979,12.458860332301327,12.500808715820312
2019-07-22,12.484031686189923,12.5679292678833,12.484031686189923,12.5679292678833
2019-07-23,12.584711782620552,12.584711782620552,12.467254184608231,12.517593383789062
2019-07-24,12.576319614429023,12.62665880493077,12.534370422363281,12.534370422363281
2019-07-25,12.58471029715109,12.609879493713379,12.542761102804388,12.609879493713379
2019-07-26,12.626658189619029,12.660217381613386,12.559539805630315,12.643437385559082
2019-07-29,12.676997505573576,13.004200251557132,12.676997505573576,12.928691864013672
2019-07-30,12.964070489934839,13.006188333939768,12.938798819516224,12.947222709655762
2019-07-31,12.964073897382097,13.056734303232522,12.913531346606762,12.97249698638916
2019-08-01,12.980920878742815,13.056734303232522,12.913531346606762,12.97249698638916
2019-08-02,12.98933981031223,13.183084440373344,12.947221167976162,13.056729316711426
2019-08-05,13.05673380249911,13.124123332050734,12.921954743395858,13.00619125366211
2019-08-06,13.03146188793888,13.03146188793888,12.913529818978468,13.01461410522461
2019-08-07,13.065156015642975,13.140969427483087,12.972494821906633,12.997766494750977
2019-08-08,13.023035756498944,13.023035756498944,12.804019438965229,12.837714195251465
2019-08-09,12.8124422280374,12.879831734819813,12.711357967863778,12.787171363830566
2019-08-12,12.85456420793989,12.888258970078995,12.787174683661675,12.820869445800781
2019-08-13,12.702937023604285,12.9135294819576,12.702937023604285,12.905105590820312
2019-08-14,12.955646599795301,13.031460004358383,12.905104062304453,12.947222709655762
2019-08-15,12.955646243926472,13.183085648021978,12.837714195251465,12.837714195251465
2019-08-16,12.854565280034418,13.183089037453572,12.854565280034418,13.140971183776855
2019-08-19,13.14096990773639,13.233630301512664,13.14096990773639,13.157816886901855
2019-08-20,13.216783802402885,13.216783802402885,13.098852526753573,13.140971183776855
2019-08-21,13.13254503953641,13.166239798707238,13.014612980765298,13.031460762023926
2019-08-22,13.023039318171662,13.056734083673083,12.930378913879395,12.930378913879395
2019-08-23,12.98934477109647,13.006191752457188,12.854565706824362,12.97249698638916
2019-08-26,12.938797824448375,13.098848511405262,12.938797824448375,13.082000732421875
2019-08-27,13.140968437715424,13.292594446628838,13.098849789493656,13.258899688720703
2019-08-28,13.292597224375479,13.292597224375479,13.115699507554947,13.140971183776855
2019-08-29,13.210319350918365,13.244148561800214,13.091916709555887,13.125746726989746
2019-08-30,13.142660615714703,13.159575624028227,13.075002195564593,13.108831405639648
2019-09-03,13.168031692504883,13.168031692504883,13.108830779339971,13.168031692504883
2019-09-04,13.134203111557943,13.142660615714703,13.058087187251072,13.108831405639648
2019-09-05,13.151117624501836,13.151117624501836,12.888940651381716,12.939684867858887
2019-09-06,13.151114867280146,13.151114867280146,12.897395451192235,12.914310455322266
2019-09-09,12.888940811157225,12.948142532206466,12.736709772942529,12.888940811157227
2019-09-10,13.049630479841344,13.049630479841344,12.79591100119307,12.812825202941895
2019-09-11,12.855113347143947,12.855113347143947,12.719796491892758,12.736711502075195
2019-09-12,12.736707504278513,12.736707504278513,12.57601818419082,12.60138988494873
2019-09-13,12.576020382134965,12.69442301728513,12.322300910557162,12.415331840515137
2019-09-16,12.449159790301682,12.559104910415403,12.432244784183316,12.466073989868164
2019-09-17,12.626764623610748,12.770538964232522,12.55910620526544,12.685965538024902
2019-09-18,12.821283342306335,13.007344410073491,12.821283342306335,12.956600189208984
2019-09-19,13.007343305578743,13.159575148693747,12.990428297876205,13.142660140991211
2019-09-20,13.159576267976792,13.159576267976792,13.083460339945276,13.091917037963867
2019-09-23,13.15111827161005,13.16803247356674,13.00734392549419,13.015801429748535
2019-09-24,13.083462242773537,13.16803488112369,13.007346303671897,13.049633026123047
2019-09-25,13.125747536661443,13.168033447958187,12.948143966938119,12.990429878234863
2019-09-26,13.04117043890661,13.125743850855374,12.998883732932228,13.032712936401367
2019-09-27,13.017431344833563,13.102346420288086,12.907042070666753,13.102346420288086
2019-09-30,13.102346922658704,13.153295322036742,13.085363582992553,13.119329452514648
2019-10-01,13.153294410162362,13.187260277329715,13.085362675827655,13.161786079406738
2019-10-02,13.178768262468513,13.187259121158316,13.127819061279295,13.127819061279297
2019-10-03,13.17876861949256,13.17876861949256,13.025921821594238,13.025921821594238
2019-10-04,13.051396522879237,13.076870720244417,13.025922325514058,13.0429048538208
2019-10-07,13.059886484904762,13.221224126876272,13.059886484904762,13.212733268737793
2019-10-08,13.221226232636594,13.246701240539553,13.187260365242807,13.24670124053955
2019-10-09,13.24670029877891,13.24670029877891,13.059887636489256,13.110836029052734
2019-10-10,13.195752143859863,13.22971801153503,13.161786276184696,13.195752143859863
2019-10-11,13.178770413799429,13.289158883077638,13.178770413799429,13.204244613647461
2019-10-14,13.297649077883248,13.314632415771484,13.221225677006428,13.314632415771484
2019-10-15,13.365577827161928,13.374069494211051,13.195748535229173,13.229714393615723
2019-10-16,13.263684091879467,13.289158290591754,13.059888882560823,13.102346420288086
2019-10-17,13.119326225474829,13.119326225474829,12.957988587382625,12.966480255126953
2019-10-18,13.017431781224385,13.136312728883997,12.898550833564775,12.907042503356934
2019-10-21,12.890059861908293,12.957991600036621,12.864584852752524,12.957991600036621
2019-10-22,13.246701163816002,13.246701163816002,13.034414291381838,13.034414291381836
2019-10-23,13.127818554411533,13.238207811217618,12.847599983215334,12.847599983215332
2019-10-24,12.91553069713249,12.95798822485629,12.805141448974608,12.80514144897461
2019-10-25,12.822127252889306,12.907041514877164,12.737212181091309,12.737212181091309
2019-10-28,12.737211630099571,12.805143360675293,12.67777156829834,12.67777156829834
2019-10-29,12.677771063850983,12.839108715096186,12.677771063850983,12.78816032409668
2019-10-30,12.789864522042429,13.113874520846425,12.789864522042429,13.020082473754883
2019-10-31,13.079771801971713,13.284409494770005,13.045665519838664,13.275882720947266
2019-11-01,13.267354985647046,13.344093500313466,13.02861022949219,13.028610229492188
2019-11-04,13.122402183647111,13.207667465024137,12.934817263565265,12.960396766662598
2019-11-05,12.985977117537566,13.216195099916366,12.985977117537566,13.173562049865723
2019-11-06,13.216194072116291,13.420831720655721,13.113875247846577,13.352619171142578
2019-11-07,13.420833746550363,13.437887293081774,13.071244174235012,13.301462173461914
2019-11-08,13.301462989186152,13.429361343383789,13.284409441608918,13.429361343383789
2019-11-11,13.361149698606754,13.471995326010983,13.361149698606754,13.463468551635742
2019-11-12,13.386727329161042,13.47199343462668,13.284408490496983,13.344094276428223
2019-11-13,13.497574161202412,13.497574161202412,13.062718447700222,13.122405052185059
2019-11-14,13.13945778692507,13.182090843511977,13.071245221649187,13.122405052185059
2019-11-15,13.147981552839845,13.24177360534668,13.071242231171647,13.24177360534668
2019-11-18,13.173562112458423,13.24177466760044,13.02861022949219,13.028610229492188
2019-11-19,13.079768083798767,13.165033358314156,13.02860826856339,13.130927085876465
2019-11-20,13.071243217638854,13.241774604683634,13.071243217638854,13.173562049865723
2019-11-21,13.13945581823824,13.173562095766032,13.079770035854054,13.10534954071045
2019-11-22,13.165036109319747,13.463466665378755,13.156510149296972,13.386727333068848
2019-11-25,13.37819964308195,13.49757201995655,13.35262013845089,13.437886238098145
2019-11-26,13.523151397705078,13.958007851299755,13.437886112015624,13.523151397705078
2019-11-27,13.636145726299347,13.644705146969464,13.413584461893597,13.533425331115723
2019-11-29,13.490624672494262,13.653265090619712,13.370783805847168,13.370783805847168
2019-12-02,13.46494396198831,13.60190530230604,13.293743307027544,13.370783805847168
2019-12-03,13.293744675358981,13.567666567840234,13.293744675358981,13.327984809875488
2019-12-04,13.379345080509847,13.601906357397338,13.182463699771162,13.27662467956543
2019-12-05,13.293744926465438,13.387905910426344,13.131104488527205,13.31086540222168
2019-12-06,13.216702710784192,13.285183788612823,13.165342922849106,13.199583053588867
2019-12-09,13.199583165950916,13.268063428013377,13.165343034919685,13.182462692260742
2019-12-10,13.139664117701702,13.182463672411162,13.088303509161502,13.096863746643066
2019-12-11,13.096861894901618,13.148221679830973,13.079741422359124,13.088301658630371
2019-12-12,13.079740113214683,13.122540473937988,13.019820098011445,13.122540473937988
2019-12-13,13.12254420133348,13.22526460643726,13.12254420133348,13.216704368591309
2019-12-16,13.225264127570558,13.43926516787542,13.191023993775747,13.268064498901367
2019-12-17,13.362222797937598,13.362222797937598,13.21670204553102,13.259502410888672
2019-12-18,13.276624372328754,13.3023042678833,13.20814410661719,13.3023042678833
2019-12-19,13.33654529950683,13.387905910426344,13.285185504936532,13.31086540222168
2019-12-20,13.31086307894801,13.37934333732203,13.268062713376981,13.353663444519043
2019-12-23,13.413584903751882,13.413584903751882,13.156783499158937,13.3023042678833
2019-12-24,13.38790391796991,13.405023574829102,13.319423657834951,13.405023574829102
2019-12-26,13.46494301569459,13.46494301569459,13.268062480413423,13.28518295288086
2019-12-27,13.302304999396828,13.353665609679478,13.233824729919432,13.233824729919434
2019-12-30,13.244133638527623,13.269916927075633,13.183972358703613,13.183972358703613
2019-12-31,13.192568320934987,13.261324310051169,13.158190326376896,13.244134902954102
2020-01-02,13.14959716796875,13.218353165164089,13.098029760254176,13.14959716796875
2020-01-03,13.244138816718852,13.244138816718852,13.158194214744228,13.166788101196289
2020-01-06,13.166786468665856,13.17538117368856,13.115219877802005,13.123814582824707
2020-01-07,13.19256889042313,13.261324882507324,13.149596190461489,13.261324882507324
2020-01-08,13.244137671597505,13.32148838043213,13.235542966252275,13.321488380432129
2020-01-09,13.347270011901855,13.347270011901855,13.287108721262166,13.347270011901855
2020-01-10,13.321483732689764,13.501968383789062,13.304294327996532,13.501968383789062
2020-01-13,13.493378831908982,13.493378831908982,13.416028120536275,13.484784126281738
2020-01-14,13.53634916032297,13.579321861267088,13.450403758434735,13.57932186126709
2020-01-15,13.691053342570557,13.691053342570557,13.519162503807095,13.656675338745117
2020-01-16,13.605107923188827,13.768404056086862,13.519162503807095,13.656675338745117
2020-01-17,13.665266774270988,13.725428884903344,13.493376785970218,13.527754783630371
2020-01-21,13.570727428194973,13.751212120056154,13.536349430680277,13.751212120056152
2020-01-22,13.708239144463345,13.708239144463345,13.579321861267088,13.57932186126709
2020-01-23,13.596511212843058,13.708239913713077,13.570727918684174,13.58791732788086
2020-01-24,13.61370097093828,13.708240265034515,13.596511561301057,13.682456970214844
2020-01-27,13.70824112782311,13.759808540344238,13.622296533136184,13.759808540344238
2020-01-28,13.716834397786485,13.78559121383168,13.665266990661621,13.665266990661621
2020-01-29,13.699644988866154,13.751212395991017,13.622295107633054,13.665266990661621
2020-01-30,13.675621453253475,13.701505679243295,13.632480528040634,13.649736404418945
2020-01-31,13.641108567859535,13.666992793261517,13.589339294210877,13.606595993041992
2020-02-03,13.606598944820671,13.666995758142518,13.520317077636717,13.520317077636719
2020-02-04,13.511688692146876,13.580713856581367,13.459920230243442,13.503060340881348
2020-02-05,13.503058376173508,13.606596930605152,13.399520644586612,13.53757095336914
2020-02-06,13.511688328562673,13.606598544239821,13.468547396240774,13.49443244934082
2020-02-07,13.528943348763823,13.632481079758069,13.528943348763823,13.623852729797363
2020-02-10,13.641109947593561,13.684250053345389,13.563456440688633,13.58071231842041
2020-02-11,13.580711458303938,13.71013423589692,13.477173729936384,13.563455581665039
2020-02-12,13.520316953334952,13.684251512063454,13.520316953334952,13.58934211730957
2020-02-13,13.606595993041992,13.675621142677075,13.589339294210877,13.606595993041992
2020-02-14,13.390893117421264,13.572083530564774,13.390893117421264,13.53757095336914
2020-02-18,13.554827064450787,13.684249017600017,13.554827064450787,13.666993141174316
2020-02-19,13.632483260241465,13.744649359137117,13.632483260241465,13.718764305114746
2020-02-20,13.718761457947874,14.003490410342833,13.718761457947874,13.986233711242676
2020-02-21,13.943096735024518,14.176057288034837,13.934468383540088,14.150172233581543
2020-02-24,14.1846824976581,14.409014649495143,13.89132519492423,14.003490447998047
2020-02-25,14.098397560258073,14.279587924550501,14.081140864890495,14.245076179504395
2020-02-26,14.305479268921756,14.538439821932073,14.0897754188803,14.150172233581543
2020-02-27,14.247172359568053,14.247172359568053,14.065292712917902,14.08261489868164
2020-02-28,14.08261701984408,14.229852317143735,13.528319381423758,13.588945388793945
2020-03-02,13.46768971402103,14.056629917199539,13.441707264490244,13.987342834472656
2020-03-03,13.69287401045601,13.99600481003447,13.69287401045601,13.86609172821045
2020-03-04,13.84876954345139,13.892075005349037,13.779482456349614,13.86609172821045
2020-03-05,13.883414334672997,13.883414334672997,13.779482874896223,13.840108871459961
2020-03-06,13.848767241425898,13.848767241425898,13.692871734344408,13.736175537109375
2020-03-09,13.433048650717607,13.57162284173483,13.242508725085258,13.459031105041504
2020-03-10,13.372421381868103,13.459030661382574,13.233847195418791,13.259830474853516
2020-03-11,13.242508256321434,13.259830442569074,12.774819965210062,12.9220552444458
2020-03-12,12.60160351131428,12.835447267615544,11.744175028264006,12.038644790649414
2020-03-13,11.95203431314587,12.437043931970397,11.72685086285086,12.367756843566895
2020-03-16,12.21186273026663,12.497672209718342,11.822121780134893,11.995340347290039
2020-03-17,11.83078262091445,12.081948546762293,11.5276517868042,11.5276517868042
2020-03-18,11.42372082175116,11.42372082175116,9.73484636138779,10.652901649475098
2020-03-19,10.65290278800137,10.730850988127926,10.410397918915654,10.548972129821777
2020-03-20,10.410397572019805,11.241842809751084,10.410397572019805,10.531649589538574
2020-03-23,10.445039679612883,10.53164813358629,9.65689754486084,9.65689754486084
2020-03-24,9.752165064012749,10.34976627761998,9.752165064012749,10.21119213104248
2020-03-25,10.228516588820511,12.385079083326167,10.228516588820511,11.752833366394043
2020-03-26,11.129251893484978,12.073288880900112,11.129251893484978,11.839445114135742
2020-03-27,11.839443212936724,12.064626675117918,11.493007752632803,11.674885749816895
2020-03-30,11.685328036386501,12.442307472229002,11.676626923038189,12.442307472229004
2020-03-31,12.529312909291685,12.912153500785118,12.529312909291685,12.746835708618164
2020-04-01,12.503213404107637,12.503213404107637,11.441701656493866,11.476505279541016
2020-04-02,11.572215604711168,11.815840960556004,11.076262950225846,11.37209415435791
2020-04-03,11.16326950621892,11.406894798456946,10.893541711544145,11.00665283203125
2020-04-06,11.189374643444088,11.206776869022057,10.90224455967789,11.12846851348877
2020-04-07,11.398196425455803,11.424298932261875,11.093664136844616,11.180673599243164
2020-04-08,11.572213356083505,11.572213356083505,11.232877482613313,11.354690551757812
2020-04-09,11.441700173026009,11.937652774375175,11.441700173026009,11.76363468170166
2020-04-13,11.659223538845687,11.841942752101174,11.659223538845687,11.702728271484375
2020-04-14,11.876746871011816,11.920251605477459,11.746233497398682,11.77233600616455
2020-04-15,11.998558899364975,11.998558899364975,11.711428839007747,11.76363468170166
2020-04-16,11.763635423541404,11.98985854339122,11.702728464926961,11.754934310913086
2020-04-17,11.781036624277263,11.789737736761753,11.685326876299154,11.702728271484375
2020-04-20,11.502608146088393,11.920251605477459,11.502608146088393,11.77233600616455
2020-04-21,11.667925311020001,11.868046760559082,11.667925311020001,11.868046760559082
2020-04-22,11.955053515781664,12.129071598950544,11.885446282514112,12.050764083862305
2020-04-23,11.99855824804573,12.007259359653013,11.615718464945738,11.737530708312988
2020-04-24,12.007261304467258,12.007261304467258,11.554813385009764,11.554813385009766
2020-04-27,11.65052460677632,11.702729628167807,11.55481401791884,11.580917358398438
2020-04-28,11.48520679215449,11.598318778437223,11.206777798094747,11.537412643432617
2020-04-29,11.565382983312833,11.81889558872734,11.52167471834785,11.722735404968262
2020-04-30,11.81889820098877,11.81889820098877,11.565385539541852,11.81889820098877
2020-05-01,11.810154871878916,11.818896859284383,11.600352176238577,11.75770378112793
2020-05-04,11.818897166511409,11.950023646274746,11.626577607000934,11.792671203613281
2020-05-05,11.792675460590498,11.950027960053832,11.565388702183935,11.617839813232422
2020-05-06,11.644061818205993,11.845123383818658,11.600353543391064,11.635320663452148
2020-05-07,11.766448912541183,11.906317413674422,11.713997807775204,11.871350288391113
2020-05-08,11.906317413674422,11.906317413674422,11.748964933058515,11.871350288391113
2020-05-11,11.897573850839477,11.976250080744885,11.757705368199606,11.95876693725586
2020-05-12,11.976248439165184,12.046182670899261,11.77518773135016,12.019957542419434
2020-05-13,12.063667686707786,12.107376793733913,11.792671890091302,11.888832092285156
2020-05-14,11.504191444050965,11.783928358487149,11.504191444050965,11.556642532348633
2020-05-15,11.68777019431993,11.76644641794781,11.547901722840074,11.644061088562012
2020-05-18,11.757703486587104,12.063666368659312,11.644060154208335,11.880088806152344
2020-05-19,11.83638125750218,11.967507747783296,11.83638125750218,11.950024604797363
2020-05-20,12.151089668273928,12.186056800399292,11.99373799055088,12.151089668273926
2020-05-21,12.098634978577788,12.675592865262713,12.072409847459896,12.238503456115723
2020-05-22,12.658107210167177,12.658107210167177,12.273468947943847,12.457046508789062
2020-05-26,11.915056801051135,12.378371318283088,11.818897435944683,12.325921058654785
2020-05-27,12.360887144511382,12.430821373966126,12.360887144511382,12.37837028503418
2020-05-28,12.441590218194108,12.441590218194108,12.274765322410397,12.424029350280762
2020-05-29,12.424029375693769,12.432809809668402,12.37134844654251,12.406469345092773
2020-06-01,12.441590289195997,12.476711187874848,12.388908522503582,12.415249824523926
2020-06-02,12.45915027424403,12.45915027424403,12.301106649441989,12.406469345092773
2020-06-03,12.415253443221584,12.424033042439097,12.274768970210626,12.3274507522583
2020-06-04,12.336226463317871,12.336226463317871,12.248423805988214,12.336226463317871
2020-06-05,12.292325994028761,12.336227325762803,12.257205096111182,12.318666458129883
2020-06-08,12.318667393285782,12.318667393285782,12.257206026601319,12.292326927185059
2020-06-09,12.301107316655678,12.301107316655678,12.248425547298684,12.283546447753906
2020-06-10,12.265985418260163,12.274765014648438,12.222084086925793,12.274765014648438
2020-06-11,12.318665155218806,12.318665155218806,12.116720222888938,12.143060684204102
2020-06-12,12.081599421167851,12.178181671628211,12.081599421167851,12.160621643066406
2020-06-15,12.230866432189941,12.248426465059149,12.160624626016357,12.230866432189941
2020-06-16,12.230864852341465,12.406469345092773,12.230864852341465,12.406469345092773
2020-06-17,12.36256796724013,12.40646929960406,12.274765302512272,12.397688865661621
2020-06-18,12.388908477143506,12.476711142193297,12.353787578593245,12.406469345092773
2020-06-19,12.50305158119428,12.50305158119428,12.406469319715685,12.424029350280762
2020-06-22,12.476710251511818,12.494270280859245,12.42402848877311,12.44158935546875
2020-06-23,12.424026682842102,12.546950219799033,12.424026682842102,12.50304889678955
2020-06-24,12.573292459689153,12.634754655547864,12.380127950842368,12.432808876037598
2020-06-25,12.503051448466001,12.59085411240411,12.318666524074585,12.353787422180176
2020-06-26,12.432809585699085,12.441590019515543,12.274765126395843,12.318666458129883
2020-06-29,12.320428500217643,12.320428500217643,12.258693498906975,12.302789688110352
2020-06-30,12.276334184468274,12.320430380401037,12.241057395935059,12.241057395935059
2020-07-01,12.311612681130079,12.311612681130079,12.205782300847396,12.285155296325684
2020-07-02,12.258696556091309,12.364527772998498,12.223419764143932,12.258696556091309
2020-07-06,12.258695739211054,12.470357317855921,12.258695739211054,12.435080528259277
2020-07-07,12.435082077103397,12.787850017008624,12.435082077103397,12.708477020263672
2020-07-08,12.761391058754256,12.946594414641762,12.708475453758538,12.840764045715332
2020-07-09,12.964231091362018,13.052423477172853,12.840762760504761,13.052423477172852
2020-07-10,13.114158834241394,13.114158834241394,12.876040716619022,13.070062637329102
2020-07-13,13.2288078196407,13.2288078196407,13.07888126373291,13.07888126373291
2020-07-14,13.078881085090996,13.078881085090996,12.920135124282805,12.955411911010742
2020-07-15,13.008329369750264,13.740323429712024,12.973052577983374,13.237628936767578
2020-07-16,13.096520800080416,13.096520800080416,12.98187102506002,13.061244010925293
2020-07-17,13.184711074792414,13.184711074792414,13.017146552809404,13.105338096618652
2020-07-20,13.149436547704344,13.3434593231154,13.122979164123537,13.122979164123535
2020-07-21,13.29054040253109,13.299359808548346,13.096518516540527,13.096518516540527
2020-07-22,13.175892769864108,13.272904569550825,13.14943538861545,13.167074203491211
2020-07-23,13.184711083502709,13.316999660901347,13.140614891036495,13.219987869262695
2020-07-24,13.2288069039169,13.41401023421433,13.2288069039169,13.255264282226562
2020-07-27,13.449287788372835,13.449287788372835,13.343457428015071,13.414011001586914
2020-07-28,13.449286460876465,13.493382650272638,13.24644516714487,13.449286460876465
2020-07-29,13.484564080835565,13.740320985924079,13.484564080835565,13.731501579284668
2020-07-30,13.768691279869447,14.547884190053853,13.768691279869447,14.122869491577148
2020-07-31,14.237977424387378,14.237977424387378,13.812963576221762,13.821817398071289
2020-08-03,14.32652438215204,14.32652438215204,13.848383314541936,14.016617774963379
2020-08-04,14.114015332329988,14.114015332329988,13.812964263774646,13.8572359085083
2020-08-05,13.8572359085083,13.8572359085083,13.5384755065175,13.8572359085083
2020-08-06,13.857237033314746,13.857237033314746,13.600457588650004,13.61816692352295
2020-08-07,13.812963148463545,13.812963148463545,13.635873206117852,13.750981330871582
2020-08-10,13.750981493475761,13.812963311800655,13.565037727355955,13.565037727355957
2020-08-11,13.591602093717524,13.812963685833918,13.387948989868164,13.387948989868164
2020-08-12,13.538475195692662,13.662437993612373,13.467639552432107,13.644728660583496
2020-08-13,13.812963247533714,13.812963247533714,13.432221050958091,13.609310150146484
2020-08-14,13.733274240919798,13.777546731011803,13.379095164611266,13.529621124267578
2020-08-17,13.812966079844175,13.812966079844175,13.361388150998389,13.458786964416504
2020-08-18,13.556184569189796,13.591602390925804,13.449930259554295,13.547329902648926
2020-08-19,13.485346965197538,13.618164419035757,13.441075325012207,13.441075325012207
2020-08-20,13.511911318199694,13.56503762559112,13.3613853732116,13.414511680603027
2020-08-21,13.54733097374315,13.54733097374315,13.334824026525641,13.405659675598145
2020-08-24,13.405659165322978,13.662438594543593,13.405659165322978,13.529621124267578
2020-08-25,13.812963311800655,13.812963311800655,13.5030567534585,13.565037727355957
2020-08-26,13.71556316418259,13.71556316418259,13.228567523911387,13.24627685546875
2020-08-27,13.290552627852602,13.485350256609676,13.051481659249447,13.12231731414795
2020-08-28,13.19522819222449,13.337494666322586,13.150769707075067,13.275253295898438
2020-08-31,13.230791983626679,13.47086639537495,13.230791983626679,13.426408767700195
2020-09-01,13.51532575386165,13.755401029266816,13.248575730514226,13.72872543334961
2020-09-02,13.77318380750514,13.77318380750514,13.542000399158038,13.568675994873047
2020-09-03,13.613137264335036,13.773186631566999,13.177445106046337,13.36417007446289
2020-09-04,13.45308512665402,13.586459721617,13.159660339355469,13.159660339355469
2020-09-08,13.070744514465332,13.319710842442985,13.070744514465332,13.070744514465332
2020-09-09,13.16855183831416,13.461976617438872,13.16855183831416,13.444192886352539
2020-09-10,13.515326333666124,13.906559944152832,13.444193104118538,13.906559944152832
2020-09-11,13.87099495340709,13.87099495340709,13.68426999198901,13.693161010742188
2020-09-14,13.862100673177263,13.870992538357381,13.666483879089357,13.666483879089355
2020-09-15,13.870993701897648,13.879884719848633,13.710943507129787,13.879884719848633
2020-09-16,13.870992942596947,13.888775825500488,13.773184118715102,13.888775825500488
2020-09-17,13.870994573385236,13.870994573385236,13.595352648186433,13.719836235046387
2020-09-18,13.87099495340709,13.87099495340709,13.666486258532487,13.693161010742188
2020-09-21,13.826536080882242,13.826536080882242,13.693160627615336,13.773185729980469
2020-09-22,13.773185729980469,13.826536080882242,13.773185729980469,13.773185729980469
2020-09-23,13.870993318046732,13.870993318046732,13.77318449151747,13.808751106262207
2020-09-24,13.862100100447666,13.862100100447666,13.444191781972828,13.684267044067383
2020-09-25,13.844319264847686,13.844319264847686,13.568678181831782,13.586461067199707
2020-09-28,13.58645861330873,13.870992359580722,13.58645861330873,13.755400657653809
2020-09-29,13.739332357663784,13.91788101196289,13.6589852503824,13.91788101196289
2020-09-30,13.917882374780497,13.953592109136961,13.694696322205793,13.748260498046875
2020-10-01,13.926807737188797,13.926807737188797,13.66791199271711,13.783967971801758
2020-10-02,13.926807085501174,13.926807085501174,13.792894971352156,13.828604698181152
2020-10-05,13.926807256338314,13.926807256338314,13.614346504211426,13.614346504211426
2020-10-06,13.614350979131785,13.882174447359386,13.56078594493133,13.569713592529297
2020-10-07,13.837533526433512,13.837533526433512,13.489363021527113,13.534000396728516
2020-10-08,13.632206089859862,13.775045043945095,13.444729749776162,13.471511840820312
2020-10-09,13.542929808221402,13.542929808221402,13.409018516540527,13.409018516540527
2020-10-12,13.542929506188923,13.542929506188923,13.310815811157228,13.310815811157227
2020-10-13,13.373306517940899,13.373306517940899,13.18583106994629,13.185831069946289
2020-10-14,13.24832188015716,13.310813691411104,13.167974779180904,13.21261215209961
2020-10-15,13.275106236089362,13.31081597026052,13.123339653015138,13.123339653015137
2020-10-16,13.212613148138253,13.27510496410317,13.069774225140078,13.07870101928711
2020-10-19,13.159049387186295,13.2483241483078,13.123339653015138,13.123339653015137
2020-10-20,13.185832168745707,13.391162924928754,13.185832168745707,13.310815811157227
2020-10-21,13.284035691593848,13.301890135417363,13.221543861130543,13.230470657348633
2020-10-22,13.275103653719825,13.28403129837275,13.14119238947418,13.167974472045898
2020-10-23,13.185833035188843,13.230469566761911,13.105485916137695,13.105485916137695
2020-10-26,13.078699096997907,13.159046192221858,12.64125474676418,12.739457130432129
2020-10-27,12.721604398061507,12.793023863413334,12.623402846049542,12.694822311401367
2020-10-28,12.64125439322915,12.748383566736026,12.543052863694596,12.721601486206055
2020-10-29,12.669600913404617,12.786164930058805,12.651667593100383,12.687533378601074
2020-10-30,12.687533378601072,12.714433359057423,12.597869342403236,12.687533378601074
2020-11-02,12.777196134844163,12.777196134844163,12.660632137667754,12.696497917175293
2020-11-03,12.696499086169387,12.79513063022706,12.660633303359608,12.75926399230957
2020-11-04,12.857894385660364,13.010324162737268,12.777196167783456,12.983424186706543
2020-11-05,13.019290416178903,13.144820213317871,12.947558004103994,13.144820213317871
2020-11-06,13.135851470637833,13.27034875994137,13.126885668770244,13.261382102966309
2020-11-09,13.144820035128154,13.36898136138916,13.144820035128154,13.36898136138916
2020-11-10,13.360017134533432,13.440715363491067,13.342084669824931,13.386917114257812
2020-11-11,13.449679575660337,13.449679575660337,13.30621646367051,13.36898136138916
2020-11-12,13.386916051953149,13.440714296917301,13.198620484363246,13.207586288452148
2020-11-13,13.279320187757252,13.342085098917204,13.225521081686022,13.333118438720703
2020-11-16,13.404848515238637,13.404848515238637,13.180687165970072,13.207586288452148
2020-11-17,13.306217201016507,13.431747003409871,13.306217201016507,13.377948760986328
2020-11-18,13.377948019665423,13.41381379766288,13.207584932846805,13.36898136138916
2020-11-19,13.48554515838623,13.566243371488893,13.42278026157642,13.48554515838623
2020-11-20,13.602108425201905,13.602108425201905,13.49451109849278,13.584175109863281
2020-11-23,13.602110864421944,13.63797664642334,13.584177545867398,13.63797664642334
2020-11-24,13.629010513982507,13.763507843017578,13.629010513982507,13.763507843017578
2020-11-25,13.763508268558203,13.915938066446143,13.763508268558203,13.853172302246094
2020-11-27,13.908985009835437,13.908985009835437,13.773946662173616,13.782949447631836
2020-11-30,13.728934148975615,13.809957504272461,13.728934148975615,13.809957504272461
2020-12-01,13.84596775033656,13.908985533812354,13.764944395266019,13.881978034973145
2020-12-02,13.881978591691459,13.90898609161377,13.809958019530002,13.90898609161377
2020-12-03,13.90898713905693,13.972005788358652,13.512873962338848,13.764945983886719
2020-12-04,13.836965244553525,13.845968030533086,13.665916603706522,13.719931602478027
2020-12-07,13.737935066223143,13.827960336544747,13.737935066223143,13.737935066223145
2020-12-08,13.764943876715394,13.791951374537183,13.728933593435384,13.782949447631836
2020-12-09,13.809958400534613,13.863973401869462,13.746940612792969,13.746940612792969
2020-12-10,13.809956945453626,13.863971941097203,13.782949447631838,13.782949447631836
2020-12-11,13.854972088199174,13.854972088199174,13.818961799528637,13.836966514587402
2020-12-14,13.863974110898079,13.863974110898079,13.656915164270185,13.692925453186035
2020-12-15,13.773948258908844,13.863973548268548,13.629907109090931,13.66591739654541
2020-12-16,13.63890640999702,13.764942821087816,13.575888633728027,13.575888633728027
2020-12-17,13.656913980529701,13.719931766031996,13.359828908086119,13.431849479675293
2020-12-18,13.368831694172998,13.476862551556763,13.359828908086119,13.431849479675293
2020-12-21,13.467860221862793,13.512873295269646,13.413844362063978,13.467860221862793
2020-12-22,13.55788590923282,13.584893408940527,13.413843907501532,13.431849479675293
2020-12-23,13.656916536241201,13.656916536241201,13.359831408202062,13.386838912963867
2020-12-24,13.413843907501532,13.431849479675295,13.395839193880706,13.431849479675293
2020-12-28,13.68392398572768,13.68392398572768,13.377836071153329,13.45885944366455
2020-12-29,13.503871518049667,13.530879020690918,13.413845364508123,13.530879020690918
2020-12-30,13.740600925326762,13.740600925326762,13.487484830706153,13.650202751159668
2020-12-31,13.65020715100411,13.74060535430908,13.514608552882585,13.740605354309082
2021-01-04,13.785800880638025,13.867159843444824,13.776760804301906,13.867159843444824
2021-01-05,13.912360854994066,13.92140007019043,13.867161330575357,13.92140007019043
2021-01-06,13.876202717772387,13.876202717772387,13.794843738560399,13.831003189086914
2021-01-07,13.831003189086916,13.831003189086916,13.758684288033882,13.831003189086914
2021-01-08,14.147397530173029,14.147397530173029,13.921400759006628,14.011799812316895
2021-01-11,14.09315631889728,14.463790820741318,14.029877509931453,14.427631378173828
2021-01-12,14.418592775508221,14.418592775508221,13.966599266168721,13.975639343261719
2021-01-13,14.147397530173029,14.282996110138429,13.921400759006628,14.011799812316895
2021-01-14,14.011797469825833,14.22875412696856,13.749641293584425,13.794840812683105
2021-01-15,13.785803039551356,13.785803039551356,13.659244537353516,13.659244537353516
2021-01-19,13.785804887016257,13.785804887016257,13.668286446821353,13.740605354309082
2021-01-20,13.78580017719319,13.78580017719319,13.713481294412707,13.77676010131836
2021-01-21,13.785802223131906,13.876201271078097,13.73156262194235,13.849081039428711
2021-01-22,13.92140036040433,13.99371925613818,13.8219620942976,13.912361145019531
2021-01-25,13.948520164591363,14.02987913532109,13.831001747105002,13.849081039428711
2021-01-26,13.92139974281293,14.02083886661751,13.84004163530355,13.975639343261719
2021-01-27,13.88524179927505,14.056999834193661,13.86716250524163,13.876202583312988
2021-01-28,13.841711377993526,13.932477044747179,13.787251804820224,13.7963285446167
2021-01-29,13.859865524464265,13.914324234652337,13.78725246820418,13.814482688903809
2021-02-01,13.83263463819705,13.896170951166827,13.750945711239872,13.7963285446167
2021-02-02,13.760019891167167,13.887091627861158,13.760019891167167,13.832632064819336
2021-02-03,13.841712043997845,13.868941399091883,13.79632920843739,13.814482688903809
2021-02-04,13.832635681607728,14.068625740483771,13.832635681607728,14.050472259521484
2021-02-05,14.068625211293384,14.36815071105957,14.05954847115366,14.36815071105957
2021-02-08,14.413533589160455,14.976278495418667,14.386304234265621,14.758441925048828
2021-02-09,14.967202371585751,15.1124267578125,14.340921989581487,15.1124267578125
2021-02-10,15.157805132033424,15.18503361287218,14.976273847458762,15.067039489746094
2021-02-11,15.430104670833192,15.430104670833192,14.767518238693965,14.912742614746094
2021-02-12,15.039813602141843,15.039813602141843,14.821977036743391,14.858283996582031
2021-02-16,15.194115065788507,15.194115065788507,14.685829734925548,14.758441925048828
2021-02-17,14.54060322075305,15.067041954691394,14.531526481918315,14.58598518371582
2021-02-18,14.885510848234276,14.885510848234276,14.250153836225277,14.340919494628906
2021-02-19,14.694906186697182,14.694906186697182,14.195696740192687,14.250155448913574
2021-02-22,14.513374010244803,14.522450749708696,13.996011979280198,14.059547424316406
2021-02-23,14.340920037142729,14.340920037142729,13.88709345916736,13.996011734008789
2021-02-24,14.068623917236406,14.068623917236406,13.932476290085997,13.996011734008789
2021-02-25,14.052513288260656,15.264565266781588,13.988721353317429,14.325908660888672
2021-02-26,14.845359048026936,15.036734838913599,14.170983612917336,14.23477554321289
2021-03-01,14.480832099914553,14.608416833821693,14.143644805767,14.48083209991455
2021-03-02,14.581072416537552,14.745109759335485,14.44437521027237,14.717769622802734
2021-03-03,14.799793754228396,14.799793754228396,14.316795795588051,14.371475219726562
2021-03-04,14.562852859497069,14.763343816805381,14.353250257038509,14.56285285949707
2021-03-05,14.681324432118245,14.72688960858215,14.535512912493642,14.626644134521484
2021-03-08,14.635755894499132,14.635755894499132,14.280342690532176,14.316795349121094
2021-03-09,14.417039607649993,14.745114396419723,14.417039607649993,14.736001014709473
2021-03-10,14.736001224927517,14.736001224927517,14.407927300577528,14.708661079406738
2021-03-11,14.73600285659014,14.73600285659014,14.444381558211122,14.45349407196045
2021-03-12,14.526399111401828,14.571965155654093,14.070740407079185,14.198325157165527
2021-03-15,14.353248088275596,14.63575597665045,14.170984794307957,14.499058723449707
2021-03-16,14.653983045754336,14.66309642791748,14.499059025380692,14.66309642791748
2021-03-17,14.736002634141803,14.736002634141803,14.544625942694505,14.672210693359375
2021-03-18,14.73600255826034,14.75422932359004,14.581078529357912,14.58107852935791
2021-03-19,14.62664370448215,14.663097235141551,14.471720544679728,14.58107852935791
2021-03-22,14.84536067584814,14.84536067584814,14.581077806273468,14.754228591918945
2021-03-23,14.790679848276325,14.790679848276325,14.39881398737635,14.69954776763916
2021-03-24,14.963831003765025,14.963831003765025,14.535511604564944,14.571964263916016
2021-03-25,14.763339207893289,14.763339207893289,14.489943007332538,14.544622421264648
2021-03-26,14.435267957453195,14.909153429265553,14.398815295706092,14.672210693359375
2021-03-29,14.754226775859792,15.036734636887209,14.736000013677453,14.845358848571777
2021-03-30,15.075889230467315,15.075889230467315,14.417234485585453,14.581897735595703
2021-03-31,14.65507926714834,14.65507926714834,14.508710705617341,14.527007102966309
2021-04-01,14.618488000426117,14.810596702989164,14.618488000426117,14.746561050415039
2021-04-05,14.746561046731415,15.094183908407263,14.645932595659685,14.655080795288086
2021-04-06,14.77400334103146,15.002703088554673,14.563599992071849,14.664228439331055
2021-04-07,14.6550772868235,14.728261121489624,14.545300662404188,14.618484497070312
2021-04-08,14.664229391797623,14.664229391797623,14.490417083835208,14.572749137878418
2021-04-09,14.572750648333963,14.67337911255923,14.499566786581287,14.563602447509766
2021-04-12,14.618487428487462,14.618487428487462,14.417232279008374,14.481267929077148
2021-04-13,14.517862075726185,14.67337886990439,14.45382641585667,14.581897735595703
2021-04-14,14.545300662404188,14.627632694508609,14.490413222614658,14.618484497070312
2021-04-15,14.737412558789336,15.313735165378352,14.508711934655171,15.295438766479492
2021-04-16,15.149074767608107,15.149074767608107,14.709971555756525,14.874635696411133
2021-04-19,14.96611284596728,15.139923407203215,14.453824999934463,14.755707740783691
2021-04-20,14.810595678613788,14.993554424051133,14.810595678613788,14.883779525756836
2021-04-21,14.929518566213122,15.19481109890584,14.792299072852297,15.130775451660156
2021-04-22,15.203960006259566,15.203960006259566,14.920371062613064,15.01185131072998
2021-04-23,15.139924442636186,15.277145703831248,15.00270492628194,15.24055290222168
2021-04-26,15.213108301014504,15.267997503428855,15.039297727891507,15.24055290222168
2021-04-27,15.16736983370916,15.277146499413847,15.13992523107276,15.25885009765625
2021-04-28,15.277142509648472,15.277142509648472,14.993553590990246,15.185662269592285
2021-04-29,15.242592811584473,15.242592811584473,15.086493903070021,15.242592811584473
2021-04-30,15.288507373684554,15.32523736203322,15.049767703564939,15.306872367858887
2021-05-03,15.334419885644126,15.490518833631482,15.086497718008516,15.435423851013184
2021-05-04,15.490515034423932,15.518060767594964,15.306868640168586,15.499695777893066
2021-05-05,15.453788069213266,15.453788069213266,15.049766973878064,15.05894947052002
2021-05-06,15.08649734985091,15.09567984672988,14.847757685144344,14.87530517578125
2021-05-07,14.875304308483072,15.086496470239267,14.856939315795898,14.856939315795898
2021-05-10,14.930395043032055,14.957942527464684,14.792661123632529,14.948760032653809
2021-05-11,14.82020984948196,14.930398058082114,14.792664110868543,14.847757339477539
2021-05-12,14.8293899536064,15.031401344884252,14.654926923570617,14.710021018981934
2021-05-13,14.72838715590317,14.829391108023023,14.462100028991701,14.4621000289917
2021-05-14,14.599834171904812,14.69165738081129,14.434553621840578,14.572287559509277
2021-05-17,14.498829158523158,14.691657194225002,14.434553438519545,14.526375770568848
2021-05-18,14.544740676879881,14.65492800010582,14.498829073279657,14.544740676879883
2021-05-19,14.535557955885501,14.682474384577882,14.52637546016948,14.645745277404785
2021-05-20,14.599834875659873,14.67329309604955,14.599834875659873,14.609017372131348
2021-05-21,14.609015923248252,14.69165663191332,14.609015923248252,14.682474136352539
2021-05-24,14.69165663191332,14.69165663191332,14.664110020921955,14.682474136352539
2021-05-25,14.691655242069762,14.70083773676187,14.66410863368433,14.673290252685547
2021-05-26,14.691657003478273,14.783480210026411,14.645745400204204,14.774297714233398
2021-05-27,14.739270670532747,14.831449076457499,14.656310281016156,14.665528297424316
2021-05-28,14.637873373725233,14.766922950744627,14.637873373725233,14.766922950744629
2021-06-01,14.730051597515391,14.730051597515391,14.601002893371714,14.610220909118652
2021-06-02,14.619440021424307,14.619440021424307,14.508826454748082,14.518044471740723
2021-06-03,14.499606478312122,14.610220909118654,14.444300141987222,14.610220909118652
2021-06-04,14.554913948981907,14.582567117629344,14.481171579869823,14.527260780334473
2021-06-07,14.591786352630562,14.6378755569458,14.490390806399802,14.6378755569458
2021-06-08,14.591785489358708,14.610221521625482,14.499607086181642,14.49960708618164
2021-06-09,14.508824321704168,14.554913520812987,14.48117115387022,14.554913520812988
2021-06-10,14.545697378655102,14.674746976965658,14.508826190434727,14.601004600524902
2021-06-11,14.61022195713221,14.720835516794853,14.564132754169833,14.665528297424316
2021-06-14,14.674744806499126,14.702397973804754,14.536478090892652,14.68396282196045
2021-06-15,14.693179260445573,14.877535165523765,14.62865491343778,14.840664863586426
2021-06-16,14.82223044232452,14.84066647437251,14.665527686230174,14.776142120361328
2021-06-17,14.785360922566909,14.914409637451174,14.785360922566909,14.914409637451172
2021-06-18,14.932842570196035,15.10797957313306,14.905188526395,15.098761558532715
2021-06-21,15.098763865748246,15.144853945792917,14.923626836048841,15.117199897766113
2021-06-22,15.117199389070475,15.301556186731966,15.043457021637222,15.283120155334473
2021-06-23,15.218592753418134,15.292335106071599,15.144850400764671,15.27389907836914
2021-06-24,15.209374739566906,15.292335106071599,15.061890034259978,15.27389907836914
2021-06-25,15.21859757379097,15.46747875213623,15.21859757379097,15.46747875213623
2021-06-28,15.467478291164952,15.568872956309882,15.329209801878173,15.541220664978027
2021-06-29,15.543067636983087,15.543067636983087,15.015713814837161,15.089728355407715
2021-06-30,14.98795916003584,14.98795916003584,14.886188507080076,14.886188507080078
2021-07-01,14.950952659487085,14.987960815429688,14.941700620501434,14.987960815429688
2021-07-02,14.950952293368118,14.960204332127205,14.775167968560368,14.802923202514648
2021-07-06,14.812177868365678,14.969459025873665,14.812177868365678,14.960206985473633
2021-07-07,14.913946596379189,14.941700949300888,14.830680008322012,14.904694557189941
2021-07-08,14.895441683817879,14.978708267211914,14.895441683817879,14.978708267211914
2021-07-09,14.950952988490133,14.987961145247118,14.895442518000696,14.904694557189941
2021-07-12,14.941700620501434,14.987960815429688,14.876938112247881,14.987960815429688
2021-07-13,14.941698961170262,15.024965538148054,14.913944611941536,14.923194885253906
2021-07-14,14.923196676811447,14.932448715880348,14.81217573727666,14.84918212890625
2021-07-15,15.034219276601227,15.034219276601227,14.719657009026813,14.738161087036133
2021-07-16,14.756665125374807,14.784420361650696,14.580880785863439,14.66414737701416
2021-07-19,14.61788558959961,14.64564082118173,14.580878320049145,14.61788558959961
2021-07-20,14.60863456439627,14.65489387512207,14.54387205877393,14.65489387512207
2021-07-21,14.63639158449467,14.654895663972876,14.562377031227983,14.599384307861328
2021-07-22,14.571627052285194,14.599382285334359,14.469857276222957,14.506864547729492
2021-07-23,14.460606245976065,14.571628068236246,14.460606245976065,14.543872833251953
2021-07-26,14.534620467194573,14.6271390914917,14.516116389405951,14.6271390914917
2021-07-27,14.590131818237447,14.6271390914917,14.562375701554513,14.6271390914917
2021-07-28,14.608635130153365,14.728908989769174,14.599383091185302,14.701153755187988
2021-07-29,14.730875583246458,14.805180056657148,14.712299907783384,14.758740425109863
2021-07-30,14.814469793784633,14.851622034142654,14.758741876137242,14.786605834960938
2021-08-02,14.78660392106223,14.8423318314965,14.77731564073013,14.805179595947266
2021-08-03,14.842333969647083,14.916638451449677,14.823758292086081,14.898063659667969
2021-08-04,14.870196280633655,14.870196280633655,14.833044046063455,14.851619720458984
2021-08-05,14.860908847436322,14.87948540866963,14.76802781282817,14.777316093444824
2021-08-06,14.777315257356383,14.833044052124023,14.768026977265253,14.833044052124023
2021-08-09,14.83304657375623,14.907350169779528,14.814470010415935,14.898063659667969
2021-08-10,14.935212197488111,14.972365317160326,14.860907729701932,14.953788757324219
2021-08-11,14.944501416717555,15.00022932817031,14.925924855713848,14.990941047668457
2021-08-12,14.990941122545934,14.990941122545934,14.907348369170085,14.972366333007812
2021-08-13,14.972366869623038,15.102399258842157,14.972366869623038,15.07453441619873
2021-08-16,15.065244343111173,15.148837089538574,15.000228156236133,15.148837089538574
2021-08-17,15.13955028418788,15.13955028418788,15.018806178454836,15.120975494384766
2021-08-18,15.120973250744894,15.278870455772287,15.111684971442326,15.241717338562012
2021-08-19,15.325314034212614,15.325314034212614,15.176705070150998,15.278874397277832
2021-08-20,15.232430124911723,15.325311152877175,15.232430124911723,15.316022872924805
2021-08-23,15.32531366854583,15.62253158957735,15.232432625333843,15.399618148803711
2021-08-24,15.529647179263922,15.659681320190428,15.39961480989558,15.65968132019043
2021-08-25,15.613242269933778,15.789716063146482,15.594667479773308,15.650395393371582
2021-08-26,15.882597356455697,15.95690183297181,15.687546998376863,15.854732513427734
2021-08-27,15.882594515128087,16.226251993201846,15.836153118389642,16.161235809326172
2021-08-30,16.032604191307236,16.05124540229457,15.641110314280867,15.762286186218262
2021-08-31,15.697036070310691,15.762284747544085,15.6411088866668,15.687714576721191
2021-09-01,15.715681078907469,15.799572754110368,15.408078862461284,15.566540718078613
2021-09-02,15.547893984478987,15.659748339218785,15.473323822021486,15.473323822021484
2021-09-03,15.482650607791095,15.594505000771797,15.035227702187727,15.100478172302246
2021-09-07,15.100476243857594,15.333508273683217,15.100476243857594,15.128438949584961
2021-09-08,15.165724273723367,15.277578647595696,15.053868121957821,15.091154098510742
2021-09-09,15.147083009469098,15.268258891271746,14.997942642068876,15.007264137268066
2021-09-10,15.035228907432199,15.147085087272965,14.914053009007226,15.119120597839355
2021-09-13,15.035226562190982,15.147082724584077,14.942015167739019,15.016585350036621
2021-09-14,14.979301349333872,15.072514533996584,14.923374149693693,15.072514533996582
2021-09-15,15.072512335367444,15.389436050254792,15.072512335367444,15.380114555358887
2021-09-16,15.342829647176517,15.510613011232534,15.212332265307829,15.258939743041992
2021-09-17,15.314867664665664,15.380116358694123,15.258940466626067,15.352151870727539
2021-09-20,15.333508858772719,15.464006231528677,15.240295687707023,15.380114555358887
2021-09-21,15.38011388144514,15.38011388144514,15.15640334742586,15.221652030944824
2021-09-22,15.370794009874588,15.650433540344238,15.21233214264316,15.650433540344238
2021-09-23,15.650429524645299,15.780926871977778,15.464003218833456,15.743640899658203
2021-09-24,15.79957541917427,15.79957541917427,15.603827551384411,15.780932426452637
2021-09-27,15.697036541503405,15.790249702303369,15.566539183119357,15.613144874572754
2021-09-28,15.575863257892964,15.641113733238047,15.100479382777282,15.119120597839355
2021-09-29,15.205204997014844,15.205204997014844,14.952564239501953,14.952564239501953
2021-09-30,14.943207164991577,15.018062591552734,14.877707216669286,15.018062591552734
2021-10-01,14.952565048112204,15.064850430206421,14.877708721621259,15.046135902404785
2021-10-04,15.00870781987071,15.130348674572007,14.830923384800657,14.952564239501953
2021-10-05,14.980635018017484,15.130347652792798,14.784136961785459,14.79349422454834
2021-10-06,14.756067663826165,15.027421174473709,14.72799587249756,14.727995872497559
2021-10-07,14.737350847869026,14.961919789480241,14.559567325516225,14.606351852416992
2021-10-08,14.625065428026664,14.774778046052456,14.568922750088195,14.756064414978027
2021-10-11,14.756065947463131,14.765422317793252,14.615709684219116,14.634424209594727
2021-10-12,14.681210798294973,14.709282590297247,14.531498143714085,14.540855407714844
2021-10-13,14.522141150046538,14.643782007414929,14.456641197204592,14.45664119720459
2021-10-14,14.494068073426261,14.64378070831299,14.494068073426261,14.643780708312988
2021-10-15,14.643780719365203,14.643780719365203,14.372426345338782,14.437926292419434
2021-10-18,14.465996675121827,14.61570930480957,14.447282150232029,14.61570930480957
2021-10-19,14.671851923254078,14.671851923254078,14.53149566426455,14.55956745147705
2021-10-20,14.522139549255371,14.625066760435836,14.522139549255371,14.522139549255371
2021-10-21,14.540852481931239,14.540852481931239,14.288212651249427,14.334997177124023
2021-10-22,14.391141263543707,14.391141263543707,14.194643201655852,14.306927680969238
2021-10-25,14.175929000258447,14.316285271883007,14.138500839630112,14.2227144241333
2021-10-26,14.185284804671364,14.222712961450537,14.044929439838874,14.194642066955566
2021-10-27,14.14785626842834,14.21335531794571,14.110428112653038,14.17592716217041
2021-10-28,14.121434344343438,14.252971649169922,14.121434344343438,14.252971649169922
2021-10-29,14.234181493368721,14.356323095329385,14.224786674775334,14.29995059967041
2021-11-01,14.243575024007798,14.38450803359519,14.243575024007798,14.31873893737793
2021-11-02,14.337531527508064,14.412695446979239,14.29055385383243,14.375113487243652
2021-11-03,14.346925735473631,14.422089647054968,14.290552353775377,14.346925735473633
2021-11-04,14.346928078355328,14.497255926066837,14.318740934890931,14.384510040283203
2021-11-05,14.422092155704918,14.600606252756092,14.422092155704918,14.581815719604492
2021-11-08,14.656978244645959,14.750932693481445,14.619396285906848,14.750932693481445
2021-11-09,14.788515412922056,14.835493087768556,14.666373816731005,14.835493087768555
2021-11-10,14.835492675216868,14.873074634844048,14.384509159690703,14.516045570373535
2021-11-11,14.591209734119978,14.656978836588026,14.506650099535781,14.638187408447266
2021-11-12,14.788514251339057,14.807305678211508,14.581813931889396,14.779118537902832
2021-11-15,14.769726320109077,14.873076498024561,14.619398462768478,14.732144355773926
2021-11-16,14.87307320898504,15.042192459106444,14.844886965972977,15.042192459106445
2021-11-17,15.042192670241546,15.380431175231934,15.042192670241546,15.380431175231934
2021-11-18,15.418015392794763,15.605926110055218,15.267687535806163,15.493179321289062
2021-11-19,15.568341841082272,15.568341841082272,15.258290440092102,15.31466293334961
2021-11-22,15.399222294856239,15.474386215209961,15.2770815962999,15.474386215209961
2021-11-23,15.596526395169263,15.634107453753831,15.277079332980152,15.436802864074707
2021-11-24,15.455596854567256,15.483782205171385,15.230103297438724,15.31466293334961
2021-11-26,15.361640739090618,15.464990006238772,15.267685393642983,15.446200370788574
2021-11-29,15.561259020291843,15.721587215484538,15.165154173276544,15.325482368469238
2021-11-30,15.39149825996599,15.39149825996599,14.967100501950961,15.287755966186523
2021-12-01,15.382068784001058,15.382068784001058,14.523841886106137,14.589859962463379
2021-12-02,14.637016735125057,14.655878401839999,14.3823774888484,14.429533004760742
2021-12-03,14.42952999963634,14.438961280737962,14.29749476246305,14.344650268554688
2021-12-06,14.363515227794947,14.486119212004459,14.259773810117672,14.269205093383789
2021-12-07,14.467255616698015,14.476686898707134,14.288064856190951,14.401238441467285
2021-12-08,14.42953123425111,14.514410972595217,14.382375724124769,14.514410972595215
2021-12-09,14.486117656509105,14.618152909807009,14.486117656509105,14.589859962463379
2021-12-10,14.712463478814012,14.712463478814012,14.48611720881055,14.599289894104004
2021-12-13,14.608722023812302,14.712464332580565,14.552136127590162,14.712464332580566
2021-12-14,14.429531996796948,14.693601608276367,14.429531996796948,14.693601608276367
2021-12-15,14.665308660472007,14.693601608276367,14.570997635235345,14.693601608276367
2021-12-16,14.693600110501393,14.901083805222482,14.674738447026659,14.816204071044922
2021-12-17,14.872791118791481,15.051980972290039,14.712462929095473,15.051980972290039
2021-12-20,15.004824745174064,15.26889522109727,15.004824745174064,15.221738815307617
2021-12-21,15.202879823271221,15.221740588951796,15.099137517278834,15.136860847473145
2021-12-22,15.146290846642401,15.278326988220215,15.146290846642401,15.278326988220215
2021-12-23,15.278326138938393,15.316049463840109,15.051979893612922,15.099135398864746
2021-12-27,15.250034921128801,15.250034921128801,14.910516843823965,14.929378509521484
2021-12-28,15.06141515098997,15.221742472108708,14.882224363607222,14.985966682434082
2021-12-29,14.929377008863582,14.976532517492359,14.712462928354332,14.721893310546875
2021-12-30,14.856348961644054,14.865817852271087,14.553351685603841,14.57228946685791
2021-12-31,14.600695248540521,14.723788117790585,14.506008148193361,14.50600814819336
2022-01-03,14.55335177641595,14.676444646326155,14.477602456933225,14.581757545471191
2022-01-04,14.581757009130568,14.629100557816678,14.345040168703104,14.40185260772705
2022-01-05,14.439729035466481,14.458666818462724,14.193543274534482,14.25035572052002
2022-01-06,14.250354923275882,14.326104245016628,14.18407358950037,14.19354248046875
2022-01-07,14.240883771947587,14.307164192199707,14.174603351695465,14.307164192199707
2022-01-10,14.240886969624398,14.411323406260557,14.221950089444382,14.259824752807617
2022-01-11,14.307166086183441,14.382915405928708,14.221948778722355,14.37344741821289
2022-01-12,14.458666872468942,14.55335307879425,14.373448654673927,14.534416198730469
2022-01-13,14.55335198015874,14.90369281342179,14.515477319887143,14.733257293701172
2022-01-14,14.704850415381397,14.75219396580888,14.506008225988467,14.581757545471191
2022-01-18,14.506007170192907,14.704849345113441,14.363977432250975,14.363977432250977
2022-01-19,14.43972896283365,14.477603625632431,14.117793877542423,14.174606323242188
2022-01-20,14.136730194091799,14.392383915714737,14.136730194091799,14.136730194091797
2022-01-21,14.108322143554688,14.117791033097394,13.663295171083615,14.108322143554688
2022-01-24,14.098854622865764,14.098854622865764,13.739044935381276,13.862137794494629
2022-01-25,13.76745166990218,14.212479591369629,13.739045901341353,14.212479591369629
2022-01-26,14.231417577324539,14.231417577324539,13.918951389820641,14.013638496398926
2022-01-27,14.02310546214307,14.03257344909831,13.739045084415753,13.805325508117676
2022-01-28,13.778700830721535,13.873792298008913,13.455390930175781,13.455390930175781
2022-01-31,13.426863200282607,13.588518142700195,13.426863200282607,13.588518142700195
2022-02-01,13.588518497315205,13.702627711377362,13.588518497315205,13.683609962463379
2022-02-02,13.70262742308458,13.78820955854547,13.645573270683588,13.69311809539795
2022-02-03,13.617046416806893,13.816737780488424,13.502937195683087,13.579010009765625
2022-02-04,13.51244634204454,13.579009826754783,13.37931846576459,13.407846450805664
2022-02-07,13.407846221858629,13.445882627737769,13.369809815979488,13.379318237304688
2022-02-08,13.36030077598035,13.445882917769309,13.31275504089099,13.369810104370117
2022-02-09,13.426864321683665,13.47441005698795,13.33177375793457,13.33177375793457
2022-02-10,13.284227668323357,13.341281823679214,13.056008326321583,13.094045639038086
2022-02-11,13.151100037193096,13.151100037193096,12.979935754246545,13.0845365524292
2022-02-14,13.046500095600793,13.06551784537743,12.732699515980858,12.799263000488281
2022-02-15,12.894353750865154,13.008462963739786,12.808771614494328,12.970426559448242
2022-02-16,12.932390097639042,13.03698998226072,12.88484436577122,13.008462905883789
2022-02-17,13.056008567365131,13.208155100461767,12.960918004396632,13.0845365524292
2022-02-18,13.369810965439223,13.369810965439223,13.122573852539062,13.122573852539062
2022-02-22,13.151097940304611,13.151097940304611,12.989443011487964,13.017970085144043
2022-02-23,13.07502723629253,13.122572971250943,12.894354531681927,12.903862953186035
2022-02-24,12.856318649546427,13.036991361527376,12.856318649546427,13.027482032775879
2022-02-25,13.086706226888792,13.19178255480785,12.981630809951909,13.182229995727539
2022-02-28,13.201334066014097,13.354171365785499,13.201334066014097,13.296857833862305
2022-03-01,13.468799389213567,13.564322239963458,13.36372306911195,13.487903594970703
2022-03-02,13.564320764042193,13.80312923140555,13.392379287008342,13.54521656036377
2022-03-03,13.6120830370402,13.6120830370402,13.459245759223542,13.602530479431152
2022-03-04,13.421038562631823,13.803131817610778,13.325514793395996,13.325514793395996
2022-03-07,13.325514671420471,13.33506723045305,13.077153602466444,13.086706161499023
2022-03-08,13.182229538486556,13.27775239302981,12.972077800919974,13.02939224243164
2022-03-09,13.096256933548217,13.115361138024436,12.924314538352007,12.972076416015625
2022-03-10,12.914763775503541,13.029391743152246,12.819240013638566,12.828792572021484
2022-03-11,12.895658221097088,12.905210779155821,12.761925141221052,12.771477699279785
2022-03-14,12.89566045941576,12.99118423461914,12.771479916044258,12.99118423461914
2022-03-15,13.077152203240429,13.430589561771477,12.886105597941262,13.287303924560547
2022-03-16,13.296857613408491,13.296857613408491,12.819240604050377,12.867002487182617
2022-03-17,12.618641225131777,12.962525138505178,12.618641225131777,12.886106491088867
2022-03-18,12.991182884041073,13.067601531866316,12.914764236215833,12.981630325317383
2022-03-21,12.943419493871295,13.144018648794098,12.895657616797859,13.038942337036133
2022-03-22,13.22044014141688,13.22044014141688,12.886107840717564,12.895660400390625
2022-03-23,12.962524942417566,13.134467351994315,12.733269003636646,12.857449531555176
2022-03-24,12.84789666787039,12.84789666787039,12.618640734534642,12.685506820678711
2022-03-25,12.685506883408049,12.685506883408049,12.41804162652707,12.427594184875488
2022-03-28,12.427595171113753,12.504013822001378,12.418042612007255,12.475357055664062
2022-03-29,12.418042275660577,12.733269429779543,12.418042275660577,12.609088897705078
2022-03-30,12.678189757516645,12.783761030536219,12.515033571307482,12.57261848449707
2022-03-31,12.582214685426175,12.745370864868164,12.5342283275865,12.745370864868164
2022-04-01,12.716579394549322,12.735774670706233,12.524631209385937,12.57261848449707
2022-04-04,12.582216262817383,12.67819082109096,12.524632260078214,12.582216262817383
2022-04-05,12.524631117700974,12.563020754452623,12.428656568181278,12.49583911895752
2022-04-06,12.45744828673224,12.601410107773797,12.39986429054051,12.476643562316895
2022-04-07,12.447851516783786,12.495838790281432,12.332682609558105,12.332682609558105
2022-04-08,12.332684013172736,12.447852933506091,12.188722176295132,12.22711181640625
2022-04-11,12.2271102430996,12.39986405901138,12.044759704855801,12.11194133758545
2022-04-12,12.207916817772034,12.207916817772034,11.881604436192791,11.900798797607422
2022-04-13,11.939188435717853,12.015968627219882,11.881604436192791,11.900798797607422
2022-04-14,11.929591085539236,11.929591085539236,11.804824539418744,11.852811813354492
2022-04-18,11.843215054532282,11.872007054918265,11.708850860595703,11.708850860595703
2022-04-19,11.689655743861778,11.689655743861778,11.574486834474117,11.584083557128906
2022-04-20,11.584083215218845,11.785629029518809,11.564888855194665,11.766434669494629
2022-04-21,11.862409856493487,11.862409856493487,11.670461654663086,11.670461654663086
2022-04-22,11.670462007773802,11.776034208435716,11.5456954439887,11.555293083190918
2022-04-25,11.372941109124653,11.564889293039096,11.334551472341765,11.44972038269043
2022-04-26,11.468914647741245,11.593681195064828,11.459317009805325,11.584083557128906
2022-04-27,11.708849425424592,11.862407962369533,11.574486163238308,11.603278160095215
2022-04-28,11.60327860431841,11.70928829425607,11.429807367073035,11.699651718139648
2022-04-29,11.622552758684913,11.699650876563249,11.506904662785347,11.53581714630127
2022-05-02,11.59364199070436,11.612916982567134,11.333436034132273,11.362347602844238
2022-05-03,11.420172731884682,11.4587218001484,11.082867695265428,11.140691757202148
2022-05-04,11.410533520791368,11.410533520791368,11.150326659791624,11.343072891235352
2022-05-05,11.237062349691008,11.30452297966466,11.092503594295428,11.1503267288208
2022-05-06,11.179239654241997,11.256337782692036,11.121415598363372,11.246700286865234
2022-05-09,11.179239665718528,11.304523435266818,10.967219352722168,10.967219352722168
2022-05-10,11.063591531440606,11.073229027257787,10.755199017948298,10.938307762145996
2022-05-11,10.919030749463868,10.947942312481866,10.822657647294516,10.851570129394531
2022-05-12,10.803385712711929,10.938307898588908,10.74556165616974,10.774474143981934
2022-05-13,10.77447378414412,10.813022847524083,10.73592472076416,10.73592472076416
2022-05-16,10.735924020758409,10.735924020758409,10.629913414064013,10.687737464904785
2022-05-17,10.658826235463136,10.716649369046943,10.639551244880442,10.697375297546387
2022-05-18,10.639551757115441,10.639551757115441,10.59136519742093,10.60100269317627
2022-05-19,10.629913749589095,10.697375297546385,10.57209061600529,10.697375297546387
2022-05-20,10.697374482413563,10.813021659851074,10.697374482413563,10.813021659851074
2022-05-23,10.803385599827095,10.996130921150066,10.803385599827095,10.967219352722168
2022-05-24,10.96721919774941,11.111777956928396,10.880483574609146,11.102141380310059
2022-05-25,11.10214248663117,11.333436891998753,11.082867493309404,11.275612831115723
2022-05-26,11.314161141273603,11.535818954224142,11.314161141273603,11.44908332824707
2022-05-27,12.029762145860511,12.029762145860511,11.555539134932802,11.66199779510498
2022-05-31,11.710388011277187,11.710388011277187,11.52650537441612,11.66199779510498
2022-06-01,11.681353254498095,11.681353254498095,11.555539062426432,11.584573745727539
2022-06-02,11.555539642645108,11.632964545702398,11.526505880852778,11.59425163269043
2022-06-03,11.56521841581952,11.574896644528526,11.41037044834222,11.526506423950195
2022-06-06,11.555539878638713,11.555539878638713,11.420048372196327,11.429726600646973
2022-06-07,11.39101511705332,11.497472865851,11.332946666730317,11.468439102172852
2022-06-08,11.468440342931485,11.468440342931485,11.37165988957814,11.381338119506836
2022-06-09,11.35230259347666,11.400692816588766,11.245844841003418,11.245844841003418
2022-06-10,11.216811358451517,11.236166894403153,11.129709139252252,11.158742904663086
2022-06-13,11.032927717042977,11.071639708497045,10.907114437042265,10.974860191345215
2022-06-14,11.0038936119498,11.042605602199846,10.926469631449713,10.984538078308105
2022-06-15,10.984538874747443,11.052284631855295,10.790977986496346,10.829689979553223
2022-06-16,10.829690241522545,10.829690241522545,10.490960524822718,10.558706283569336
2022-06-17,10.578062296722461,10.858724472100059,10.568384067889891,10.597417831420898
2022-06-21,10.684521864225337,10.684521864225337,10.365147642104576,10.442571640014648
2022-06-22,10.365145510764615,10.481281483749186,10.33611174826014,10.423213958740234
2022-06-23,10.481281688111899,10.597417663360874,10.452247925041327,10.549027442932129
2022-06-24,10.54902777599653,10.645808219909666,10.500638477006676,10.645808219909668
2022-06-27,10.607095650744384,10.62645118469556,10.510315212088504,10.529671669006348
2022-06-28,10.529672343246672,10.655486552368837,10.45224835655099,10.616774559020996
2022-06-29,10.645940648160293,10.811220169067383,10.568162159167866,10.811220169067383
2022-06-30,10.811220328560575,10.957055692967366,10.772331083490645,10.879276275634766
2022-07-01,10.927888870239258,11.05427915784221,10.869555461925778,10.927888870239258
2022-07-05,10.898721720852834,11.073723793029785,10.888999177466832,11.073723793029785
2022-07-06,11.122334011913036,11.15150164038308,10.98622212115703,11.034833908081055
2022-07-07,11.054277252495561,11.083443951625046,11.00566546915132,11.044554710388184
2022-07-08,11.034835166720786,11.064001871324885,11.005667534923866,11.054279327392578
2022-07-11,11.083444782915157,11.209835058212755,11.083444782915157,11.151501655578613
2022-07-12,11.132057978026385,11.277893357444245,11.11261381708637,11.122335433959961
2022-07-13,11.064000315089254,11.200113129417785,11.034833614587672,11.190390586853027
2022-07-14,11.064000769983178,11.151501802278197,11.064000769983178,11.102890014648438
2022-07-15,11.248724133946032,11.248724133946032,11.122333860540799,11.141778945922852
2022-07-18,11.219557411167512,11.219557411167512,11.064000437185516,11.083444595336914
2022-07-19,11.20011375791175,11.20011375791175,11.073723479055591,11.1126127243042
2022-07-20,11.141779112742016,11.209835058212755,11.093167325751752,11.151501655578613
2022-07-21,11.151501466848565,11.200113253016113,11.083444595336914,11.083444595336914
2022-07-22,11.122334363262045,11.345948219299316,11.122334363262045,11.345948219299316
2022-07-25,11.316783251255405,11.316783251255405,11.161225318908691,11.161225318908691
2022-07-26,11.151501177131571,11.277891447006487,11.141778634712114,11.180667877197266
2022-07-27,11.161225318908691,11.277893999966947,11.141781156860908,11.161225318908691
2022-07-28,11.200283745347676,11.385815494453835,11.200283745347676,11.366286277770996
2022-07-29,11.385815217374432,11.551817745758,11.327226637502989,11.463933944702148
2022-08-01,11.502993329322779,11.668995858008778,11.502993329322779,11.600642204284668
2022-08-02,11.620172244945525,11.668996685890423,11.590877952878088,11.649467468261719
2022-08-03,11.649466917238557,11.727585646555855,11.532288823262613,11.639701843261719
2022-08-04,11.727585646555855,11.727585646555855,11.59087740462623,11.639701843261719
2022-08-05,11.629936473085714,11.63970154681385,11.415109507310154,11.463933944702148
2022-08-08,11.590878215045882,11.590878215045882,11.50299440560702,11.55181884765625
2022-08-09,11.55181885486446,11.581113147612768,11.473700120036455,11.483465194702148
2022-08-10,11.571349259404204,11.668997214468469,11.502994666485543,11.659232139587402
2022-08-11,11.708056052396591,11.76664556778022,11.61040810175555,11.649467468261719
2022-08-12,11.727586052587807,11.727586052587807,11.590877805925075,11.629937171936035
2022-08-15,11.629937851116717,11.79594039916992,11.620172776231517,11.795940399169922
2022-08-16,11.795939151280022,11.805704225132176,11.561582966320506,11.620171546936035
2022-08-17,11.610408371609852,11.678762031772163,11.424875677956758,11.483465194702148
2022-08-18,11.502994666485543,11.668997214468469,11.493230522853274,11.659232139587402
2022-08-19,11.63970154681385,11.63970154681385,11.395580291102569,11.463933944702148
2022-08-22,11.454170227050783,11.76664610460483,11.356522271954791,11.454170227050781
2022-08-23,11.454170508785198,11.56158447265625,11.444406364909591,11.56158447265625
2022-08-24,11.590877129773888,11.834998385913815,11.551817766041447,11.66899585723877
2022-08-25,11.688526834767885,11.69829097795786,11.561583660810651,11.649467468261719
2022-08-26,11.60064301604487,11.698290966591031,11.5127592086792,11.5127592086792
2022-08-29,11.4346408941918,11.463935187302793,11.151460244122097,11.161225318908691
2022-08-30,11.249494864454299,11.308340868663127,11.014108041597868,11.053339958190918
2022-08-31,11.023916637533931,11.131802543520285,10.955262650335653,11.014108657836914
2022-09-01,10.994493732514291,10.994493732514291,10.788530833729475,10.84737777709961
2022-09-02,10.896415146189321,10.935646127616073,10.768914222717285,10.768914222717285
2022-09-06,10.808145674212339,11.102377554576611,10.70025977842779,10.827760696411133
2022-09-07,10.847377773130535,11.033724712276978,10.847377773130535,10.965070724487305
2022-09-08,11.033723501355439,11.033723501355439,10.876799583435059,10.876799583435059
2022-09-09,10.925839105283314,10.925839105283314,10.80814616077126,10.886608123779297
2022-09-12,10.9356460532208,11.05333993204076,10.817953109741211,10.817953109741211
2022-09-13,10.729682378756399,10.788529313836147,10.719875335693358,10.71987533569336
2022-09-14,10.710067034321812,10.749298011411845,10.621797102034172,10.680644035339355
2022-09-15,10.710066844449313,10.710066844449313,10.50410398454297,10.5433349609375
2022-09-16,10.484490078302127,10.533529042217044,10.445259094238281,10.445259094238281
2022-09-19,10.435450776172242,10.44525781948601,10.396219796896194,10.406026840209961
2022-09-20,10.376604080200197,10.396220037963237,10.347181078895982,10.376604080200195
2022-09-21,10.435450776172242,10.435450776172242,10.376603839588007,10.406026840209961
2022-09-22,10.376604960827118,10.386412940541009,10.307950973510742,10.307950973510742
2022-09-23,10.298142112972112,10.337373093131726,10.180449172493272,10.2589111328125
2022-09-26,10.258910954249515,10.33737291320306,10.101987036342424,10.121602058410645
2022-09-27,10.131410596293279,10.131410596293279,10.003909672121583,10.013717651367188
2022-09-28,10.03333197050927,10.18044884284942,10.03333197050927,10.1019868850708
2022-09-29,10.042853604026908,10.042853604026908,9.89502001505803,9.954154014587402
2022-09-30,9.954153849112117,9.973864555358885,9.904875673640667,9.973864555358887
2022-10-03,9.973864555358885,10.141409788020004,9.964008732283991,9.973864555358887
2022-10-04,10.032998007112438,10.279387931138556,9.904875133830501,10.1019868850708
2022-10-05,10.013287309928115,10.052709663908027,9.954154248909777,9.983720779418945
2022-10-06,9.98372054456953,10.082275957249438,9.98372054456953,10.072421073913574
2022-10-07,10.052707834799685,10.08227435992917,10.003429666315283,10.032997131347656
2022-10-10,10.032998472315983,10.052709178402461,9.993576120240013,10.042853355407715
2022-10-11,10.072420357360498,10.14140923531886,10.003430539499167,10.1019868850708
2022-10-12,10.121698999462668,10.121698999462668,10.01328682632649,10.042853355407715
2022-10-13,9.904875838296764,10.01328707421374,9.835886015528656,9.954154014587402
2022-10-14,10.032997505092007,10.032997505092007,9.904874638220944,9.924585342407227
2022-10-17,10.101986546265207,10.101986546265207,9.904874801635742,9.904874801635742
2022-10-18,10.062565404496773,10.062565404496773,9.8950201664864,9.934442520141602
2022-10-19,9.904875116597928,9.924585821736182,9.845741121377236,9.865452766418457
2022-10-20,9.875307963384811,9.954152658749317,9.835884675799651,9.944296836853027
2022-10-21,9.944297625845286,9.964008331298828,9.855597101546886,9.964008331298828
2022-10-24,9.954153201503798,9.954153201503798,9.697907457645794,9.816174507141113
2022-10-25,9.835885849887198,9.895019848420723,9.727474615795927,9.855597496032715
2022-10-26,9.835884794369715,9.904874608572499,9.628918171470119,9.688051223754883
2022-10-27,9.668341552818985,9.697908082120946,9.559929378873429,9.619063377380371
2022-10-28,9.61906224435146,9.668594164538751,9.510092775733657,9.658687591552734
2022-10-31,9.60915640980969,9.638875186308773,9.519999135569568,9.549718856811523
2022-11-01,9.658688154756748,9.658688154756748,9.55962430860569,9.638875007629395
2022-11-02,9.638875007629395,9.708220077832276,9.569530882169367,9.638875007629395
2022-11-03,9.569530502595203,9.628968996876788,9.53981172782582,9.619062423706055
2022-11-04,9.658688154756748,9.747845427344128,9.609156231681219,9.638875007629395
2022-11-07,9.668595130711566,9.757752407009527,9.64878198275962,9.708220481872559
2022-11-08,9.747845238740396,9.747845238740396,9.60915604576088,9.628969192504883
2022-11-09,9.599249653474233,9.678501297202457,9.589344024658203,9.589344024658203
2022-11-10,9.728032732580393,9.955879211425781,9.728032732580393,9.955879211425781
2022-11-11,10.094566944917913,10.173818588256836,10.015316246321836,10.173818588256836
2022-11-14,10.134192833858632,10.144099407896375,9.95587922489374,10.05494213104248
2022-11-15,10.054941402425015,10.371945135461283,10.054941402425015,10.163911819458008
2022-11-16,10.183724622010912,10.292695045471191,10.183724622010912,10.292695045471191
2022-11-17,10.262975129239518,10.381851179607983,10.243162926549541,10.282788276672363
2022-11-18,10.332320217113102,10.38185119628906,10.312507069648422,10.381851196289062
2022-11-21,10.401664757228538,10.550259590148926,10.332320627831411,10.550259590148926
2022-11-22,10.530446690823405,10.80782413482666,10.530446690823405,10.80782413482666
2022-11-23,10.827637675721359,10.916794950723434,10.71866725305532,10.877168655395508
2022-11-25,10.84745006154785,10.896981986800066,10.788012507039507,10.837543487548828
2022-11-28,10.887075412801044,10.887075412801044,10.768199359041464,10.837543487548828
2022-11-29,10.897254026439754,11.18585706817646,10.728072834827149,10.937061309814453
2022-11-30,10.877351001496027,11.22566449830816,10.877351001496027,11.096290588378906
